品番,WY067163,WJ430631,XH393240,IJ283088,ZR856254,WR597467,GF348474,WY545759,FT814555,JU393889,BF051547,DB316954,JD858061,AA780156,BJ860189,CL128693,XL393676,SJ372019,DP586030,AA598017,IH413600,JX893057,RJ664372,YP599008,AU877814,TP712509,SV756975,NO407338,XH609836,UO208012,FE927797,EJ557771,RI373110,VC424315,JW793198,IL590822,KC161872,YF907288,IQ381974,ID704706,YK951326,CF622663,WE759046,DC741383,EF295835,GN704275,KY124041,RE294338,KG679473,QB453383,HM872504,YV652720,PI543452,FE471123,RE488091,OA636972,JT714574,OO519485,NK811267,IJ989560,WX675432,KX221298,HC286421,SY199938,YH305068,DH738529,ZV661019,QJ307468,MJ657458,QD365978,BK257344,AC873059,ZW286556,DS480586,CJ891267,WM625563,YU036236,IK865747,OJ973177,WP630067,AV875914,NY061123,PQ145431,SJ510819,EN213213,SF197707,WW135442,PA751345,II067440,VP052641,HM132375,LI971013,TZ848437,ZR069649,FM460543,CF470157,VP273159,ED654757,KI810400,CK003570,JC160232,FG684647,IM106625,XP575260,DK585616,ZN135607,PX024382,VK309827,LT464099,SW138007,KO231913,YI881281,RF082219,VD549560,QN407818,VO771577,AW127455,IL262189,GP748023,KO314747,BY520328,HV465250,FA291539,RP321877,HQ186018,QW882237,CH935697,PD738544,BH065906,CA685113,JS348244,SK407981,NG753012,BT445911,TR068731,BC730662,OL796059,RY746259,LJ516052,GN888179,OA139405,KV557128,LM472910,BB504881,KA902626,NF161308,OL195800,KD199606,UY719006,GY305906
WY067163,0.0,3.8590611071024005e-07,7.571451581355299e-06,7.3935101286922605e-06,3.29119602450067e-06,0.0010012214322272731,4.3902627004312566e-05,1.568229654912694e-05,1.2348162900147938e-05,2.4992862755886737e-06,1.7091813081624862e-05,2.3385940008902068e-05,4.017445142374434e-07,6.492024518640503e-05,8.495676735369708e-05,2.2906863291393686e-07,1.0264010072792693e-06,1.0224185964252987e-06,7.249550684517801e-06,5.5380896628969715e-05,3.897293669620728e-06,6.928072827271868e-05,1.0443564292643277e-05,4.740924830219392e-05,0.0006349991493882881,3.829816748806533e-06,1.0063053563348732e-05,1.4081652645400137e-06,6.01353914697938e-07,3.1278955837218736e-07,2.595937282654248e-06,1.2400786844166781e-06,0.00020647199354680495,9.669362222180823e-07,2.215258505401077e-05,2.5365953584033786e-06,1.4198167445386551e-08,0.00016962147713147412,1.0453710513594106e-06,1.342753844169331e-07,5.425271628548194e-06,4.38891943264507e-06,1.779756342785971e-05,1.3089813196896822e-05,7.106273755013843e-08,2.2746449497505255e-06,2.3642127862175135e-07,0.00011520888311246499,2.1748202111175183e-06,7.590961741544615e-07,1.4576760922148435e-05,6.491642198285769e-07,3.9246997691294445e-05,1.3027636490930106e-06,6.206365989403752e-07,2.5224157140773987e-07,1.0487574955300737e-06,6.6089398000212714e-06,9.25592166432679e-07,4.019855781345147e-05,0.00024519345498031183,5.1620616990626035e-06,9.406865153918618e-05,1.2033862031739132e-05,2.0558483486656712e-06,8.496332784784988e-06,1.8951526035492204e-06,2.6627698481210437e-08,0.0002328224466787561,3.4396165105566095e-06,2.667898151770205e-07,9.59113936478081e-06,0.0003481130249817732,5.067756953674059e-06,1.2537247755269978e-06,3.464062637592942e-05,0.00025244727851402195,4.6040861491110017e-07,3.1246900617500226e-05,6.011669168388176e-05,1.6950678761036347e-06,4.218602508493192e-07,0.0003474096176587141,2.0342372200275947e-05,1.608270181221893e-05,1.6336775993284106e-06,2.8058447747470677e-06,2.8304543998880748e-06,6.151302342957767e-06,1.1568722242508542e-05,1.7189433801640391e-06,5.979613514903383e-07,1.681308675433501e-05,9.408883164793413e-07,2.10935779271125e-05,3.8178908498412946e-05,6.135361386950096e-07,1.9934321616540198e-07,7.959587937451448e-06,1.2896423090076764e-05,1.5445938852145135e-07,1.4871622754732447e-06,3.8011940105660556e-07,5.5457633599100845e-06,4.570527761474471e-05,7.41118664758766e-07,4.9727986094585036e-05,3.3651088397387306e-06,2.0808326686173681e-07,4.952145700871288e-07,1.2340558987244671e-06,5.591864246273186e-06,1.7448434185256252e-07,1.619696065513872e-05,1.1405261288208684e-06,2.3488838927744293e-05,6.152302846228737e-07,1.4324608104018117e-06,1.205730234570537e-06,0.0010315717569657035,5.71256478078568e-06,3.2738625567639855e-05,6.683455538419602e-07,2.3451353874784771e-07,7.5938619416641706e-06,6.73467744336002e-07,9.43356338261489e-06,0.0001222867883931638,3.46221875717367e-08,1.9281585463162265e-07,4.323932599863612e-06,3.672271186082996e-06,2.340673076674634e-06,4.064202024516019e-05,2.653290989676223e-05,2.9676295375490502e-06,2.6654750870237755e-06,0.00017080307914874365,1.4269463829300206e-05,3.8702517845790855e-06,6.472206728278016e-06,1.0532494689982847e-05,4.578943490634176e-06,2.5016812896600377e-05,4.060742274639688e-05,7.45602910779614e-05,1.0194731392898282e-06,0.0008126855478873672,2.987076034126815e-06,1.0135284927622961e-06
WJ430631,3.8590611071024005e-07,0.0,4.2608418637599734e-05,8.982605322139645e-07,6.556909875279684e-06,9.009611531117357e-07,5.458462017888875e-07,1.3864775204720416e-05,7.619769842764247e-06,6.54366361307835e-05,2.8636968680481624e-05,1.8822338212070938e-06,3.311387779146665e-06,2.495543880327378e-07,1.5747149244637057e-06,1.729216632736946e-06,3.241440254621095e-07,2.4575794597372737e-06,4.2789102599918365e-06,1.4344546508926014e-07,3.925933606443941e-05,2.6171586661100084e-07,8.820000943822427e-06,5.641946676269129e-06,6.204405483712361e-07,8.9121620023589e-06,3.3669491215140015e-05,0.0001808221920115114,5.712850550264967e-07,7.838063074255202e-06,1.315531054908064e-05,2.1083077276487627e-07,6.957305972963776e-07,2.1377389242091913e-05,3.8733790694998835e-06,2.3296810421748487e-06,1.010490571425677e-05,1.4709574355222045e-05,2.798618495588852e-06,2.7512967707113533e-06,3.277629805383023e-08,9.248130562885185e-07,2.3571862700511687e-05,5.3677994381021603e-05,3.155430966996716e-06,0.00032407585099169595,0.00011250268981846789,1.010836931966507e-05,1.4628471196564695e-06,2.8152161526818914e-07,2.4594226760503944e-06,1.4449457887252067e-07,3.0664981825904544e-05,1.025351745194357e-05,7.5421669885676e-05,0.00010165147487161872,5.8290237935456994e-05,2.9873274135854145e-06,7.194744850529274e-08,8.082468116305694e-06,7.988896300662276e-06,6.557961474667516e-07,3.17160485159696e-07,1.3078644848357965e-05,0.00010405576236547382,6.645161654905224e-05,3.274779919990549e-06,4.0773213670498786e-05,2.3022094729622388e-05,3.974122300958113e-06,3.2519417961460915e-07,3.927763827009161e-05,5.365522476052139e-07,3.0143456028753443e-07,7.717015657532289e-05,4.405439498706781e-05,4.249017396197781e-06,1.0329264753734996e-07,7.792048327794446e-06,3.115318692316322e-07,1.350802957797149e-06,0.00013030953949984102,4.359173215843252e-07,3.508001262885586e-09,1.101018958542397e-06,1.5662129318316733e-05,4.993180164463837e-06,4.898169678897168e-06,6.762313347923456e-05,3.97793654721671e-06,2.9435784429391414e-06,6.338576241537811e-05,5.505504298129534e-05,7.713387674775555e-07,8.953015150884843e-05,3.5672456347676184e-08,1.7053086524115178e-05,0.0008647585385519086,6.230950366885986e-06,5.653708239071718e-05,6.645360989180276e-05,0.00014501026348460577,0.0008045309674052669,3.738678336713288e-06,4.556310635098087e-08,6.330107019519297e-07,1.100540113240729e-05,3.1244059098136415e-06,2.179352491694307e-05,2.526052751432866e-06,2.6908680585630896e-05,0.00014156548246073786,1.3415589754917337e-06,1.7404690686636553e-06,3.3164748847433e-05,1.6493546326630587e-06,3.778359870836569e-06,2.0798134365745386e-06,8.810767358569069e-07,5.467732593930767e-07,3.9952319707551095e-07,2.704891875849339e-06,6.0680291252249005e-05,1.9229683979813658e-07,1.0742244614044795e-06,1.57323747201178e-07,5.712510756000659e-06,1.430597967892587e-08,0.00019496182553942846,9.877320441786493e-07,2.5867773866032214e-05,1.9102205111050972e-07,0.0011645599734928297,2.2306891703630485e-06,1.9599030770892575e-05,5.396438290016192e-06,0.00012042418242026829,4.34111781121685e-06,7.113771539679647e-07,1.1993065943113669e-06,5.837108677796254e-07,3.024393418248654e-06,0.00016315199619879273,1.7739435219546505e-06,6.780928598151855e-08,1.637735049769013e-08,3.4041735877012433e-06,2.117255775416927e-06,1.4428586961792496e-07,2.4415745694675927e-06
XH393240,7.571451581355299e-06,4.2608418637599734e-05,0.0,4.2965938918310873e-07,1.4758565090073737e-06,2.207924130845218e-05,7.949982622636125e-07,4.233063042255168e-05,3.604054036129265e-06,9.638905721581335e-07,0.0002970996075898474,8.621357533478928e-08,2.2327792262622255e-05,2.1420543087967292e-05,0.0001752589109572937,1.215243375827636e-06,7.883424625068831e-06,9.275165693500824e-07,5.720127275295945e-06,1.0946374184018915e-05,9.61408365961456e-05,7.855081238995154e-07,2.7066624700578798e-06,7.554015552102072e-06,0.00014644855004122617,3.5014904589295274e-06,0.0009570083121484329,2.5966434762158757e-06,3.1699020076250516e-06,2.8213746661934386e-06,0.0005040333047551293,2.2151454566587737e-07,3.061551290974124e-06,4.286183454315246e-06,5.092741820373987e-07,1.9735887117972634e-05,5.864759991280577e-05,7.680764982350508e-07,2.4960204208843464e-07,3.294597355488372e-05,4.562723735741275e-07,4.244319120592255e-05,8.93056006675754e-06,0.0001636308922374542,7.390047725849345e-06,9.780289066159853e-07,0.00017409794764065113,1.7388913946593167e-05,4.36399505158788e-07,2.981897770161581e-07,0.0001901115088520236,5.077805508601122e-08,1.915826066098467e-05,1.5868834620573813e-05,4.428531320865729e-05,2.261107709098518e-06,2.8410422919086726e-06,4.64338762268827e-06,3.2690040919873246e-06,4.484229735155874e-06,1.035391669048662e-05,2.0952563292344345e-06,1.1619446485013771e-05,2.5825142874194385e-06,7.6138666590596535e-06,2.151124295895966e-05,3.3453412713010553e-06,2.540361267280842e-06,2.9561134895281903e-05,7.030763291166795e-08,1.2474172340667907e-07,0.0004814905429720429,6.59157657051043e-05,3.0282705715110553e-07,1.1857169130749235e-05,4.863996268930971e-05,7.341602655025194e-06,2.575853098295559e-07,2.1614499591338456e-05,1.9507517214597825e-07,6.096965170877469e-06,6.249923557389878e-05,1.986049961665556e-06,1.4568174466180655e-07,7.447776427720912e-07,1.6287562015361538e-05,8.426581998120672e-06,7.489277837267045e-05,0.00010374263475971704,1.5269923483320097e-05,3.9534112698896766e-07,6.389323669601405e-05,1.382971412398704e-06,1.391944233450958e-05,0.0008922548756300107,1.2820903153589189e-06,6.071596108061227e-06,6.483948980826879e-06,4.241715473056639e-08,4.923871139961493e-06,0.00033415339426259643,1.5839674378089276e-05,0.00019151515466408147,3.234733616813743e-06,6.9959654023034505e-06,2.8519558100840582e-06,1.4273239146020012e-05,7.395758163284637e-06,0.0005335082563621838,2.5093907734566318e-05,4.516977657490112e-07,3.265877124204404e-05,3.235831862158391e-05,0.0006592181270746736,3.026918349534315e-06,1.679763216248664e-06,3.2373207247346e-05,1.3587852398249841e-05,1.0787779156496889e-07,3.42338023763832e-06,5.2142974461863804e-05,1.6586246358400175e-05,8.475366742953574e-06,4.233851069045358e-06,1.5027502785549297e-05,1.6962618176605534e-05,1.592466847208559e-05,2.6108445946996854e-07,7.680867910646536e-05,2.4311197123361872e-05,3.4005399846873406e-06,1.3266273258103006e-06,6.079910153102709e-07,7.529953464716551e-05,6.335764638017621e-05,5.158214636436638e-05,1.3988553578670572e-05,2.003857849037151e-06,6.169325541937013e-07,6.792213934976058e-05,4.979583608930376e-05,1.71412242712808e-05,1.4344500265056472e-05,6.015196420826446e-05,1.0303932702314793e-06,6.759684886966199e-07,1.2801032716762721e-05,7.501473001818922e-06,1.1839779839938975e-06,6.389590743727333e-06
IJ283088,7.3935101286922605e-06,8.982605322139645e-07,4.2965938918310873e-07,0.0,7.028649238396629e-05,1.833769826908122e-05,5.55188612220964e-06,1.7181897195857828e-06,6.437213738979272e-06,2.6007897448790277e-05,3.872725168356164e-06,3.6277963747872365e-05,1.170893192916356e-08,5.648234189049957e-07,6.434852280754245e-07,1.2365565464264615e-05,7.153504617171493e-08,2.2644891725867e-06,2.5500481591392853e-06,0.00013268946031301483,5.860466863736586e-05,8.612600318526633e-06,2.0411836937997796e-05,3.414424990305317e-06,1.6166583832763542e-07,2.338855818442115e-08,3.405181249800221e-07,0.0005495432773771162,5.168925781414826e-08,1.2164964451155445e-08,1.8244407449470712e-06,7.773511723890934e-06,3.9065243969949086e-06,2.9313899161068056e-05,4.280956751479574e-06,6.73890386873927e-06,1.1046789961233609e-07,1.0729416905217595e-05,6.939670510811621e-06,2.061924418956938e-06,1.509281019744451e-05,1.0407503953661563e-06,5.780963779776255e-05,4.367054368706781e-07,5.474627280124945e-07,1.3612920943481005e-07,8.834973631082486e-06,1.0858750846003885e-06,1.311870171694653e-07,9.316305723790476e-06,5.4698089135373355e-05,0.00011003050060662281,5.176041817704944e-07,5.646185946641109e-06,8.545044720251881e-07,2.1236259038475463e-07,1.0277038434452466e-05,8.463037660142597e-05,1.0453424727717642e-07,0.0001468935563844937,2.9899574554196588e-06,0.0009594040211641327,0.000513688033649267,0.00028772408537004025,1.9472284981744005e-07,7.712433602793195e-06,9.687861823046078e-06,6.8306996831558095e-06,3.811220444832893e-06,8.288185510222244e-05,9.958511193169609e-06,8.02583087368871e-08,8.521285784859414e-06,6.281645670599945e-05,1.467839738337605e-06,1.4031241797247245e-05,1.2453042599475121e-05,5.098990613596536e-07,2.7884195060741684e-05,4.332893281794368e-05,2.6037644439074245e-06,1.5414163403297613e-07,7.696084769148719e-07,1.991442106576338e-06,9.559183879811561e-05,1.4259773680303833e-07,8.926037158372034e-06,2.149045139897293e-06,1.720438528343255e-08,3.45293731854147e-06,1.8700399206985795e-07,1.6223073669946225e-06,1.0400175571468434e-05,4.531160594141827e-07,2.3500193123457607e-06,3.149100933746655e-05,2.4428975538468094e-08,1.9323513570554285e-06,3.573737801245427e-05,2.3245256911858302e-05,5.5011237303802893e-08,3.883125135827428e-06,8.845953044408117e-07,1.9718379938765482e-06,6.891503381519695e-07,3.390605003506995e-05,3.6101116708613166e-06,1.2603902763666955e-05,8.290128426490558e-10,2.662517181125244e-07,9.248944108209073e-06,3.681451838388522e-08,1.460306434109617e-07,2.4825288977696244e-06,1.5683404133230297e-05,3.7542069115300947e-05,8.782868963291089e-08,7.661613498801297e-07,3.2689885089600486e-05,1.8506218506641453e-05,1.580930495586622e-06,8.638056856986836e-07,1.5817670946733957e-06,4.129179839943811e-08,2.743979156786478e-06,1.0334216392980945e-08,3.7268390500187114e-05,6.243831354610966e-05,3.8433753517174246e-07,1.443957631925646e-08,4.1813513377191244e-07,9.541353352002441e-05,5.7333752136148e-06,1.7525625861554723e-07,2.982661347374811e-05,7.770262525580808e-06,9.301384486846727e-08,4.071563081898755e-05,0.0008350538116614342,5.630766453795651e-07,1.9223780097965922e-07,8.075032857193276e-06,1.5055405846311282e-05,2.4848732249502146e-05,3.22577078775109e-06,4.837572016499272e-05,4.5159571750808986e-08,1.1765381216025811e-06,2.4406934824858236e-05,7.526336859233159e-07
ZR856254,3.29119602450067e-06,6.556909875279684e-06,1.4758565090073737e-06,7.028649238396629e-05,0.0,1.0984779320927483e-05,7.591814511919965e-06,1.963723380153178e-06,1.2916888375849648e-05,0.00020747472628174405,3.483615672864652e-07,0.00024834868041874106,3.029412479692322e-07,4.010628292394282e-06,3.3542389820681643e-06,5.5320927988328995e-05,4.71528786631212e-06,4.727078908905668e-06,2.7046926235531776e-05,2.6284000941734545e-05,4.6124179998207475e-05,2.054248491168446e-05,0.00024400838867331113,2.8513629027536404e-05,1.990567249811329e-06,1.4416298343837166e-06,6.789982405329653e-07,0.00015234327242661308,3.680353207884663e-07,7.764336955423571e-08,4.28269174905714e-05,6.501639162687016e-05,3.498238969353883e-05,0.00018469894344298255,4.038434642350875e-05,9.110666612458428e-05,1.373769314691625e-06,0.00011318013841696762,6.4919382423264805e-06,3.86728396960496e-05,5.988324526852769e-06,9.12889096867833e-06,4.2345623879055825e-06,5.594373558955311e-06,9.675254621216975e-06,9.528738269104708e-05,8.866520695145727e-06,4.446337507602161e-06,3.611343258359936e-06,4.321357692291679e-05,0.00014581439560172886,6.7588060359137e-06,5.5259948279295976e-06,6.956043518021214e-07,1.4977055863556025e-05,0.0001438180457346595,2.668249754754924e-05,0.00015583137547990964,6.272662943225818e-07,5.462659467922472e-06,3.0867045015857395e-06,6.957773875341733e-05,4.196155300360396e-05,0.0006010762397716071,5.254391565050504e-05,4.445504431815077e-07,3.095630099042056e-06,6.725859904882403e-06,2.4347622232190594e-07,7.999274480200042e-06,6.202420934557951e-05,1.4313344640240678e-06,3.5043553405578785e-05,3.2200807821670474e-06,2.1958987398867484e-06,3.817290124452923e-06,6.493554528342224e-06,1.0246645165994748e-05,1.0572469938712582e-06,1.2709811629130067e-06,0.0010402059500687715,6.851971001045675e-07,1.9127530430694856e-05,2.8063901825744573e-05,7.262153996127917e-05,1.1778285472130883e-07,3.538546939697226e-05,1.0596827584403955e-05,4.625076001693624e-06,0.00013152428919433362,8.823644052810582e-06,1.70435083811252e-05,3.065130860826387e-06,1.0430743454745266e-05,1.6063525301711006e-05,2.816893354785771e-05,3.0998129572866383e-06,4.286743253912441e-05,4.879202823194883e-05,5.400362347819404e-05,9.492881916471897e-07,7.349766460278604e-07,7.320066549259662e-06,6.6586221355316246e-06,1.053627376597162e-06,2.185855658481247e-05,5.889113471378011e-06,1.1304421561209095e-05,1.0879412472480334e-07,2.0470293805652305e-06,1.301524277748969e-05,2.554591601363934e-06,3.4847132743784154e-07,2.0358681049952825e-06,1.1451346002137927e-05,5.0416823508101696e-05,4.512033391343258e-06,7.689183924754948e-06,1.556698964980963e-05,3.0488938436335842e-05,1.207363235927664e-06,2.736905631548351e-06,7.960760969292503e-06,2.556216885988029e-06,7.15406828688239e-07,3.2910215245054733e-07,0.0002824563945705568,7.1664508993036755e-06,1.9191672945669665e-06,2.956604648500821e-07,0.0003206307779901141,1.4773197970854098e-05,6.13293396978415e-06,6.16414817051847e-07,5.268234180796586e-06,1.9805907090208903e-05,4.5617382034604925e-07,7.150141074009219e-05,7.676358163289807e-06,9.587335860053258e-07,3.2811074737673006e-06,1.4577370692282482e-05,1.4780254086686149e-05,3.37748061961343e-05,1.276392462151154e-05,6.303935728036976e-05,2.6611188919576477e-06,1.7685290317437642e-06,0.00010161679035232488,1.3455470825377041e-06
WR597467,0.0010012214322272731,9.009611531117357e-07,2.207924130845218e-05,1.833769826908122e-05,1.0984779320927483e-05,0.0,1.02594824905238e-05,1.5896948665882468e-06,9.355322069535213e-06,9.415271905007482e-07,7.977401749919983e-05,1.3134456052809496e-05,2.9680406916798193e-07,3.336690794499667e-05,5.337814108460152e-05,6.989320061722389e-06,2.3941641060186733e-05,1.119195463630458e-05,2.3258017553353848e-05,0.00018467246232321154,1.8629487274440426e-05,0.0004706511085594027,2.0969937639081954e-06,0.00101237820216366,0.0003082784986236019,3.3248589888300245e-06,6.882679948524619e-06,7.0822951612912706e-06,9.932467852326568e-08,2.9571898005896324e-08,1.2370576982235863e-06,6.896518263049741e-05,6.767090393977578e-05,3.4141333330883313e-06,1.2385775243261483e-05,1.5086183270622757e-05,1.6519397723109482e-07,3.1574705782251517e-05,6.857388937358631e-07,6.232879769203259e-06,1.1343077209218128e-06,1.9522534447524067e-06,2.943605507064517e-05,5.980684342228908e-06,1.2758047450985124e-06,1.9246695350745765e-05,3.5305730940982444e-07,0.0005508729471731292,2.8605511571255455e-06,1.0867512560963495e-06,9.302126772425793e-05,2.626745985483131e-07,4.778794130174078e-06,1.0913777195441314e-06,6.74137961268657e-05,2.412431347900401e-06,3.356301132851414e-07,3.833004504088234e-06,6.196750096547483e-06,3.6495746668738003e-05,5.250491797423998e-05,2.033206687076059e-05,0.00015197985767368728,1.0822571575947457e-05,1.876151693766236e-07,4.935586144643562e-07,1.6610681528685024e-06,5.552565693862943e-07,7.008856061900411e-05,5.723798594347169e-06,1.5760521940696946e-05,3.7537330100295554e-06,0.00015862377835676548,4.7242103281650475e-06,1.9291528550017394e-07,2.923567646820078e-06,1.312949787141328e-05,1.1132649655913104e-06,4.2189819318398234e-05,5.4137939094757526e-06,6.416079807618329e-06,2.5136039355289323e-07,0.00020584893711801677,2.3242557821652844e-05,1.1807999207151367e-05,4.780741216525072e-07,7.827141226512923e-07,2.936389479766056e-07,2.5023683579543536e-06,1.9258374760551128e-05,1.3654710336327977e-06,4.1372298699261457e-07,4.345191451393557e-06,2.157933349815903e-06,2.0747150359147164e-05,5.704233479651594e-06,4.996854882541167e-07,1.5594213671305078e-07,1.7109614778007586e-06,7.278002348840446e-06,6.189599368448506e-07,2.8875368029105153e-07,1.3790272882376679e-06,8.251539566260487e-06,0.00010922521034216634,4.496190763273051e-05,1.8103643675352686e-05,4.6526703141290325e-05,4.520363506149889e-07,6.828350730763759e-07,6.433443784933447e-07,9.990834989306206e-06,1.4189335325909874e-07,0.00017303911297826506,2.3864620067204604e-06,0.00013995373967978393,1.0248655546106738e-06,7.412062282914552e-06,2.9395680723764895e-05,4.274299095572304e-05,2.1677303452476465e-07,3.4861180921273945e-05,1.1830598571547785e-06,2.7062717347644095e-06,1.3299166313218801e-05,1.2900902834302016e-07,6.694168455907882e-05,5.4111284399602144e-06,3.77823979637909e-08,3.280998462247369e-08,4.2164819311731573e-07,3.935483152027208e-05,2.5490799506880342e-05,1.3418659278135056e-05,6.18684763158578e-05,3.1078675603094605e-06,1.0144740187523129e-05,0.0001539137635950924,1.7007431669950404e-05,2.6764580111431423e-05,3.700113291063366e-05,8.402664394694182e-05,1.9044798501260744e-05,0.00014696943235443076,1.8232134013450362e-05,0.00027191445336492953,1.2694624517869857e-06,2.3179463437220832e-05,5.902511826870748e-06,1.1552579899222168e-06
GF348474,4.3902627004312566e-05,5.458462017888875e-07,7.949982622636125e-07,5.55188612220964e-06,7.591814511919965e-06,1.02594824905238e-05,0.0,1.0025151240526805e-06,6.002838488339809e-07,3.4935811990043817e-06,9.589727143254214e-05,9.754988358901608e-07,2.375834955189148e-06,1.5808068379316778e-05,2.3977111541170286e-05,1.5522131426721814e-06,7.803622921690003e-08,1.9775002601688168e-07,2.097673073558069e-05,3.846534614723711e-07,4.647014602575556e-06,2.845551571039257e-05,1.1187412356555179e-05,4.290484435699842e-07,4.0208774477481474e-05,1.1155180466595039e-07,3.2341538916621443e-06,6.27249372225554e-06,6.157051052517561e-06,2.0151461814409567e-05,1.2443471480497001e-06,5.934760326077539e-07,5.164631223167864e-06,5.692161438011071e-06,0.0006506296925737233,1.3418076255370797e-05,4.692005235295728e-07,4.5653601821865805e-05,5.485777052824645e-07,6.742340028170942e-07,2.852124995276654e-07,2.117918885704243e-06,4.401932855806949e-06,3.0039219371711194e-05,6.851149847444491e-09,2.230988629901165e-07,3.0826734704949665e-06,1.6414372599004353e-05,1.5604943508511232e-06,1.6200650928896055e-05,1.0779954422622833e-05,6.308507750561231e-06,1.352326922440523e-05,2.0463369361413185e-06,2.7667035806494777e-06,3.715948043752003e-07,4.0613986789418366e-08,0.00020047369792840344,6.787878146400592e-09,0.001179463160575565,5.394222324012115e-05,2.2718329485336973e-06,8.146679155328823e-06,1.9211188553995408e-05,4.4767010986607994e-06,1.2638819850013397e-05,1.2439281640071812e-07,5.2267992096405536e-05,0.00020045120661224883,5.778268895035782e-07,1.0246084271387698e-07,7.799123139836618e-06,2.2686267121231295e-06,1.745958310628129e-05,5.127068419759844e-05,4.025371833227455e-05,0.00027192596123175376,4.2330702711734526e-07,1.0636900359400677e-06,2.4368820387281984e-05,1.264694543538282e-05,2.557286278182991e-06,7.40811724848538e-07,7.461697265718328e-05,7.011058928735745e-05,1.7883195538726058e-08,1.0731015120601314e-06,0.0003737186528253646,2.8513161622118155e-06,5.539797529973365e-06,1.9500437134796002e-08,3.9500093993977465e-06,9.080177386080928e-06,2.795247843978651e-05,2.8204061567057225e-06,0.000283345318446848,2.516022376133637e-06,1.5713548512219384e-06,7.4247563889328e-05,2.9779900544155e-06,2.7890019666910898e-08,5.0637778856432965e-05,9.761373358182448e-08,6.668870216140407e-07,4.929946037321056e-06,1.1516006005940634e-05,2.9380601164693994e-06,1.1978221059336432e-07,1.093122741731473e-08,3.873869789627582e-07,3.742910703985755e-05,2.2708551049649187e-06,3.1327643841370575e-08,2.4660586490596327e-05,9.52379609940564e-05,4.69533158963159e-05,2.087309262961104e-06,3.037642145876472e-06,0.00015496498884595312,3.5768463406500886e-06,4.084212286190198e-05,0.0002283231477413218,1.4096787540593738e-05,4.698776955651038e-08,1.3547970583788504e-06,5.920758417185579e-09,2.999903471110957e-06,1.6685480237711465e-05,1.5018251518143282e-06,2.045145935996402e-05,2.2883591603177394e-05,9.986442342416198e-08,9.157020794129296e-07,2.889394738652865e-07,2.3175818691798264e-05,1.2256317767647412e-06,1.3163264064412301e-08,4.7121276836937344e-05,7.750312480844523e-06,1.781991856351668e-06,2.2038798698477954e-07,0.00016709395070634326,1.9759205856711704e-05,1.4940445876808852e-06,5.068751768556064e-06,2.4976808459007987e-07,1.7491312701983648e-06,9.757945192156445e-08,1.3043418171307357e-05,4.4396039894644696e-05
WY545759,1.568229654912694e-05,1.3864775204720416e-05,4.233063042255168e-05,1.7181897195857828e-06,1.963723380153178e-06,1.5896948665882468e-06,1.0025151240526805e-06,0.0,0.0005333365636587111,1.8395065668340397e-05,5.571870672014441e-06,2.019834336668254e-05,2.4388123998733516e-05,0.00021112109094297124,7.755368470132834e-05,1.904428158245792e-05,2.1492806063701852e-06,3.9292570915897825e-05,1.5266130055896153e-05,8.314670696197875e-06,5.819459795909657e-06,1.4489218046275295e-05,0.000373843124469398,7.744433122570989e-06,5.434435411386737e-05,0.00010972062237440616,1.908489517702564e-05,4.530247904545828e-06,2.620075990978392e-05,3.122903642942102e-05,0.00012422125935481208,3.633721331093691e-06,1.408746688576877e-05,3.854224840306808e-06,3.120303397952141e-07,0.00015119206888145878,2.479438349659884e-05,3.6329322246647624e-07,5.208737711140858e-06,5.438852048267816e-05,2.2894864904261717e-05,2.566688457534345e-05,9.986028846618362e-06,3.79368052748497e-06,1.3189540549533227e-05,3.240356314872267e-05,1.121025606204597e-05,7.126437798209047e-06,7.602580562232859e-06,9.685604907612834e-06,2.639159388318179e-05,6.152375610700214e-06,4.524718453437107e-06,2.3873042670608332e-05,2.218222783086891e-06,5.898163671992654e-07,2.6188076391292347e-05,1.0531318590434656e-05,9.025555594053914e-05,8.849904546795017e-06,4.762878145203838e-06,3.5058162330120214e-06,4.111770820799636e-06,1.1158193573109895e-05,5.3601370248856175e-05,4.063952776246187e-05,1.6811319834385212e-05,4.939789743268828e-07,3.3171741330031993e-05,2.193714388908893e-05,3.7809379035940635e-07,6.787402644882872e-05,4.937122121111484e-05,1.4518420652539222e-05,5.044722604972579e-05,0.00010386686119562325,3.5361909100473356e-05,1.2790536649637974e-05,1.21361701585049e-06,4.437886052873841e-05,1.738012820119516e-06,2.6888188124811896e-05,1.1432831749369374e-05,1.2973689167078753e-06,8.581724455685538e-06,2.122877584973571e-05,0.00012066250689276083,3.6708469448512576e-06,8.957535492710459e-06,0.00013283633779515773,2.2690929556328122e-05,7.100295453934859e-07,1.391948297601045e-05,2.4126078065040952e-05,4.096494899326931e-05,1.6529349345506565e-06,9.29382562819848e-06,5.961713937191402e-06,2.5571157522691264e-05,0.00019334345858870367,1.5224058800557917e-05,0.00022028080840531724,4.329636727932608e-06,0.0009747272229954127,0.00010132003405589315,2.4084468929359527e-06,1.160171810019587e-05,2.750045967414786e-05,0.0008940126916798409,0.00019559249075217855,3.6850117390465995e-05,1.2226726568348876e-05,2.0811166762513186e-05,5.735920022342091e-05,2.0701886672811573e-05,1.2063840000330677e-05,7.359625630559805e-05,1.7301728903769942e-05,4.0666337690974836e-07,1.332848346653895e-05,4.754056532481148e-05,3.0572094436032194e-05,4.739308622926178e-06,1.3191917354508542e-05,1.9881420501922214e-05,6.669041363553345e-05,1.3575208679531518e-05,9.12959734391588e-05,4.018065202014664e-05,5.110653440423226e-05,0.0003281899592817715,4.802222661524183e-06,3.980621862031538e-06,0.00022683283247558592,7.540274415758791e-05,9.768927824549347e-05,1.082865712180134e-06,1.3232758691365666e-06,4.169329898870967e-06,4.732934605068092e-06,2.822445187588743e-06,2.2490253788924656e-06,8.502224226652412e-06,3.097625627005146e-05,2.0171626771354578e-05,2.1368520543233626e-06,6.114171233865191e-05,7.585160740246917e-05,0.00019033961511085625,1.873576109168568e-05
FT814555,1.2348162900147938e-05,7.619769842764247e-06,3.604054036129265e-06,6.437213738979272e-06,1.2916888375849648e-05,9.355322069535213e-06,6.002838488339809e-07,0.0005333365636587111,0.0,1.6352451514059694e-05,1.7103449216334258e-06,0.0004251119473254622,1.940667602975138e-06,2.34524162552364e-06,2.765935415909944e-05,1.312445907381423e-05,1.0386908401403264e-06,1.4598854724987064e-05,3.0422243138303085e-05,3.12965197181163e-05,0.00029008553361262033,1.989898192443207e-05,0.000227046206776707,2.583393967353523e-05,1.5391475501147077e-06,4.0669775166241966e-05,1.5027613208572373e-06,3.0784727098674386e-06,2.8678879867180687e-08,2.336606406377283e-07,1.119191080013991e-06,0.00025866891391280013,0.00014414773857849005,1.1028640441472734e-05,1.1733044900211585e-06,8.680713733444125e-05,0.00021769340152293708,9.632566409926964e-06,6.592391460213528e-06,8.834922150901546e-06,6.601603932211459e-05,7.757372646223453e-06,2.774703918571431e-06,7.617251170575457e-06,2.6705766257894506e-07,8.593927441199835e-05,1.7633734328805142e-05,0.00016860562326366643,1.1732091374285494e-06,1.0048374507685554e-07,5.819836626085318e-06,1.4792092581119559e-05,2.3278876508341324e-07,7.354284508881533e-06,2.5410520553364186e-05,2.647706696387782e-06,2.1648366857520297e-05,6.024932417114459e-05,4.33757242185488e-06,7.828733217539894e-06,1.4938527222172837e-05,3.43493969157668e-05,1.3462934077407522e-06,2.5658260044243267e-05,2.0427691345420916e-06,1.7167626447699674e-06,7.092877003824329e-07,2.169248956698935e-07,1.3841680964945462e-06,0.0002707020263915119,2.8287367938361177e-06,9.661363481194094e-06,4.576141276927403e-05,5.550103813810088e-05,1.6241991123130615e-05,2.4371732899292654e-05,6.373745191139774e-05,4.77651217336671e-06,0.0002347670035662233,1.8432610139966256e-05,2.595113895146206e-06,1.4486404446121253e-07,4.921905891920256e-06,9.114570607143371e-08,2.3004883765691347e-05,6.066984282841377e-07,0.0004104190092617399,2.5180579694755604e-07,1.775101386265483e-06,0.0002689396362067253,9.533505958944748e-06,1.0973580195895156e-06,0.0015722694695505673,3.7146141453888588e-06,7.182152324008164e-06,1.2052525551222017e-06,4.387252333164204e-07,0.0004546840424830208,3.371339322456129e-05,7.5720901678757e-05,4.4670522989738075e-05,4.718004253248478e-06,9.067027735811702e-06,4.62477530918999e-06,6.059070232641428e-07,1.783679127930435e-05,2.646933811879927e-07,0.00012571946092991364,6.710405633314242e-06,2.7007447180682997e-06,2.053739723658331e-06,1.4723806024608861e-05,3.703834121342615e-07,2.0753938232575253e-05,4.658888974866857e-05,2.3496195139792837e-05,2.343484734094489e-06,3.893913128027212e-05,1.8033249888911482e-05,2.375383990875187e-06,2.122386147100728e-06,2.8392132251735074e-05,1.7957056991047536e-05,9.383374661575166e-07,1.1140005497092953e-06,2.1471732614103966e-06,1.0458820204096599e-06,1.4385142375461788e-05,6.090109968168624e-08,3.868351129334525e-07,3.279938928074211e-06,7.611867262453274e-05,7.99313920310074e-05,2.6625224033849985e-06,2.152133933392997e-06,2.083826480810702e-06,1.5126781934783337e-05,4.630835283890315e-05,1.9115804266494941e-07,4.993483458938907e-07,1.644615656836584e-05,3.555165098860016e-07,2.397420630176946e-05,1.2143460231788588e-06,3.365667130680925e-06,6.356884713243837e-05,8.49230081383551e-06,6.903978733595286e-07,1.3285507533688807e-05,3.188874255406041e-06
JU393889,2.4992862755886737e-06,6.54366361307835e-05,9.638905721581335e-07,2.6007897448790277e-05,0.00020747472628174405,9.415271905007482e-07,3.4935811990043817e-06,1.8395065668340397e-05,1.6352451514059694e-05,0.0,5.661918057504907e-07,3.46738559505078e-05,1.9504061093810625e-05,9.470827565089294e-07,2.427345645277417e-06,4.169185053113062e-06,1.704845991633012e-08,0.0001196399033211903,2.0882798836365022e-05,2.1519162589741302e-06,3.786563278940621e-06,1.698521389603868e-05,0.00021180246041562463,3.332811265798795e-05,5.059806971255867e-07,1.4847772886037712e-05,6.450310530994925e-06,0.0001825220515826039,5.707588850054405e-06,3.5342295751884337e-06,3.9327119154014913e-05,6.72055154149625e-06,1.1522744773511466e-06,4.693077035327269e-05,7.531726560742783e-06,2.483500402933473e-05,6.491929700130134e-06,0.0005460684593129565,4.553281986234668e-05,5.050710290828751e-05,9.548290507359304e-06,3.338138606547842e-05,0.0004159934952685731,8.874174454635212e-06,4.764260803977282e-07,7.624124787203947e-05,3.340010685188874e-05,5.096514242219687e-06,3.2360294547118163e-06,2.0796962610235275e-05,2.75650133517761e-06,5.7582936011832826e-05,1.2094748708150612e-05,6.908935135666751e-06,1.1442033627682805e-05,3.8090323740102234e-05,0.00035787537257103626,8.659086838779622e-05,8.316325020001697e-07,6.435406017042434e-06,2.7788444288472842e-05,6.346223335462402e-05,1.3583208979496725e-06,0.001416291410855661,0.00012392291453074093,0.00015910741458973537,1.5234218341830327e-05,6.810449186932761e-05,2.3951812640145048e-06,8.152978179810456e-05,3.0761623831964374e-06,2.6762376614095125e-06,6.374071532913838e-06,1.2299548843524741e-05,5.020368481252132e-05,8.477499127226852e-05,7.090579115347343e-06,1.34726768080647e-05,9.053842298269999e-06,2.111561762716632e-06,2.4029586892567022e-05,0.00011171731901176008,7.375449868819889e-07,4.519090522680853e-07,0.00018284775962212562,2.5371853636044675e-05,0.0001383448316726675,6.8167837331948174e-06,2.3386354504075e-05,3.222202139770208e-05,1.919856154992881e-05,0.000138646235446208,0.0001418268691964928,1.1760076490696318e-06,1.5757147616185445e-05,1.7967200989113864e-05,8.842190737046045e-06,7.084640073958917e-05,0.0006150996789332958,0.0008857004895558429,1.0930270793531802e-05,4.382146578220246e-05,5.7513406840509506e-05,8.351140181176896e-06,5.949621960129995e-06,1.6216211841097085e-05,0.0003010086034895111,4.148777164731728e-05,1.3392884067557337e-06,1.6698621317841963e-06,0.0008425424936576586,8.817497408910056e-06,4.545080589863828e-06,6.156877094738288e-06,4.379093229638998e-05,0.00029205011099192016,4.154160112521156e-06,3.160853235872731e-05,4.482099825131115e-06,2.8970176418088304e-06,2.4356401733654493e-05,8.40967494767745e-06,4.922886790793841e-05,8.637493368903382e-07,3.490857144163755e-06,1.1030661616121344e-06,1.3296838981143889e-05,2.1325068428815618e-06,0.00014754497421714068,1.0781906593091117e-05,0.00018725339823834165,9.82516923135208e-07,2.6164134292560974e-05,9.950823948083258e-07,2.8514630372143813e-06,5.9322780844224904e-05,3.314704854542874e-06,3.117939113730739e-05,2.4667374724967798e-05,2.071150579762798e-06,4.825949243941337e-07,5.232757697351302e-06,6.993273393509421e-05,1.282623824541233e-06,5.855977219360598e-07,6.393129761043329e-06,9.169679319600555e-06,7.343835221451235e-06,7.622223916887774e-06,1.1575416963296918e-05
BF051547,1.7091813081624862e-05,2.8636968680481624e-05,0.0002970996075898474,3.872725168356164e-06,3.483615672864652e-07,7.977401749919983e-05,9.589727143254214e-05,5.571870672014441e-06,1.7103449216334258e-06,5.661918057504907e-07,0.0,1.075476668999805e-07,8.906798555713431e-05,1.7501102369137978e-05,0.0004023868944847825,7.531349578450284e-07,1.068332995398199e-06,9.015237988625699e-07,5.835111742574465e-06,4.354703381589316e-06,2.0824238302638066e-05,1.3950938059842405e-06,1.76753721562102e-06,2.4974108580316145e-06,9.644659727552971e-05,9.45265873544407e-08,0.00045532964447969653,4.930131255850794e-06,1.5901164905177677e-06,8.584417646927153e-05,1.00741431510302e-06,1.831257439256489e-06,3.934928800773701e-05,6.689316949633243e-07,2.1416773748576064e-05,4.0886263903304914e-06,8.185725801763755e-06,8.112513797154222e-07,1.0433543588785083e-06,1.2290495263105772e-05,8.758424032577399e-07,4.897703300180106e-07,7.677255482135411e-06,5.80149049469617e-05,2.553214379143439e-07,3.163115625352802e-07,3.1386701660684315e-05,5.79569474261925e-06,2.178359292509627e-05,1.0676035980991123e-06,8.813785329962165e-05,5.048724432135309e-07,2.4311497178100306e-05,0.00012036580246644478,3.2362165204742455e-06,4.0991443243032e-06,2.119319855561202e-07,8.436205472413854e-06,1.1813161572227598e-06,0.001274685750666421,1.404003908693392e-05,1.1144602901045834e-06,1.740608056408813e-05,5.845126734324075e-06,6.192565361237083e-06,9.369142940048603e-06,1.1941300904187366e-05,4.953777755827605e-05,0.00012005180000637651,1.3744800715772595e-06,4.332198191726837e-07,0.00020770352516964524,3.254829480960825e-05,1.4342914930292116e-05,7.672670660517619e-06,4.183858165946271e-06,2.764637175684949e-06,3.49801113095792e-06,5.358362818933308e-05,5.931208436741849e-05,1.974357247343585e-07,4.705025318424281e-05,1.8388408855652036e-05,2.031565441453667e-06,1.8736378751209928e-05,6.767682485743442e-07,9.098379332296472e-08,0.0001233744148538337,1.6174492789701697e-06,1.0516205270483415e-06,3.7944945877660117e-07,8.61899832013682e-06,5.895043712718807e-06,2.7760092289065362e-05,0.0003602413990411186,9.260753033180584e-05,9.89250026949376e-05,2.2319275553923993e-06,1.957755086116711e-06,1.0846952698352458e-05,4.819713109915577e-06,0.00044350601575783685,3.819500252159169e-06,1.0112086311410327e-06,5.455927092381089e-06,5.744704781198451e-05,2.391638611722586e-05,2.322284481565324e-06,8.587765114809141e-06,1.0148385423361665e-05,5.802413467732535e-06,5.096989319145284e-06,3.0075782237155888e-06,0.00022845067138243903,0.0001709093011369522,1.5204158430812015e-05,4.735217063184279e-07,4.9456065623815075e-06,9.220125621868725e-05,4.936314959332133e-06,0.00011401834862305269,2.8552115964318657e-05,2.5548375242254122e-05,6.916751237549988e-06,7.562700594236563e-06,2.2862220872555308e-07,2.1664522508881524e-05,3.084076483212769e-06,4.6573594249235715e-06,2.9937386917005133e-06,6.877164706357435e-07,6.989761595207658e-07,9.272706172544963e-07,1.5385361081972474e-05,0.0003601634651638252,8.975307168028227e-06,9.727494594679878e-07,4.389588142655341e-06,8.484273638132462e-05,0.00025958396484136866,2.0792072573101015e-05,0.00020809700088405913,2.6332467374622637e-05,7.020638855399264e-05,1.0664939669695875e-05,3.057899524986205e-06,3.94516407763499e-05,7.432257190533861e-06,1.6072530494842298e-06,2.2352953938681234e-05
DB316954,2.3385940008902068e-05,1.8822338212070938e-06,8.621357533478928e-08,3.6277963747872365e-05,0.00024834868041874106,1.3134456052809496e-05,9.754988358901608e-07,2.019834336668254e-05,0.0004251119473254622,3.46738559505078e-05,1.075476668999805e-07,0.0,1.2916863383108914e-07,4.082168316173791e-06,1.6594619150122851e-06,1.3271754318156295e-05,2.9584488340211445e-07,6.379215139241834e-06,0.0002889382380557856,2.1606602427076536e-05,1.1375110687644497e-05,0.00016481707946051777,0.0006728040368913944,7.167563766360141e-05,2.025218684261117e-06,1.1781565140525241e-05,4.041280484923496e-08,5.171515699611884e-05,2.7675824075385614e-08,1.745661827119552e-08,8.622206017971992e-07,0.0007263741307053806,0.0002453610229501163,7.251676260714534e-05,4.465526863052912e-06,2.5219922390150676e-05,7.343263898695e-07,5.586195076353672e-05,1.2798606898598407e-05,5.229722396424242e-06,0.00026435120741132706,8.55691085477515e-06,6.572605882245899e-06,3.864702615095027e-07,5.372069337656806e-07,0.0002654437403353588,8.663881668599489e-07,1.262146700415304e-05,9.082140592077736e-07,1.2528763657760442e-06,2.2061927480365174e-06,3.325210195885664e-05,4.8632017909305695e-08,2.938724573241621e-06,2.9870916363921228e-06,2.0665459401842396e-06,4.404206869650026e-05,6.468763454587933e-05,2.1385163299719773e-06,3.2220148659897934e-06,7.2250133183470435e-06,9.347371645616355e-06,7.4779509592608395e-06,2.024881289687166e-05,1.2796584131690714e-05,1.5676962327316755e-07,4.338094882817255e-06,2.1274743447417523e-06,2.3726085069208104e-07,0.00016765433038270496,1.2734100989252289e-05,4.533336160186081e-07,5.345750644067525e-05,2.7526898973062424e-05,3.7474822821276506e-07,1.3923421550689287e-06,1.2031841605098795e-05,1.278980122101816e-05,2.9586389873038633e-05,6.765696205399367e-06,3.4453189937662964e-06,1.5400181485987708e-08,1.0090412672379431e-05,8.528440430337655e-07,1.8965948473467262e-05,1.845775623769239e-08,0.0004578496053314012,2.705137952148352e-07,7.102161616893478e-07,5.468698424549428e-05,6.496324055672709e-06,3.6401463061168003e-07,1.55949938619317e-05,3.253230854971155e-06,2.9684946142199747e-06,1.2925001573273617e-06,4.966208403736553e-07,7.836637492008473e-06,0.000683395760920582,3.5146987885920005e-05,1.3000496966580083e-06,2.7941331617913577e-07,7.648090241311277e-07,7.207115059905283e-06,1.6886099683761103e-06,4.998212095577411e-06,7.930980586709481e-07,2.4673111905363904e-05,4.417433804586234e-08,7.106752936468893e-08,1.3404078533219786e-05,6.74164843012616e-07,4.107532374258417e-07,4.92641919334702e-07,3.9705374302066684e-05,3.946974204596524e-05,2.182097394415181e-06,1.0100350607577603e-05,6.575435347439299e-05,3.4888786086688115e-05,6.786037199539419e-07,1.912579409280225e-06,5.7941504823531756e-06,8.625775555482643e-07,5.0716942952384044e-06,1.805605135918134e-06,1.8317553902726048e-06,9.027122008169762e-06,8.36025810866171e-09,3.693754231670161e-08,1.3297044493190321e-05,0.0003464538606843033,8.9455000406112e-05,6.970864801405999e-07,6.707686706349683e-07,1.6200233473390985e-05,1.4289083495249378e-06,2.8828115431515186e-05,1.7173716997614276e-06,6.692977551880376e-08,1.7071610785275366e-06,1.7168351224579983e-06,1.2257085372258372e-05,1.2672058789137205e-05,4.745929627246967e-06,2.1228572795673307e-05,9.295690215663652e-06,6.388069012480717e-06,0.0001321459941323114,6.919578836492569e-07
JD858061,4.017445142374434e-07,3.311387779146665e-06,2.2327792262622255e-05,1.170893192916356e-08,3.029412479692322e-07,2.9680406916798193e-07,2.375834955189148e-06,2.4388123998733516e-05,1.940667602975138e-06,1.9504061093810625e-05,8.906798555713431e-05,1.2916863383108914e-07,0.0,8.750429017388046e-06,2.0171134762033883e-05,1.733029618188066e-08,6.919556351129237e-07,5.290723285799031e-06,2.013242535827099e-06,9.531881179540602e-08,8.20890902657783e-08,2.1297698608863123e-06,3.655797507751709e-06,8.512330173291994e-06,9.601498750707357e-06,4.968876902600574e-06,0.00010332623929468774,1.5837111355929898e-06,0.00023741642471048966,0.0007435308835167601,4.978077207239433e-06,1.5265566870968266e-07,6.024426921376584e-06,1.1725709176720917e-06,3.8201992247438135e-06,2.6598617648535394e-06,2.2135157054352783e-05,1.2975369668262579e-06,1.0670160790665212e-05,7.821704810387792e-05,4.880684513469761e-06,3.378568581595417e-06,9.028903370789122e-06,8.710406803872493e-05,3.0780928734006007e-07,1.1353537269592983e-06,3.3125184623331727e-06,2.213877328246416e-06,0.00010082881782348315,8.686874671907906e-07,4.850718851268553e-06,1.7075645375705224e-07,2.7356703489035428e-05,4.87323789032435e-06,7.757221031883468e-07,2.052230076778601e-06,1.405688393588724e-06,5.188643472539487e-06,2.7158548517632573e-05,8.043610818907921e-07,1.2164538771246557e-05,1.5815244903816836e-08,1.3308007917560735e-08,7.029437373939062e-07,0.0005873609313331557,6.077895986223579e-06,5.860578422897673e-06,2.825556819816924e-06,5.995922569903321e-06,1.0824076346883324e-05,1.4241398471418997e-06,0.0003608801705001539,3.983522356342927e-06,4.1897928394337877e-07,1.6052241202716706e-05,5.714051441612996e-06,4.777928928952769e-07,5.919754975244251e-05,2.3169126202376735e-06,4.53279468184582e-06,4.7032670254926053e-07,4.4456885033722926e-05,2.25187632695225e-06,1.2138446598550629e-06,2.5274818450866354e-06,3.69820250590904e-05,1.3809801484744005e-06,7.968851639013307e-05,5.2883131313343745e-05,1.3201610340009501e-06,5.130975263202682e-06,2.6640356831562083e-05,2.0448283654217663e-06,2.2522742562692713e-05,8.838931915977998e-06,1.2966991792331495e-05,0.0006924058651861762,1.9556764561375575e-05,3.5382636335882184e-06,7.751374542612382e-05,8.688753768568547e-06,7.247078807494503e-06,2.5664199123214544e-06,1.4783444056752334e-06,3.765817792562378e-05,1.0196778467651177e-06,4.548772588542651e-05,1.015675317111885e-06,0.00010406505467063266,1.0688587306640639e-05,4.4629981336912104e-05,2.223310904333485e-05,4.285047677757888e-05,2.2384605381357546e-05,5.121498419376315e-06,1.5630960206236365e-05,3.6580140924140174e-05,0.00014662180785478832,1.0074042488151701e-06,3.1836772426644773e-07,0.0003300132947910583,5.391910934154875e-06,7.576171355545375e-05,8.696486180634481e-06,4.897186129686656e-06,2.9487460983715126e-05,1.142151739095004e-06,1.0426400453986095e-07,0.00012897200095996823,5.013440549468539e-05,3.6948732103578165e-05,1.083951037923604e-08,1.0642712674987501e-06,1.5280010687152843e-05,6.338850563526182e-06,2.4514534156437167e-05,2.9448755034115247e-06,8.965861299157743e-08,6.367606084277649e-07,8.716931747844538e-05,1.810513721889493e-05,9.888128484610273e-06,9.247043064584039e-06,5.595751521696642e-07,5.881344117214474e-07,4.843510524050165e-07,0.001120939729368377,2.691389075428278e-06,1.528947983784382e-06,3.6107067110692194e-06
AA780156,6.492024518640503e-05,2.495543880327378e-07,2.1420543087967292e-05,5.648234189049957e-07,4.010628292394282e-06,3.336690794499667e-05,1.5808068379316778e-05,0.00021112109094297124,2.34524162552364e-06,9.470827565089294e-07,1.7501102369137978e-05,4.082168316173791e-06,8.750429017388046e-06,0.0,7.675510079133279e-05,5.504820884812823e-06,8.647447774363986e-06,2.9819492295309566e-05,0.0001238044323510317,1.6383061009810545e-05,1.2976659619231268e-07,0.001043689213190561,0.00010991140678961166,9.542839373624317e-06,7.02937312248918e-05,1.7153599646913484e-05,1.1569251242739623e-05,1.3295039459505725e-06,3.1216575157411614e-05,4.4532936524004926e-05,0.00021113964898549617,4.678635068687328e-06,3.322586497586165e-06,1.6563335460667175e-06,9.000001008905065e-07,5.122084198834657e-05,7.640896880459291e-07,3.842125777930042e-06,0.00011694177805806006,2.7159120169707683e-05,6.425102660485032e-06,3.6591764068068095e-05,2.9345255089879396e-05,7.312756781525176e-06,8.360609700951257e-06,1.3818721377346396e-06,6.725264371315479e-06,1.2233309858068921e-06,1.1282110631009097e-05,5.4048620242125545e-05,6.971318070618388e-06,1.480950243049271e-06,9.373379986995218e-06,1.0267757498515744e-06,4.810688979185067e-07,3.4424640968088254e-07,1.0414998491588518e-07,4.764779084943199e-06,1.0781058071276021e-05,3.328929867057248e-06,2.7919068578265664e-05,7.949619093461869e-06,3.014567892514552e-06,9.679124878594703e-07,4.47452392672529e-06,5.886974419328581e-06,6.740171539747077e-06,1.7322944836245575e-06,1.2344790535651842e-05,1.9827272583035314e-06,8.981103289413432e-06,2.9664553858965523e-05,9.71559637515323e-05,2.195921654617785e-06,5.72944946835763e-07,6.206964485644804e-06,1.7720794408514882e-06,3.346974907531504e-05,3.414809306011196e-08,1.7652423599868246e-05,4.5354820870195086e-05,1.5179052580105745e-06,8.834183739550046e-06,2.344336397199133e-05,5.455054085020839e-06,2.8470613556748394e-05,8.313221102645863e-06,6.23599791561588e-06,1.1821935393923997e-05,4.1790410326941646e-05,3.539733294427639e-06,6.756119052019276e-06,1.6393644691766752e-07,0.0006125256521383038,1.2001311268974076e-05,3.884362899419209e-06,3.6462622747257046e-05,7.448366790235584e-08,5.7541893531084165e-06,2.2299675168974337e-06,3.0978280111542715e-07,1.1399094987811889e-05,2.8924040428893487e-06,7.61316112511563e-06,0.000103650568954846,5.661851598893498e-07,2.6828141950832695e-05,3.291710100408623e-05,8.367844302384118e-06,2.1331723617797613e-05,8.212224750813013e-06,2.163557133335564e-06,4.1803346088012306e-05,2.693323338010609e-06,1.5945328653082685e-05,1.2846054762597738e-05,0.0001479146240315812,8.155029882686888e-06,2.8198626233432838e-06,1.1108155913317544e-05,6.361505743246762e-06,8.312080198250057e-05,5.297207446216367e-06,0.00014174980122889073,0.0001120878245917173,5.2910483429241205e-05,5.079091262053586e-06,4.764289728941078e-05,3.363492839028962e-07,4.258550320627269e-05,2.3002522891616156e-05,3.672486602733988e-08,1.7747503702627008e-06,0.00041752296824318645,8.899365103076424e-05,9.744582424481485e-06,2.721983118903635e-07,8.717618044900221e-07,4.1913147764158565e-05,2.9719998919276314e-05,3.6688526323469043e-06,0.00020172257241634614,2.4264761420148485e-06,6.719793344126748e-05,8.495092857345103e-06,1.7707911520384525e-06,5.4176311975137704e-05,8.131141747602831e-05,0.0004742314684600111,2.327085917066464e-05
BJ860189,8.495676735369708e-05,1.5747149244637057e-06,0.0001752589109572937,6.434852280754245e-07,3.3542389820681643e-06,5.337814108460152e-05,2.3977111541170286e-05,7.755368470132834e-05,2.765935415909944e-05,2.427345645277417e-06,0.0004023868944847825,1.6594619150122851e-06,2.0171134762033883e-05,7.675510079133279e-05,0.0,2.0673056746125574e-06,6.361181295496321e-07,1.4555620083138763e-07,2.9338857833981052e-06,2.376281864730055e-06,1.0110337649878038e-05,3.585172295906293e-06,2.769134621944665e-05,0.00013394657961654673,5.74893102616453e-05,1.529020557776174e-06,0.0008281012980937343,1.0227270407059771e-05,1.4717713159262452e-06,1.5666927472598422e-05,4.517733199204311e-06,3.3615152904247384e-06,9.913530306687775e-06,2.998264627185095e-07,0.00011136930330243298,3.184706766296934e-05,1.1436152731435113e-06,2.138893623757411e-05,4.789638280687243e-07,1.395710989093075e-05,3.1777395986495052e-06,1.6808124352478422e-06,1.3936709157737484e-05,0.00042817473402545947,1.1672992516365152e-08,3.6934533766018577e-06,4.286131685710668e-06,4.239884989902304e-05,6.394529719220505e-06,5.152945468513486e-07,4.0577823859291146e-05,6.731816799878474e-07,6.990248433015484e-06,2.1615562946335732e-05,4.55644933851157e-06,5.338511445616042e-07,1.5539920744220882e-08,8.866195311699574e-06,1.2531590916279812e-06,6.041520105849364e-05,6.71664683117995e-05,1.8828146214903508e-06,1.3087193181565076e-05,8.045720939984397e-07,1.160569340166373e-05,1.6804848942415495e-06,2.4063195971526247e-06,5.782835437362678e-07,0.00011798492848315611,1.401062708659237e-07,1.432642582914163e-07,4.4937534248009764e-05,5.729018422259313e-06,1.0492421231685226e-05,1.7355879030120304e-06,3.6460838502277746e-06,2.0655210435662993e-05,1.1846545756993612e-05,7.09520175181858e-06,1.368585152026747e-05,2.7563699694356674e-06,1.8461793787899142e-05,1.3765375316069748e-05,1.1043112207414395e-06,2.7287163935555336e-06,2.0575088059110087e-07,2.4797676277159702e-06,1.3918589149369484e-05,9.76859909072704e-06,9.580172073005216e-06,9.251586023194326e-08,1.0404529953042338e-06,4.777518281967662e-06,1.3575191839250428e-05,2.5337489271601185e-05,9.287203610670336e-05,7.328796639858836e-06,5.643558590411596e-07,1.5168916996490906e-06,4.245341832030286e-06,1.0435969926461229e-05,1.7516455894163755e-06,1.531960671491147e-07,4.102082639905657e-06,0.000280418893282213,6.4301207032966325e-06,0.00016717512894940173,2.419312601429864e-06,2.869794087920728e-05,1.566988715910616e-06,3.3884969754712387e-06,2.7598401760733953e-06,4.418761664831929e-06,0.0002162973257821894,3.917768390818383e-05,2.079708613254103e-05,6.569885847762699e-07,1.6979319191580076e-06,1.9526848382369784e-06,8.15183977394897e-06,0.00022199377363491164,0.0001920066543661014,1.143164410162526e-06,1.1138225501617878e-05,6.295489943644407e-05,1.3156386638398869e-06,1.3126761065268332e-06,3.733438990613837e-05,1.8693182786526954e-08,9.672778795518959e-05,6.006938242163295e-05,2.6144998298833603e-06,1.7566087320894118e-07,0.00027164741601374404,2.6180565595543836e-05,4.7814276713597714e-05,4.4350590938218763e-07,5.656291371677522e-06,3.2099225367114056e-07,3.036135216217712e-06,2.507289503039195e-06,0.00040141417681129814,3.9821476310410637e-07,0.00012446600403558808,0.00013838972276096495,8.833200215313308e-07,1.5887655128684678e-05,1.6235610848641115e-06,3.197011864070004e-06,5.8697559740723366e-05
CL128693,2.2906863291393686e-07,1.729216632736946e-06,1.215243375827636e-06,1.2365565464264615e-05,5.5320927988328995e-05,6.989320061722389e-06,1.5522131426721814e-06,1.904428158245792e-05,1.312445907381423e-05,4.169185053113062e-06,7.531349578450284e-07,1.3271754318156295e-05,1.733029618188066e-08,5.504820884812823e-06,2.0673056746125574e-06,0.0,0.00010072838204121465,5.390844378963173e-05,6.149037505177215e-05,1.905241148268641e-05,3.1065125814366858e-06,4.161967660075018e-05,9.008033733682276e-06,1.004731512142881e-05,4.1900964509561835e-07,6.215775380524824e-07,1.556654234872157e-06,3.350183753875399e-05,9.276014059715591e-07,1.051123926664217e-07,5.743113273141902e-06,4.023902052099102e-05,2.637242717159099e-06,2.592181946118982e-06,2.7646508904953096e-06,6.395714896851116e-05,9.193483799627423e-06,8.792762023219373e-06,3.5843342976008186e-06,0.00013953851377341675,1.886759384403017e-06,2.0848064466581126e-05,3.788079297019785e-06,3.514749538959401e-07,8.378382615172886e-05,1.8034726380090995e-05,8.300009880603314e-05,1.614111237558366e-05,1.2845991851576168e-06,0.00016541366594411943,1.1615473367288362e-05,2.3382343781791755e-05,9.60941469941685e-07,2.8355586937858303e-05,2.3340945077126533e-05,8.754481148885354e-07,3.5221684914128444e-06,4.32856938391291e-06,3.980253184673641e-06,2.3228432509306385e-06,4.885604159276641e-09,0.000245851726091123,3.736119585631517e-05,7.612332016463436e-05,3.817076315146181e-07,1.2905367694532501e-06,2.8988679218019797e-05,0.00021163270999736587,3.6567991606028628e-06,7.043553374380695e-06,1.6475913051164017e-05,2.1426317905860688e-07,2.5567093056235914e-06,0.00011250429513049926,2.6843450061552377e-06,5.698296618516667e-06,1.0665058740936556e-06,9.535093403753345e-06,1.6718101700409525e-07,2.031703344837305e-06,0.0007277223372124691,2.0714178400761738e-06,2.615046389490814e-07,1.1748918189503063e-06,1.660193333837711e-06,2.3948282165172027e-07,5.675291032422464e-06,4.7639334054798906e-07,1.6865489237207994e-06,7.904201496908954e-06,2.551793712558405e-06,3.232185982124539e-06,3.317758013969322e-06,0.00020333873081957777,1.1965146786788573e-05,3.701178828454032e-08,8.318076539999752e-07,2.6615738417481096e-07,3.530136004789831e-05,2.3804273680500184e-06,7.27460172925102e-05,6.990397030520847e-06,6.020012283489164e-07,0.0007833756867073033,1.6664585603384052e-06,8.182095343371396e-05,3.526608354693309e-07,0.0002303628579331951,9.455749984879988e-07,1.2544673650061812e-05,3.240141835946872e-06,1.2944497562118726e-05,1.5978028448760833e-06,1.3179601452344368e-06,8.232551425138817e-06,5.634923726267617e-06,2.9770329142106615e-06,1.0266463675110148e-07,6.575142909815334e-06,1.336545716375634e-06,1.6929769685981268e-07,3.6682213916134277e-06,5.093539670115707e-07,1.6892260253680545e-05,2.3230401230654203e-05,9.077903099443766e-07,2.0070178226195225e-05,4.9210236762195005e-05,4.379863190546045e-07,1.5446400178741827e-06,3.3406557461349934e-05,0.0004041119765785596,7.78006409542377e-06,3.991629862083404e-07,7.729001732724368e-06,1.0828682365990164e-05,3.3737755633618514e-06,3.5553973423606118e-06,1.7302949439524072e-05,2.6168083099482174e-06,8.183815961685236e-07,3.201059440809262e-05,1.4609813326121904e-06,0.0005523809667364363,4.695486820924848e-05,3.3515752695121227e-06,2.334404265356913e-06,1.965730875369226e-06,0.00021592392107495673,4.3186919667164185e-06
XL393676,1.0264010072792693e-06,3.241440254621095e-07,7.883424625068831e-06,7.153504617171493e-08,4.71528786631212e-06,2.3941641060186733e-05,7.803622921690003e-08,2.1492806063701852e-06,1.0386908401403264e-06,1.704845991633012e-08,1.068332995398199e-06,2.9584488340211445e-07,6.919556351129237e-07,8.647447774363986e-06,6.361181295496321e-07,0.00010072838204121465,0.0,1.0294937270552611e-05,1.453579395020931e-06,6.241205829736758e-05,6.360278219813629e-07,2.6485801881117495e-05,1.0646180290147638e-08,5.270763167803578e-05,6.6951321863286676e-06,8.097784612560311e-06,8.273540955336232e-06,4.310772165692653e-07,1.6239346291766898e-06,4.2664006705864e-08,9.697073231666549e-06,1.0653493945522223e-06,9.484918211745422e-06,5.058103573440098e-06,1.581448626953603e-06,8.713572587743568e-07,7.442790178217346e-08,3.745414923127236e-07,7.922339388818233e-07,4.549648555656373e-06,7.422638221111828e-07,3.389412074709733e-05,3.3398124305261063e-07,1.0503804330175342e-05,0.0005425002565163761,1.0723034082010572e-05,1.3674045933413374e-07,3.0649422811270856e-05,8.630247484592174e-05,1.4651667548324585e-05,0.00010117748162655505,1.2388291292355256e-08,2.8502821601177977e-05,1.3447718290327385e-08,1.2804177160313169e-06,2.157905912581711e-06,6.981786403995801e-07,1.751776740776536e-06,0.0002618224073080534,1.133194274127059e-08,8.687157580497026e-09,2.6046767939323507e-08,8.416641099668405e-07,5.562709133120016e-07,7.586393417218553e-07,2.8583857553539473e-08,1.4228883996596906e-06,1.208298679626555e-07,3.042931107343679e-06,1.121858432045811e-06,3.268876913559244e-05,1.6126839969906082e-06,3.7758471587165884e-05,1.9865725400272496e-07,1.7805723064820098e-08,1.8822580304402439e-06,2.294756395734966e-07,8.656246711050401e-06,6.174362988900629e-09,1.4260441937156932e-06,0.0001802840590252216,4.2539734893369114e-08,3.950893751073344e-05,9.277119416435566e-05,3.32482012568652e-08,1.0218866997744573e-05,8.832947448458252e-09,1.4589195465023724e-06,2.204506434297905e-05,2.5895287959858374e-06,0.00010434172728147393,3.0578106010302886e-06,5.042816508169647e-07,0.00016587294257210212,1.7322865827509588e-06,4.7990860543033416e-08,2.09839442595512e-05,6.853084609472342e-08,2.0500488247584945e-07,4.436570571420904e-07,3.024284348242704e-06,3.4420633798883836e-08,7.480314843879955e-07,0.00021156306372162648,3.3991135636658255e-06,1.6053006607067908e-08,8.431147734436828e-07,1.6393690466370267e-05,2.130964594616838e-05,0.0003993316268315815,6.8897303090996725e-09,0.00011118498842433188,2.4489277488002105e-06,3.6440873741723275e-07,1.6747917348748515e-07,2.9171310226397806e-06,1.905986143578915e-05,4.117074894882284e-06,2.4033493344986288e-08,2.199809721542396e-05,1.2225387477471853e-08,1.249073055599652e-06,2.196420808567209e-07,0.00011448835692818906,4.673627785319257e-06,8.71329841751447e-05,5.257116729469498e-05,9.569912444169995e-07,1.6881076286787668e-07,7.831336721504546e-09,1.4943362239987554e-05,2.3990516908727286e-07,1.0882890402068682e-06,1.4002990644155867e-05,2.243034712563524e-05,1.5801632486434482e-06,0.0006110420379031572,1.3526939862190021e-08,7.260337952712405e-07,0.00022617233379168086,0.00029681548877235844,2.131890730330226e-05,5.06789901897973e-07,9.258913615944118e-05,0.00011831916305120617,5.30653348814761e-05,1.050697754814741e-05,2.7055025959066074e-05,1.0493036592582931e-05,8.035073860480979e-09
SJ372019,1.0224185964252987e-06,2.4575794597372737e-06,9.275165693500824e-07,2.2644891725867e-06,4.727078908905668e-06,1.119195463630458e-05,1.9775002601688168e-07,3.9292570915897825e-05,1.4598854724987064e-05,0.0001196399033211903,9.015237988625699e-07,6.379215139241834e-06,5.290723285799031e-06,2.9819492295309566e-05,1.4555620083138763e-07,5.390844378963173e-05,1.0294937270552611e-05,0.0,9.524865069425421e-05,1.6995426896716496e-05,2.999691438392422e-07,0.00036954697870231933,2.2886717046791807e-06,7.683655556253929e-06,8.645485226840843e-07,6.625650349578467e-05,1.7564953454241058e-06,3.101190918057856e-06,2.7182236939351256e-06,1.1702513089577103e-06,4.543998484223389e-06,3.574785043883376e-05,1.3701142559974247e-06,6.886766230457016e-06,2.622110444666204e-07,3.964552683871436e-05,6.498818244351215e-06,3.352258589401664e-05,8.920454492067809e-05,2.2922489107100346e-05,9.435519640789801e-06,7.168672075943246e-05,6.908922145485794e-05,1.5824735547372855e-07,4.840513151754064e-05,1.5674081290436326e-05,5.412567004886132e-05,4.210332691631027e-06,9.781943930069011e-06,4.150398169099471e-05,2.699338914576541e-06,6.098562852879619e-06,9.580780751296788e-06,3.0782714488706853e-07,2.779459159682995e-05,6.660599378005832e-06,7.017892739744419e-05,1.2797149700050134e-05,9.056078286353892e-05,3.2563101592982985e-07,3.15251990183688e-07,3.9576558925390124e-05,2.739187860239447e-07,0.00014516113780881104,7.53206402213277e-06,1.9334167860656834e-05,4.4721463291487674e-05,4.2099840807796305e-06,3.778417059441231e-06,0.0004947926832820727,2.4292168918281588e-05,7.139965491323726e-07,3.592412659663589e-05,5.982382662588358e-06,3.822926552282561e-06,1.2361334685741463e-05,3.5070889652592425e-07,0.00011150161806372867,1.0418624990132446e-06,3.6094053830541714e-06,3.114374758862763e-05,3.193412887630392e-06,1.2026576271101825e-06,4.66142778772203e-06,3.584050495663498e-05,0.00011427542786664263,1.3276718941132784e-05,4.801312670961482e-07,4.163732544410695e-06,4.121513482849139e-05,0.00012158506487517443,2.5582455392098895e-05,1.4592320855639265e-05,7.68886781693372e-06,7.823066881174863e-06,2.2136754960358893e-07,6.865381304415547e-06,2.67603838583653e-06,2.3235910205364473e-05,0.00012222442387259836,9.712944552838932e-06,5.151216199489974e-06,2.1752847895636306e-05,4.240076887091465e-05,9.511876392309471e-06,1.5935993974890225e-05,6.695076546340182e-06,0.002009426606164701,8.573985571437658e-06,0.00010780513345488839,1.3201802111397851e-05,1.1604137611685496e-05,1.2492875156287393e-05,3.31728399413613e-06,1.2541669058373712e-05,4.4058689243818456e-05,0.0002639239092038516,8.497583572101547e-05,4.4282534679156234e-06,3.405664441905396e-07,3.185200109180505e-07,4.0864033938692086e-06,6.056659766580139e-06,6.810235834311892e-05,1.8432838634751357e-05,8.184816892331268e-06,1.9098878047556073e-05,3.22877807290181e-07,2.4088657952794285e-05,4.678549362215892e-07,7.77048432248617e-06,1.9094526336317252e-07,0.000207187232974234,1.5614451632434367e-06,6.519790341225048e-05,4.52197925347774e-06,5.837192810676101e-05,5.343718176712134e-07,2.4983676279065925e-05,2.5193799977909966e-05,6.789034396511064e-06,2.275516689136761e-05,2.1857349824727502e-05,1.57668959761837e-05,1.168241345472475e-06,1.815445279608343e-05,1.1073453917425042e-05,9.844876243827443e-06,3.220602230269883e-05,3.4855792693182483e-06
DP586030,7.249550684517801e-06,4.2789102599918365e-06,5.720127275295945e-06,2.5500481591392853e-06,2.7046926235531776e-05,2.3258017553353848e-05,2.097673073558069e-05,1.5266130055896153e-05,3.0422243138303085e-05,2.0882798836365022e-05,5.835111742574465e-06,0.0002889382380557856,2.013242535827099e-06,0.0001238044323510317,2.9338857833981052e-06,6.149037505177215e-05,1.453579395020931e-06,9.524865069425421e-05,0.0,2.9932746320591764e-06,1.0285257889864192e-05,0.0005964634418059363,8.713375512957582e-05,1.1800737328329464e-05,2.315657568970138e-06,2.2506512486538484e-05,3.1483411554259953e-07,7.305156460745761e-06,5.421259551181889e-06,2.7392402285757137e-06,8.197161427426598e-06,0.00017707963563049728,1.4988145859883566e-05,4.460872304763994e-06,1.1828686387944389e-06,0.00048558080342695674,2.088548849776106e-05,3.3737602602586814e-05,4.145457754279414e-05,0.00025803975413143243,5.906833114678344e-06,0.00036016263781575494,3.8149406066547585e-05,6.716634989950364e-07,2.521884081505753e-06,0.0001823612827248007,1.2541907272502175e-05,1.3835552898312717e-05,1.0302886873219451e-05,6.98525681154614e-06,5.413996931519775e-06,2.7570482905033976e-05,4.311373686973891e-07,4.876820704352145e-05,7.349448734867452e-05,4.232307949112305e-06,2.9101699140346136e-05,6.84190672196798e-05,3.4697780212616472e-06,8.345018003946984e-06,1.3733253254369065e-06,4.5994323519576675e-05,3.645108790877958e-06,1.3827457663422137e-05,2.9420553264731082e-06,4.64774724086758e-06,2.4865148304172108e-06,0.00036034947525324473,1.0160183021608482e-06,1.79178208367631e-05,5.079804621306663e-07,2.4632763389049875e-06,3.882243116077276e-05,1.1360796544162924e-05,4.418124251973662e-06,2.331320991878896e-06,5.579212317097732e-06,1.223891381835136e-05,3.444702366856138e-07,1.1882619218965214e-06,3.546122617018906e-05,5.301504730828353e-07,1.3866870480847772e-06,4.1021738397153404e-06,7.623597776775265e-05,5.551787664284747e-07,0.0004146227414493974,3.1530275382035736e-06,3.0505723809716248e-05,0.0003517843982569178,6.261089000522606e-06,2.014317920898637e-05,5.89635381345418e-06,2.7456843361624846e-05,0.00018028273234064506,8.98169917488419e-07,1.9905526595718003e-05,1.5383248399023657e-06,0.0004398727917742906,5.552343951631589e-06,2.4318675699563976e-05,6.299490387120432e-06,2.9930990589938608e-05,1.6456255299557126e-05,1.8923226666119615e-05,0.00028629107145687827,8.252248504936119e-07,7.018862127736077e-05,4.174297174547533e-06,2.0103333157214585e-06,9.90356852547203e-06,1.0164715876442916e-05,2.0142143290890027e-06,1.4578400615384516e-05,0.0006768401998808028,7.640804465579571e-05,7.541988456021077e-05,3.577364372397118e-05,9.397323419082513e-05,1.4798517187623654e-06,2.6643207874438264e-06,0.0002520622670626709,1.933898108125384e-05,1.4309672126507453e-05,3.6054272227172286e-05,2.9908204707273944e-06,1.841414425942996e-06,1.7094907298530984e-06,1.2248498542532462e-06,2.7218513963698066e-06,1.851280148770968e-05,5.1485689746750315e-06,2.344849657325961e-05,4.952588341456982e-06,7.558402640393443e-06,1.3143364651462269e-05,2.9284810516322766e-06,8.334340043056589e-06,7.303933185753148e-06,6.666375638992189e-07,6.966072983608135e-07,3.5792099585865574e-05,1.3784774432181208e-05,3.66174902214924e-05,1.8673965327724718e-06,3.6867203365151628e-06,6.113644729291655e-05,3.1429334913875134e-06,0.00027343675206142827,2.7115243447817356e-05
AA598017,5.5380896628969715e-05,1.4344546508926014e-07,1.0946374184018915e-05,0.00013268946031301483,2.6284000941734545e-05,0.00018467246232321154,3.846534614723711e-07,8.314670696197875e-06,3.12965197181163e-05,2.1519162589741302e-06,4.354703381589316e-06,2.1606602427076536e-05,9.531881179540602e-08,1.6383061009810545e-05,2.376281864730055e-06,1.905241148268641e-05,6.241205829736758e-05,1.6995426896716496e-05,2.9932746320591764e-06,0.0,4.783919202612236e-05,0.00012081001374491797,8.722083309642632e-06,2.730725356222402e-05,6.816442208890816e-06,4.994555505598035e-06,5.433509499499874e-06,1.2986175637878196e-05,8.216181968776672e-08,1.5576833542096634e-08,2.9899469517024207e-05,0.00010476551444430805,0.000123381583529289,9.036558306796313e-05,1.375030647341664e-06,4.742040137822628e-06,3.6466198489143614e-07,5.051146605689066e-06,2.1804484189822103e-05,1.013628469861563e-06,0.00014285992086962706,1.791184122536433e-05,4.680437023604807e-05,5.1908463935535915e-06,0.0003154940513290046,1.391073641545097e-06,5.984881500688643e-06,1.369920767406419e-05,1.3638984442833986e-06,6.023915520307563e-06,0.0001317140967410091,4.294210483994245e-06,6.7243828936464945e-06,2.442397877667068e-07,2.168745887191875e-07,9.906910100424278e-07,9.810670564435502e-06,2.5437846762943224e-05,3.177031363524021e-05,1.1307536177902132e-06,3.5628570079784355e-06,5.149661860397933e-05,0.0003931347300009614,0.00012364245222105236,1.7049566870219972e-07,3.833999290257679e-06,2.3040953512784402e-05,6.359027286513989e-07,9.27484373754152e-06,1.6523875512386314e-05,6.316987576408556e-05,1.9704982813811915e-06,0.001554608145255222,8.201351903909875e-06,1.5030123206540628e-07,1.836855370496207e-05,3.5760280078050127e-06,6.578574204548693e-06,8.078113491047983e-05,1.60610870549946e-05,3.614710860906726e-05,4.3965954065436654e-08,2.1834796376166514e-05,3.6737774743217385e-05,2.3573432576111165e-05,8.928816207393988e-07,1.0453029151526121e-05,5.027017701330973e-07,5.180252435771674e-07,1.206711347570545e-05,3.5173143590824628e-06,3.4183119012929915e-06,4.532725203851072e-06,2.550812630067031e-05,5.250943353285986e-06,1.9294794948393176e-06,3.1718109442747877e-07,5.21616738424321e-07,4.333628583666916e-06,1.9622253437838596e-05,3.0572163652927586e-07,1.7735701642182685e-07,1.4140554033224352e-06,3.1574182618914646e-05,4.023887846446145e-06,1.5054509001748928e-06,8.201512777934326e-06,0.0002744536846795417,1.3322686014264601e-07,4.18793009852796e-06,8.133859435492114e-07,1.980095920766792e-06,5.0704714229618625e-06,4.136383396454469e-06,8.803807050785775e-07,1.0924562792024801e-05,1.2129141430535863e-06,1.161300276994715e-05,6.246927399204791e-06,6.900928195425022e-05,2.808180220054999e-07,1.4140536871176679e-06,3.1898622198053234e-06,1.5302673818028772e-05,5.052418232009769e-06,8.446715091322699e-06,0.00017910794000001304,1.0604052116562148e-05,6.86409037749591e-08,2.9273627427839093e-08,3.8713150337695174e-07,3.9267875728048124e-05,2.0182870856866937e-06,9.585020638474515e-06,1.3252061350218011e-05,6.529641762754003e-06,5.8992521651371e-06,1.1025897214875536e-05,8.043597442602317e-05,5.183748856446199e-06,4.268690459521915e-05,6.495155368298786e-06,9.442828419069695e-06,2.6102942062676137e-05,3.5049179018482624e-05,0.0009613566700996816,4.390948661466281e-06,4.72204592930295e-05,9.127598394175787e-05,2.005868924001018e-07
IH413600,3.897293669620728e-06,3.925933606443941e-05,9.61408365961456e-05,5.860466863736586e-05,4.6124179998207475e-05,1.8629487274440426e-05,4.647014602575556e-06,5.819459795909657e-06,0.00029008553361262033,3.786563278940621e-06,2.0824238302638066e-05,1.1375110687644497e-05,8.20890902657783e-08,1.2976659619231268e-07,1.0110337649878038e-05,3.1065125814366858e-06,6.360278219813629e-07,2.999691438392422e-07,1.0285257889864192e-05,4.783919202612236e-05,0.0,6.499172527295739e-06,1.711686933793415e-05,1.404884998336148e-06,4.1025619581707455e-06,5.456488483348132e-06,1.6933603478038203e-06,1.7766409965779914e-05,1.6099003658952062e-08,2.4230066791606444e-08,3.3960800459813807e-06,7.301440075529348e-06,6.335713458814739e-06,0.0003366043917386731,1.8055860134331814e-05,1.5705558409663507e-05,1.403277222995098e-05,7.155398211766477e-07,8.542629760793145e-08,8.417157225999612e-07,6.192704866369398e-07,1.3927142898132027e-05,6.382404137082452e-06,6.8786635238920975e-06,6.17160379686518e-08,3.1083690111461866e-06,8.143894255732591e-06,0.000114316998433086,3.391826433709393e-08,6.143727407530902e-08,0.0002856865299870284,7.9569366850456e-07,1.0588567994021161e-07,1.8132516298704518e-06,0.00048080247932925924,2.1573583534769095e-06,2.9056934128988953e-06,0.00022726636755769584,3.013158462190448e-08,1.9883505432243187e-05,1.1861155365810522e-05,2.5769484237861784e-05,2.2189082880569294e-05,4.7212667568574036e-05,3.224178866614017e-07,2.9546389140752995e-06,2.593036563535354e-08,2.7457769610815767e-06,2.3898564044523376e-06,3.0225105690625847e-06,2.5555172454046904e-08,1.712559620961109e-05,3.1379441808857096e-05,4.569024335324065e-07,4.275891507468655e-06,7.341263474545125e-05,0.0007641510870604142,1.2084292463489237e-08,0.00010129719288501336,5.280792180222165e-06,2.8554902977543907e-06,1.0644954127032817e-06,1.1720727571988134e-06,1.9054612024324165e-08,5.269916643157533e-05,1.053187991753283e-08,4.306418527115073e-05,1.657772567713449e-05,2.685054372902075e-06,8.775816970945581e-05,5.819860668770829e-08,7.417408305084247e-07,0.00033241751036490236,9.181451495432292e-07,7.891617751438346e-05,1.026823827340658e-05,5.0084421084604e-08,0.0001204748271019906,5.381985473607579e-07,1.2257936341203001e-05,1.1836366132713525e-05,1.756469336245036e-05,7.274639390079859e-05,2.4281940927240423e-07,9.650688863501972e-08,3.190515901002563e-05,5.685478411662452e-07,8.978825078365826e-06,4.905292507653735e-07,1.3612138709482238e-07,2.0142299830170505e-07,1.0451271241892628e-05,2.2522595251272035e-08,0.0002177450831611725,0.00012235713705059922,1.1757141965860103e-05,7.933483858207462e-08,1.3831195552427453e-05,2.2427553019156487e-05,6.129662451249999e-06,4.808608672351153e-07,0.00021965949093889653,9.896833878940272e-06,3.98372278880627e-08,6.384591061786258e-08,9.770284358469425e-08,7.36022499471596e-06,8.372491833657051e-07,2.0272264553755203e-07,2.2194116360239183e-07,2.7344965033602306e-07,4.1898736461652985e-05,3.253516465142314e-06,1.189710480324879e-06,5.764237983010501e-06,5.702295011096432e-07,2.2507202674570722e-07,0.00016267721955702178,1.818346141675374e-07,2.9842394737184415e-07,3.463536535605028e-06,1.2300962437399836e-06,0.00022059636734400012,1.975976929140036e-06,7.227374447627079e-07,8.221870286565737e-06,1.433572760758336e-07,3.667099727533261e-08,8.284703020002404e-06,2.9645959392572792e-06
JX893057,6.928072827271868e-05,2.6171586661100084e-07,7.855081238995154e-07,8.612600318526633e-06,2.054248491168446e-05,0.0004706511085594027,2.845551571039257e-05,1.4489218046275295e-05,1.989898192443207e-05,1.698521389603868e-05,1.3950938059842405e-06,0.00016481707946051777,2.1297698608863123e-06,0.001043689213190561,3.585172295906293e-06,4.161967660075018e-05,2.6485801881117495e-05,0.00036954697870231933,0.0005964634418059363,0.00012081001374491797,6.499172527295739e-06,0.0,4.9190291909441025e-05,0.0001378235276411338,8.502793919426638e-05,0.0003118784536591186,3.4371506350157124e-07,6.715644762251104e-06,1.335926777723711e-05,1.0775494301266947e-06,9.143695651185032e-06,0.0004905182628086387,1.9418905023399927e-05,4.922725908277967e-05,5.578599842606735e-06,6.924898393663304e-05,1.1499690570838576e-06,4.146241624524394e-05,4.765712920501085e-05,3.02078466929964e-05,1.7411988618809504e-05,0.0004448947355646793,0.00010666439133214579,9.010017235993709e-07,7.481093428072091e-06,5.3259766423684486e-05,1.7662101830161452e-06,4.401676178020652e-05,6.01397801355089e-06,8.804558897314996e-05,9.712818682851281e-06,7.124159871062235e-06,8.253668236812817e-07,5.542022524420839e-07,2.97113404827646e-05,2.6082029427656163e-06,1.370610405462602e-06,1.7962491991253756e-05,1.8529284740483004e-05,3.136494609129856e-06,2.7843502083381975e-05,4.771503042165093e-05,8.482117519635773e-06,1.24458792723355e-05,1.3363460418056703e-06,2.2628557818036204e-06,2.543934946393573e-06,1.3006955260341722e-05,2.1985909263320245e-06,5.668012094341456e-05,8.002774175769343e-05,6.275161954051069e-06,0.00027238981836145434,4.9668082494359376e-06,3.1557060052817043e-07,6.696424239426142e-06,1.0248781329978643e-05,1.605967466669019e-05,1.15763690061487e-06,3.1678313387144235e-05,0.00018322817235739966,3.721941296334517e-07,1.3708526654550902e-05,2.616486391839211e-05,7.732990605074236e-05,2.4528912305442115e-06,3.600061959273973e-05,2.841560165633645e-06,2.101682210274641e-05,0.00011046693379044274,5.227262444295552e-06,5.318372710306635e-06,1.3288880711950617e-05,0.00027481752564310994,3.719973338618179e-06,4.759436180821243e-06,2.8715908881972762e-06,2.476419282254241e-07,3.434849330563011e-05,1.0444594648687955e-05,1.1698783796142342e-06,3.303222850476964e-06,8.034971855170622e-06,1.0434422037989865e-05,0.00010698529260510216,1.2304535875510616e-05,1.1899902064219783e-05,0.0004834949245781191,5.956189884657165e-07,2.1132915076763706e-06,2.6537704225374457e-05,1.247225973443802e-05,2.773030244020863e-06,9.369250901231296e-06,2.586973330429692e-05,0.000231252785216864,3.2012336802375856e-05,6.84021305701106e-05,0.000253457491579781,2.209937948157824e-05,4.4338145098702966e-07,0.0004189364159691692,8.16327753449366e-06,3.6901950950337265e-05,1.4118043120749995e-05,2.4661393039344177e-05,6.207503047224804e-06,1.7868381043622716e-05,5.378602482816256e-08,3.154326836980343e-06,4.442325586099234e-06,4.692557209125481e-06,4.8866419679076264e-05,1.4071285489359776e-05,1.3077118641475977e-05,2.229860996282474e-06,1.7793852624513766e-06,4.343929382532914e-05,3.551287536415944e-05,2.6925449526868675e-05,1.3113596087404922e-05,2.8486766378070313e-05,5.776787031365339e-05,1.462796913962012e-05,4.366870539271387e-06,9.812147809599704e-05,2.11924778347611e-05,2.968003321570491e-05,0.0012032330289529838,1.0632668108645253e-05
RJ664372,1.0443564292643277e-05,8.820000943822427e-06,2.7066624700578798e-06,2.0411836937997796e-05,0.00024400838867331113,2.0969937639081954e-06,1.1187412356555179e-05,0.000373843124469398,0.000227046206776707,0.00021180246041562463,1.76753721562102e-06,0.0006728040368913944,3.655797507751709e-06,0.00010991140678961166,2.769134621944665e-05,9.008033733682276e-06,1.0646180290147638e-08,2.2886717046791807e-06,8.713375512957582e-05,8.722083309642632e-06,1.711686933793415e-05,4.9190291909441025e-05,0.0,8.621928021843963e-06,5.31771831569601e-06,2.9141865784884363e-06,2.7611655803929932e-06,6.713298384597732e-05,7.232890215387537e-07,3.602573568413885e-06,1.8808074962932407e-05,4.042556345794838e-05,4.3287189832582454e-05,2.2046549977164585e-05,5.242622009837863e-06,4.126146094620876e-05,2.5183070055517163e-05,4.307124360365077e-06,6.140699442430263e-05,7.060180063763327e-05,5.211951526657164e-05,2.7783551918861965e-06,3.305217466331988e-05,9.820678506990153e-06,2.897494742644137e-07,2.469476211201478e-05,2.200083962375254e-05,4.93992333156198e-06,9.132512900110983e-07,3.4713757429990265e-06,1.1226361384833036e-05,7.958825316786121e-05,3.769705665881267e-07,4.514569185639597e-05,1.2435857060089905e-06,2.9916068641054066e-07,7.942721192300252e-06,2.3387867297125317e-05,5.007020474301601e-07,2.1349971430492272e-05,0.00014254462366047977,6.472294290401358e-05,1.4097959905683319e-05,5.746782292899153e-05,2.1369376868094117e-05,1.1320249582375822e-05,5.994946682890397e-06,4.7349507968360175e-05,1.2357271376342925e-06,3.3999921117393884e-05,1.395774279463412e-06,7.662502155287944e-05,7.01773905015862e-05,5.460782557646172e-05,1.6581405160753532e-05,2.373360142767973e-05,1.894008665345703e-05,9.741258342267358e-06,5.791245515571274e-06,1.6742502421912183e-05,9.494411939704288e-06,1.2244233970520114e-05,1.915223403422707e-06,1.344157824580253e-07,2.5862335780132232e-05,3.176927240616471e-07,0.0015612529421277373,1.8227257526800622e-06,5.84566939782114e-06,2.827519419066487e-05,1.126247396558471e-06,2.024700853471375e-06,7.545062117868409e-06,4.1283311309231504e-05,7.675890148384998e-06,1.0411369800023217e-05,6.772543884184555e-06,8.717099511790834e-05,0.0002723365770818719,0.00012877425767712235,2.876621129837767e-06,2.9204166158791946e-05,3.775771107475765e-06,7.5804500746066726e-06,6.395802586164585e-06,2.1585642879696175e-05,1.2967855509208092e-05,6.664879493669884e-06,5.650092302577605e-07,1.5378847483162812e-07,0.0008539078200756242,1.914270610843764e-06,2.9570273670072316e-06,6.248174159031009e-06,8.910985544918834e-05,3.413267187876361e-05,1.5628904948544048e-06,2.9907200550379077e-06,3.1360635970240335e-05,1.5959482638669997e-05,3.364817517713256e-05,1.6564000001579245e-05,1.576885868113823e-05,4.5118621735924715e-07,3.3948423207684777e-06,1.690022088412424e-06,9.299722194607634e-06,0.0001258388417107502,4.118731385706009e-07,8.024370305473833e-05,3.6734559997133826e-05,2.776132484885575e-05,4.903974422668681e-06,3.6360951854014564e-06,4.68605531505109e-07,7.998901884815131e-05,3.2129802717672594e-08,0.00028477569861555253,1.056791041523937e-05,2.7927504444287453e-07,3.6117767336938433e-07,1.892921785463661e-06,3.675327925718262e-05,3.0014086510852877e-06,3.6877373889151263e-06,2.353992674245259e-06,4.163656887852105e-05,3.4296591380015994e-06,0.00018128028118036127,2.78728265020481e-05
YP599008,4.740924830219392e-05,5.641946676269129e-06,7.554015552102072e-06,3.414424990305317e-06,2.8513629027536404e-05,0.00101237820216366,4.290484435699842e-07,7.744433122570989e-06,2.583393967353523e-05,3.332811265798795e-05,2.4974108580316145e-06,7.167563766360141e-05,8.512330173291994e-06,9.542839373624317e-06,0.00013394657961654673,1.004731512142881e-05,5.270763167803578e-05,7.683655556253929e-06,1.1800737328329464e-05,2.730725356222402e-05,1.404884998336148e-06,0.0001378235276411338,8.621928021843963e-06,0.0,2.4640213657308793e-05,6.292497752469451e-05,8.215944299218535e-06,0.00011367061053112383,1.2142025992330977e-06,3.56118648022177e-07,1.4873180389151965e-05,5.291321587061338e-05,1.2086921763075032e-05,1.1058591975950034e-05,7.480462416780895e-06,1.7096166690982862e-05,3.895271145804603e-07,0.0001725665986907048,1.8170296814637454e-05,0.00030268494790331287,5.875452125940119e-06,1.2509165293023126e-05,0.00014910714291823207,4.8710007410743114e-05,7.5420083956889216e-06,0.0009332914799655628,1.6185852976795525e-07,0.0005866823009071234,3.436630301496395e-05,7.797403223846848e-06,6.6244736964783984e-06,6.68677276176177e-07,3.7027781854519064e-06,1.028306440998175e-05,1.5794173720387618e-05,2.8163767298534583e-05,5.630516978383991e-06,2.7046998118538846e-06,3.49982900217671e-05,2.3015072228471274e-06,1.4234194282518634e-05,1.7558504571665213e-06,1.5108382614024997e-05,4.162855176910205e-06,5.260394859467649e-06,5.878882579571761e-07,1.1504935695613786e-05,1.8548077587574156e-06,1.4806999573338041e-05,9.972257989668186e-06,0.000495988406341788,2.414393130594979e-06,7.741304451171977e-06,1.7859238042613644e-06,1.4799237825386685e-07,1.4040949955058705e-06,2.180796493151967e-06,1.917965283537972e-05,2.2760092275500926e-05,1.7791174392021231e-06,8.581642556843802e-06,1.6651969411590613e-06,3.052914083307862e-05,5.287297294513926e-06,3.1192332137031384e-06,6.4882999972917614e-06,3.4843240644712386e-06,2.491405443597427e-07,5.465371532775908e-05,1.9562271443565525e-05,4.272906368120492e-05,6.654730262494409e-06,1.559567379814585e-05,2.0448418092000567e-06,1.5868842110027047e-05,6.756204055952022e-07,4.706351497745005e-06,6.788848931868904e-07,1.705431739340711e-05,1.9811868291569498e-05,7.257517688660133e-06,5.336596854230214e-08,1.1720842641461145e-06,7.343621063834038e-05,0.00031535141890148783,2.6839406336665295e-06,0.00023519084997029958,4.769072244523604e-05,5.362071219776212e-06,6.73623825930755e-07,4.489379547145821e-06,4.1942075833849114e-05,3.966150087483536e-06,1.6096951125500665e-05,1.1419232941196335e-06,0.0007231238864537545,2.315100636796233e-06,1.705419103110522e-05,3.0379281971732202e-06,1.547463279196892e-05,7.661892735353254e-07,2.9417102561831704e-05,1.5469726661497813e-05,1.9462932275015244e-05,8.257260682110902e-05,6.016993937747805e-06,2.162386793191859e-05,6.777085585198323e-06,5.93641844777071e-08,1.709835930299751e-07,1.9245445202665586e-05,7.972754887610848e-05,2.4002099108030856e-05,7.92956269581786e-05,7.53855784195013e-06,6.838198696637161e-05,0.00039876394886504004,1.0833125239489111e-05,2.510594071230766e-06,5.411409544017784e-06,2.6150532191081116e-05,3.646565599104534e-05,5.178658001710932e-06,8.399504518585714e-05,6.800046121149312e-06,7.427486950247996e-05,1.4488197717784911e-05,8.493962919581482e-05,2.4541065851370002e-05,8.591585728887261e-07
AU877814,0.0006349991493882881,6.204405483712361e-07,0.00014644855004122617,1.6166583832763542e-07,1.990567249811329e-06,0.0003082784986236019,4.0208774477481474e-05,5.434435411386737e-05,1.5391475501147077e-06,5.059806971255867e-07,9.644659727552971e-05,2.025218684261117e-06,9.601498750707357e-06,7.02937312248918e-05,5.74893102616453e-05,4.1900964509561835e-07,6.6951321863286676e-06,8.645485226840843e-07,2.315657568970138e-06,6.816442208890816e-06,4.1025619581707455e-06,8.502793919426638e-05,5.31771831569601e-06,2.4640213657308793e-05,0.0,4.463816399337258e-06,2.4822062196287238e-05,1.3869531297377346e-07,8.017211833718365e-07,5.281034811476633e-07,5.691523532541523e-06,8.927127620884965e-07,4.3246390695270704e-05,6.9159363001918e-06,4.947627483405116e-06,1.5823421032671468e-06,3.476864032147439e-07,1.9976924654060808e-06,3.044729033709739e-08,2.137471821400314e-06,3.2600721309443067e-07,9.686957166178025e-06,4.5203564292435116e-07,7.2404453427936806e-06,3.102404666767163e-07,1.914455793723674e-06,6.757429076578071e-07,9.255439958358684e-05,3.543118174674175e-07,2.467012797040674e-06,2.748118886451327e-05,2.6231449474503866e-09,5.0436904346357595e-06,7.561113238629733e-07,5.433204535406309e-06,2.2109983222677747e-07,1.0176803377550078e-07,1.9363612306506322e-06,1.4981058669978798e-06,3.905984539248326e-05,2.36000299579894e-05,4.140799627241394e-08,2.1023481303959583e-05,5.291653817568667e-06,2.856029241689214e-05,4.904719117673157e-07,1.8689668107538791e-06,5.799949242507502e-07,3.853574858257408e-05,1.3671399385073892e-07,2.417258890299346e-07,0.0004758658799934895,0.000626785870422767,1.8876349661120855e-07,2.7045542993353634e-07,5.445810203618473e-06,2.6532709724248287e-05,4.232227797940961e-07,6.56361297515399e-06,6.459713005554549e-06,1.0043526367940532e-06,2.312684300757013e-05,3.2677064086005294e-05,2.5718823469078656e-06,1.1184610278264824e-06,1.2818409461848676e-07,2.17778684394171e-07,2.973206825834873e-05,1.9501542100109043e-05,2.071562132533871e-06,2.92383813724343e-07,6.772927043073984e-07,1.7965279773420908e-06,1.675639619533761e-05,7.890286116763236e-05,1.0349559748483514e-05,1.041166911441184e-06,2.6314348780269126e-07,4.694840560809178e-07,1.5902224430372305e-05,8.127175706827188e-07,1.731454085271083e-05,3.2740747106392153e-07,4.88222067711784e-06,2.9508784240667858e-05,3.487046137602022e-07,2.699713216694327e-05,1.5072397016306106e-06,2.8947993901279087e-06,1.3726725355205543e-06,3.1398891788452386e-06,9.75650902714313e-06,2.660727828185004e-07,0.0002692797242447613,9.001845477282929e-07,4.17764243219175e-05,5.939200722306369e-06,7.223689667348246e-06,1.4688550363628937e-06,0.00019975253246146775,5.762310515960805e-06,9.353635917977636e-05,3.590593224597502e-06,8.390394522024573e-07,8.458286597445726e-07,1.7821957503575647e-06,2.849852203903613e-05,7.528817564867209e-06,1.1495615032278224e-06,3.4493104994076463e-06,8.346504924522416e-06,6.449864223644033e-07,1.9927893325739194e-07,3.6755791518030303e-06,1.8987345689783724e-05,5.498045396803464e-06,5.706395902396362e-07,1.222945245963266e-05,1.6813267784817168e-06,5.681625470975974e-05,9.213262558628132e-05,1.3235576183042372e-05,7.429359116331299e-05,8.27522713153029e-05,4.607952917434341e-06,3.093519229238216e-06,6.840019025930417e-06,6.364316809719941e-05,1.492780423914311e-05,2.7416774402639586e-06
TP712509,3.829816748806533e-06,8.9121620023589e-06,3.5014904589295274e-06,2.338855818442115e-08,1.4416298343837166e-06,3.3248589888300245e-06,1.1155180466595039e-07,0.00010972062237440616,4.0669775166241966e-05,1.4847772886037712e-05,9.45265873544407e-08,1.1781565140525241e-05,4.968876902600574e-06,1.7153599646913484e-05,1.529020557776174e-06,6.215775380524824e-07,8.097784612560311e-06,6.625650349578467e-05,2.2506512486538484e-05,4.994555505598035e-06,5.456488483348132e-06,0.0003118784536591186,2.9141865784884363e-06,6.292497752469451e-05,4.463816399337258e-06,0.0,5.386569577897826e-07,8.179246899882294e-07,2.197552100682459e-05,7.376249253639316e-07,5.8152119247026785e-05,9.31018162742239e-06,1.0150225915608389e-06,9.229814929042589e-05,8.849696102450485e-07,5.614370614510565e-05,7.686681356472223e-07,2.7603212890797134e-05,1.3808385831181671e-05,1.4662305939818179e-06,3.7603332351480654e-06,0.0006147558658299225,3.4811398779995166e-05,1.9129970239743645e-06,1.1558356377727367e-05,0.0007164495974522172,2.3095418199708334e-07,8.28542326058569e-05,7.231735711194885e-06,3.2270961888008113e-06,1.671946773362116e-07,2.823753769101834e-07,3.5914245935823955e-06,1.910846188458545e-08,2.3421732866229066e-05,5.0042283804913306e-05,2.9313021358483072e-05,5.215789330223971e-06,1.6611525029323437e-05,2.3293126542919958e-08,4.714195184833171e-06,1.2217906294887589e-07,2.182726251537727e-08,1.0062501319900153e-06,1.0789204466788115e-05,4.563263478479655e-06,3.2619797088457016e-07,2.404848575299913e-07,2.841299203636474e-06,3.6873073681192943e-06,1.3301956083839356e-06,1.2729940823820322e-05,4.752614510152935e-06,1.6916536597779966e-08,1.5519639349850989e-06,5.549690565617722e-05,1.160269388797039e-05,3.548893139220274e-06,2.170020255967431e-06,5.162455261397854e-07,2.957103492890847e-05,6.065388327103217e-07,3.702969637677947e-06,8.490039836122679e-07,1.5907965223752672e-05,1.661794152087473e-05,6.597241623474091e-05,9.249174890921189e-07,0.00023542623947504055,0.0006265869464026273,3.31508847754572e-05,3.6518788186337354e-06,5.8544413659424254e-05,5.511220739963797e-06,4.209833334204412e-06,9.34834401320245e-09,3.380189125499983e-06,1.4460377450231086e-06,3.358634808772425e-06,9.32213809047548e-06,2.3475937168095502e-05,1.2090056154242078e-06,1.1181804258551802e-05,6.600772556799226e-06,8.330361406137808e-06,4.036131763608361e-08,3.7655174462438876e-06,3.935863405462803e-05,7.680615418811353e-05,7.175158359800646e-06,3.8583960185101766e-07,0.00020480518566669354,4.157213631133293e-06,9.221456301265938e-07,8.367288970960144e-07,3.2388536866795245e-06,0.00020409718279434943,0.00021099248011176573,2.117987826753493e-06,9.28798598639127e-07,1.49669035360283e-07,7.66254370362911e-05,1.8349005492505004e-05,1.4292776208064791e-05,6.6384853897394796e-06,0.00045734085140767264,7.139371160069596e-07,3.19422408763115e-08,7.648725246785929e-07,9.621526487589322e-07,1.0426698408994564e-05,2.885366746403285e-07,4.507495866404558e-05,0.00027484059266213334,7.738128805867198e-06,1.935311927237196e-06,6.727193770968983e-05,1.4760914437208489e-06,1.7107753260283428e-08,1.8488242497460427e-06,1.0746641203618444e-05,9.421895785942015e-07,1.5049872305856038e-05,1.73232893401972e-07,3.415158879622412e-08,8.701027874158258e-07,2.631013547530346e-05,9.326534461207188e-06,4.2921437516180265e-05,6.510118362631416e-07
SV756975,1.0063053563348732e-05,3.3669491215140015e-05,0.0009570083121484329,3.405181249800221e-07,6.789982405329653e-07,6.882679948524619e-06,3.2341538916621443e-06,1.908489517702564e-05,1.5027613208572373e-06,6.450310530994925e-06,0.00045532964447969653,4.041280484923496e-08,0.00010332623929468774,1.1569251242739623e-05,0.0008281012980937343,1.556654234872157e-06,8.273540955336232e-06,1.7564953454241058e-06,3.1483411554259953e-07,5.433509499499874e-06,1.6933603478038203e-06,3.4371506350157124e-07,2.7611655803929932e-06,8.215944299218535e-06,2.4822062196287238e-05,5.386569577897826e-07,0.0,7.214421241726906e-06,2.5842708321399816e-06,2.0062414223588242e-05,3.2332329478987416e-05,4.3218291892142667e-08,3.0017454032467924e-06,1.9363076842449945e-06,4.018499744129739e-05,1.1899535872115326e-06,3.1998113914818933e-06,3.982863712638005e-06,2.721138920106848e-06,3.9915783687473434e-06,1.751501657052841e-06,7.205027454369129e-07,2.5375137851024615e-05,0.0014473801172832828,1.5333805409969363e-06,3.799529178422821e-07,6.007740316108369e-05,1.796195040865148e-05,9.486430085079935e-06,5.517574124365511e-07,3.456647803270554e-05,2.457687310949556e-07,0.001013948277789658,5.616727251314483e-06,2.1149844600409456e-06,9.537012140686849e-07,1.1469815113876628e-06,3.349540439870551e-06,4.492063291730137e-06,5.242678251617954e-06,4.3128235854242696e-05,8.23343485870738e-07,2.483244529497363e-06,1.2072461045737369e-05,3.4022148176248954e-05,6.24731034451143e-05,5.4098996680476604e-05,4.30168367227309e-06,0.0003490464556834563,7.696240289387616e-07,3.6481934936441854e-07,0.00027205334413267263,1.1362235431194765e-05,7.984489539257845e-06,1.878989097525244e-05,0.0001479939515280484,4.193299695639322e-06,1.0577306377801148e-05,6.413848349018714e-06,6.124724488336475e-06,6.334433104844951e-06,0.0006569035659091838,7.4390751579675006e-06,1.4973578008120027e-06,4.5188210461275115e-07,0.00010027299285781002,6.030580724776116e-07,1.5055516430768455e-05,2.4356838816558163e-05,6.700962483480289e-07,1.5869111105962581e-06,1.1478350495205719e-05,2.2510117088623683e-06,1.0997729755426438e-05,3.7083576267682604e-05,9.815559797924714e-06,4.9756532171691814e-05,5.6938056892789595e-06,1.0499857263562229e-06,5.1519594128444656e-05,4.442325241557626e-05,7.804777735612904e-06,3.085382415170117e-06,9.006856599966643e-06,1.535428365548067e-05,8.469044383611829e-07,0.00043733346841596865,1.9859186979365833e-06,0.000129378426892677,1.8888929393945582e-05,4.433228381058791e-06,2.304807254890795e-05,6.488939129196394e-05,2.745845330425931e-05,2.4138540989967134e-06,3.0912912501379823e-06,3.525220613676157e-06,2.416063607871426e-06,1.2626919037045135e-07,8.662327411260026e-06,9.381582628925567e-05,2.22736863208109e-06,4.488050296470649e-06,5.012323183247533e-06,3.654301511551686e-05,4.698680642659787e-06,1.826780179642591e-05,2.0776985740361265e-06,7.64170277494974e-06,0.0001332021210315271,2.3300416662158484e-05,2.667303172619493e-07,8.043501029457597e-07,5.4554363412820195e-05,3.8555309929193454e-05,0.00010069452904930727,1.3237703418241842e-05,1.3170052076457574e-06,4.434160288101867e-06,0.00012353096216276258,2.6428079998137057e-05,0.0002028107229033097,4.628789663278751e-06,3.1424476718602476e-05,4.155730242035025e-05,3.812219976091164e-07,2.9140897443736772e-05,9.936148473904906e-06,2.477763241221441e-07,2.6076919800142113e-06
NO407338,1.4081652645400137e-06,0.0001808221920115114,2.5966434762158757e-06,0.0005495432773771162,0.00015234327242661308,7.0822951612912706e-06,6.27249372225554e-06,4.530247904545828e-06,3.0784727098674386e-06,0.0001825220515826039,4.930131255850794e-06,5.171515699611884e-05,1.5837111355929898e-06,1.3295039459505725e-06,1.0227270407059771e-05,3.350183753875399e-05,4.310772165692653e-07,3.101190918057856e-06,7.305156460745761e-06,1.2986175637878196e-05,1.7766409965779914e-05,6.715644762251104e-06,6.713298384597732e-05,0.00011367061053112383,1.3869531297377346e-07,8.179246899882294e-07,7.214421241726906e-06,0.0,4.902927849739005e-06,5.300404209297527e-06,7.194774884000487e-06,5.250234670482331e-06,5.168238300899669e-06,5.942933607649051e-05,0.00012766147730336897,1.0953699372467186e-05,3.3125722586107126e-07,0.00016059256621364846,9.418038207809385e-05,3.458795031151211e-05,3.0958495029783465e-05,1.7821292111347734e-06,0.0016679681712109503,4.751549271498619e-05,5.920868457890543e-06,1.987014008966544e-05,4.0519693060680375e-05,3.5340070309694274e-06,1.4723123594963151e-05,6.362826614955508e-05,0.00013720191429952987,7.683062176825363e-05,5.9997865673136375e-06,5.809776254890496e-05,3.2872204042254687e-06,5.281556858392704e-06,2.544530183886044e-05,3.895453532895216e-05,1.2379831109526562e-06,1.4196538418728607e-05,1.650244606075854e-05,4.520921005974474e-05,0.00017163477939634148,2.6331194591435107e-05,2.542489030900571e-05,2.635113136256452e-05,5.2993681642270344e-05,0.00016504058589982232,6.103812995840478e-05,9.027988889620878e-05,0.00011810560859849097,5.172701079733946e-07,1.2339803628258902e-06,2.0966853252876762e-05,1.1751759673711005e-05,1.656101116030026e-05,4.639786971531009e-06,7.659572745965491e-06,3.479090836827001e-05,1.8934904161585007e-05,1.1104887404392832e-05,7.954277213336742e-06,1.0479584187145963e-06,3.1808568306787815e-06,2.5753326995595022e-05,1.742221174125667e-06,4.760703450253418e-05,1.8622336945458082e-05,8.276246098846915e-06,3.3332716173766503e-06,1.2320765867475536e-06,3.52591149320889e-05,5.292178952908815e-06,4.269423277014471e-06,3.383293138761236e-06,6.3199716442950196e-06,9.153634094825477e-06,2.898473690829896e-05,7.410415024807881e-05,4.59629828193229e-05,1.2485498501227918e-06,1.1424874669828478e-06,2.3227482655429827e-06,5.2197191930398964e-05,1.9191564107100376e-05,1.5979783579029564e-05,0.00012697828897327869,7.596126872155558e-06,2.2125965089283875e-07,9.875428429947543e-07,0.0005052093069105647,2.949834829000562e-06,1.664461396780722e-05,3.1885451744175663e-06,4.781583484052416e-05,7.005495472859847e-05,2.428272935355113e-06,2.6732361750561546e-06,1.8636504235275644e-05,6.655098656608314e-06,1.235561112017421e-05,1.7871560913791195e-06,7.151047206430238e-06,9.867467251747048e-07,0.00011432957426542594,4.3280700144028e-07,0.00011341487911653845,7.873257594033015e-06,3.861121432614189e-06,1.2353962105624073e-06,2.3805034674914812e-05,0.00010986601399843384,0.00012632587904254643,5.093869254162763e-06,2.324596975875368e-05,0.00034820359399969763,5.4839161506817155e-06,1.1256424061009334e-05,9.025766377566798e-05,5.490425645749469e-07,3.412911607873972e-07,6.60347504644469e-05,9.352290068411764e-06,3.558592953210131e-05,1.3151206056339592e-05,1.628117865891562e-06,1.7699447780175099e-06,1.4558758554090937e-06,2.6288990186447454e-05,4.578593024704373e-06
XH609836,6.01353914697938e-07,5.712850550264967e-07,3.1699020076250516e-06,5.168925781414826e-08,3.680353207884663e-07,9.932467852326568e-08,6.157051052517561e-06,2.620075990978392e-05,2.8678879867180687e-08,5.707588850054405e-06,1.5901164905177677e-06,2.7675824075385614e-08,0.00023741642471048966,3.1216575157411614e-05,1.4717713159262452e-06,9.276014059715591e-07,1.6239346291766898e-06,2.7182236939351256e-06,5.421259551181889e-06,8.216181968776672e-08,1.6099003658952062e-08,1.335926777723711e-05,7.232890215387537e-07,1.2142025992330977e-06,8.017211833718365e-07,2.197552100682459e-05,2.5842708321399816e-06,4.902927849739005e-06,0.0,0.0007208517659839716,4.0280773388890677e-05,2.1247940239382675e-08,9.010652650482571e-07,1.1849775378433537e-07,2.9110244876506456e-06,1.8742443151297262e-05,5.207924400909964e-07,2.193981502753002e-06,9.762394247544903e-06,3.8914639162562206e-05,2.733473393189461e-07,8.65799764561847e-05,4.445499691703997e-05,1.7431809383659961e-06,6.077239190448913e-06,7.312391149057061e-07,5.524306417034738e-07,5.586014740918423e-07,0.00011818490747422629,8.766092766889858e-05,5.479369557163452e-06,1.938681970844527e-06,8.649165275149586e-05,6.404175555399873e-06,5.639592811483367e-07,9.088534383621688e-07,1.0690386037879905e-06,3.695431827802644e-07,2.6116676595369892e-05,1.5933179871302357e-07,1.999632341826898e-07,3.2244003633255005e-07,1.611300121085397e-07,5.878196618734681e-08,3.00754444266819e-05,3.8156772751369457e-05,2.4316393198544815e-06,2.446903645279091e-06,9.965655443489713e-06,1.0889153748883143e-06,1.3834614917581042e-07,3.3315274353319335e-05,1.83025138929753e-07,1.7209605781799216e-07,3.7398044744131425e-05,2.7931727659373922e-05,2.1412218977759902e-06,4.331370344920013e-06,4.343049922275425e-09,3.348477481019789e-06,6.185465064094944e-05,1.0845682596239357e-05,2.3906369227005877e-06,5.6364148585415135e-06,2.49905873367767e-06,6.881811918107085e-05,1.909194569061822e-06,0.00025449716501955776,0.0004699672096098981,3.659946354917785e-06,1.9390216714978274e-06,1.827424618757375e-05,1.541596336313274e-07,0.0002303697071741582,3.185314960577862e-06,5.585092131516028e-07,0.00039304760668895796,5.9383440427919593e-08,1.6090055385439365e-06,1.3224974683971386e-06,7.469934101566999e-06,8.004640747944867e-06,2.1103942168355996e-06,3.641972616000611e-05,0.0002591884625470116,1.139177900829739e-06,6.222712227467665e-06,7.933432328270275e-07,3.742025551236698e-05,2.3741164430755363e-05,1.6962903798508684e-05,9.874980977652943e-05,3.1423457861920775e-05,1.0526495967022505e-06,2.778056381145579e-07,1.362640756915714e-07,3.114776400310129e-05,1.125408855729395e-06,2.532934314355067e-07,1.400730766163752e-06,6.096844937352188e-05,5.845855471986462e-06,6.74923638991295e-07,1.3124584910656876e-05,2.122777641943958e-05,0.0001563526084007388,3.5924980002614537e-07,1.7260606995749509e-06,0.0003340373122106556,0.00013674042387080653,0.0003442483044395266,2.3097503291584322e-08,5.00406338869959e-07,0.00016601765782976402,1.9641330527915358e-05,6.9383920009342885e-06,1.4456155453493595e-07,2.364148251470312e-07,1.8904371263662119e-06,3.6990465221976444e-05,2.535037019190536e-07,3.28225699369444e-06,4.4961735422977167e-07,7.550395770649996e-07,1.348083323527633e-06,1.662492709973037e-07,0.00029519365445395155,2.5635552941492897e-05,2.1751459181820374e-05,6.017152833040635e-06
UO208012,3.1278955837218736e-07,7.838063074255202e-06,2.8213746661934386e-06,1.2164964451155445e-08,7.764336955423571e-08,2.9571898005896324e-08,2.0151461814409567e-05,3.122903642942102e-05,2.336606406377283e-07,3.5342295751884337e-06,8.584417646927153e-05,1.745661827119552e-08,0.0007435308835167601,4.4532936524004926e-05,1.5666927472598422e-05,1.051123926664217e-07,4.2664006705864e-08,1.1702513089577103e-06,2.7392402285757137e-06,1.5576833542096634e-08,2.4230066791606444e-08,1.0775494301266947e-06,3.602573568413885e-06,3.56118648022177e-07,5.281034811476633e-07,7.376249253639316e-07,2.0062414223588242e-05,5.300404209297527e-06,0.0007208517659839716,0.0,2.534563239779495e-06,1.6530679762296927e-08,3.6995371574000766e-07,4.9895524671516186e-08,5.393718313307369e-06,2.8764068234112772e-06,3.355500708924041e-06,4.248251667901994e-06,4.965059220045026e-05,1.1049614003067194e-05,3.5698195021552747e-07,1.0223641053728074e-06,2.3429772448144384e-05,1.780525548038017e-05,1.9638609731198093e-07,1.624348428777564e-07,2.602629909455297e-05,2.4658636003380113e-07,7.88699709783346e-05,5.433764765554315e-06,9.883791653617215e-07,8.827714994443235e-07,3.2805185282159226e-05,8.829424931242447e-05,7.706365085718241e-08,8.298622033090785e-08,6.914359428186499e-08,7.166637490757664e-07,2.251204527462845e-07,4.678309144565954e-06,1.056933596998199e-06,1.5593679788989584e-07,9.043196921281867e-08,2.5174802575423847e-07,9.802544459645245e-05,0.0001347194537049424,9.106691714730838e-06,7.684178327307175e-06,6.939352803143999e-05,4.327635876471395e-06,2.1911588975148393e-07,1.926883999198305e-05,2.4173831781318395e-07,2.9478548947632655e-07,5.400686897716145e-05,4.204774410321199e-06,4.3020651220522553e-07,4.1926076532352965e-06,2.366468600293485e-07,4.379581932543775e-05,6.624687489661206e-07,6.150808444801521e-05,4.6344621431470276e-08,2.748193040078869e-07,4.404528263540406e-06,1.145014732048362e-05,1.4045673368462198e-06,9.726061861875507e-05,5.989044209938006e-05,2.51350555121654e-07,4.998788211615239e-08,6.0002186909707485e-05,6.29448569682948e-07,3.325693517703803e-05,5.827940840463575e-06,8.119166326523426e-07,0.00013552586195706776,2.693882300691701e-06,2.230996078149505e-06,3.021162835964235e-06,7.317453342324548e-07,4.033855465331043e-05,2.863306185094398e-07,3.015075245240315e-06,1.2574583537683959e-05,1.0738087375064542e-06,1.3114666699643734e-05,3.232467868893463e-07,4.669465586489312e-06,3.471659743867676e-06,0.00016086486432462298,1.2232030440614989e-05,2.746679225774659e-05,1.2349553474178258e-06,1.159121828854343e-05,1.5506162943744528e-06,1.0801840244063855e-05,3.619685198480216e-07,1.5469995290026763e-06,2.4987429947553198e-08,0.00011525315731068358,3.1230622266989405e-05,1.564228888450378e-05,3.2639622988881647e-06,1.3581438644611488e-05,1.1164601872471754e-06,3.249628991320067e-07,5.066260141319593e-07,2.740050379048012e-05,0.0005320159778725345,3.863082984601181e-05,3.210384243138192e-09,7.628195918079922e-07,1.7050410516341214e-05,2.9622230988538242e-05,4.403846348835091e-06,2.3116209657277468e-07,8.423974524629201e-08,2.137660984790693e-06,9.55236973406671e-07,2.4067659277493722e-08,3.134486470272939e-05,3.3245610963535313e-07,1.4073869122520141e-06,3.700898561905023e-07,3.1695610122505774e-09,5.756536644536077e-05,1.5540903487147035e-06,2.198171917464154e-06,0.00022028227791998588
FE927797,2.595937282654248e-06,1.315531054908064e-05,0.0005040333047551293,1.8244407449470712e-06,4.28269174905714e-05,1.2370576982235863e-06,1.2443471480497001e-06,0.00012422125935481208,1.119191080013991e-06,3.9327119154014913e-05,1.00741431510302e-06,8.622206017971992e-07,4.978077207239433e-06,0.00021113964898549617,4.517733199204311e-06,5.743113273141902e-06,9.697073231666549e-06,4.543998484223389e-06,8.197161427426598e-06,2.9899469517024207e-05,3.3960800459813807e-06,9.143695651185032e-06,1.8808074962932407e-05,1.4873180389151965e-05,5.691523532541523e-06,5.8152119247026785e-05,3.2332329478987416e-05,7.194774884000487e-06,4.0280773388890677e-05,2.534563239779495e-06,0.0,3.659828742997473e-07,1.9783902709185913e-07,0.00021623607455733228,2.3485676315380685e-07,8.014605877735298e-05,6.330445654863319e-06,1.2451985576669833e-06,8.253338860433147e-06,8.025705452429529e-05,1.0249787520241224e-06,0.00048320568853388497,3.4550919293187614e-05,5.3105819441880156e-05,0.00044798233648542766,8.015720855132042e-06,8.558648784333921e-06,1.5155123511697506e-06,1.363586859294619e-06,1.7897578036998788e-05,4.8432044426215954e-06,1.6998299003627629e-06,6.107443626114714e-05,5.832105723432111e-07,1.5955050651454104e-06,7.289874807691567e-05,4.319435657546428e-05,4.2434079372667795e-05,2.61390508334326e-06,8.523521742495709e-07,9.13387052494489e-06,7.515640654726449e-06,1.707354285382102e-06,4.185566292860029e-05,8.839913494410035e-06,6.470389431473385e-05,2.4508838566960243e-06,1.0734350700104905e-05,1.6334322968535595e-06,8.365198432748738e-08,1.1732082842668293e-05,6.626304860796577e-06,9.830091347237275e-06,2.2275050826628325e-07,8.157535609477224e-06,0.0003400953606537083,5.35411743246676e-06,5.106704120569386e-07,5.360754823404506e-08,1.3939884657405873e-07,0.0007429950658656002,2.7295042025090605e-06,1.8748829256269283e-06,7.402769912556825e-06,7.558195981377918e-06,0.00023690413073843795,2.1300576277439037e-05,1.7516321653943087e-05,3.938464662981097e-05,0.0004147050428686205,1.4322971547191685e-05,0.00013385869999794475,7.959918573453103e-07,7.47416875344203e-05,0.00016224188394554912,7.828635031103816e-07,4.582413775190964e-06,3.0805455258292046e-07,7.79074056825835e-06,7.747125742926817e-06,4.368658853203187e-06,5.1889302370069986e-05,0.000291438862969175,9.170245052806545e-06,1.6093454412162416e-06,1.0159146911165683e-07,5.195351320584622e-05,1.1436216148069092e-05,3.7637500456554973e-05,4.5601424349810715e-05,1.233776937761087e-06,1.4514156834104953e-05,3.5360514855261106e-05,1.6026425262505297e-06,1.2121529128519875e-06,4.069330192660649e-06,0.00010169473352482928,3.60267301682597e-05,1.025659939645009e-07,7.0950209466301055e-06,4.833002031233685e-06,7.099485409775676e-06,0.00018294459625875208,1.6771972263152467e-05,8.21087603576767e-06,0.00011812571486308707,7.888440176409544e-06,9.212322871898716e-07,0.0002784812787928219,1.358203246565779e-05,0.00017272246542815673,1.2439981941652113e-07,5.819146062115064e-07,0.00044948270478669484,3.152826643314462e-05,3.742704593667543e-05,1.4492846359144073e-06,2.7475854769400864e-07,1.1825760754477733e-05,2.5878855413429627e-05,5.76849192465491e-06,1.1540637205305517e-05,1.669131153968769e-05,5.145714881703031e-06,2.7960427539730243e-07,1.800281188764403e-06,2.4615445395300937e-05,9.823030270016334e-05,5.110744910066548e-05,1.7846613203340276e-06
EJ557771,1.2400786844166781e-06,2.1083077276487627e-07,2.2151454566587737e-07,7.773511723890934e-06,6.501639162687016e-05,6.896518263049741e-05,5.934760326077539e-07,3.633721331093691e-06,0.00025866891391280013,6.72055154149625e-06,1.831257439256489e-06,0.0007263741307053806,1.5265566870968266e-07,4.678635068687328e-06,3.3615152904247384e-06,4.023902052099102e-05,1.0653493945522223e-06,3.574785043883376e-05,0.00017707963563049728,0.00010476551444430805,7.301440075529348e-06,0.0004905182628086387,4.042556345794838e-05,5.291321587061338e-05,8.927127620884965e-07,9.31018162742239e-06,4.3218291892142667e-08,5.250234670482331e-06,2.1247940239382675e-08,1.6530679762296927e-08,3.659828742997473e-07,0.0,5.097798102340263e-05,5.725470678136185e-06,2.0994885483800812e-07,0.0004098443599416068,7.621331307146482e-06,1.695204845318188e-05,6.387733315206956e-06,2.4990128726670473e-05,4.8381367880572796e-05,3.5702529984704375e-05,4.0382834114746874e-06,9.852087282993762e-08,1.6511183767902905e-06,0.00023190264178687877,3.0625911273324954e-06,1.0841759414034415e-05,1.1791922411877798e-06,8.47980894182086e-06,3.114834012712448e-06,1.5267878816341755e-05,1.3847802878048753e-08,6.879043438614198e-07,3.2014595047881957e-06,2.066666146180497e-06,2.1104993094345947e-06,3.814888543355131e-05,1.1246062035840415e-05,5.203228561388898e-06,1.50355824015961e-07,1.5228998293856631e-05,4.835801668580327e-06,1.759909400957919e-05,1.9066443521639644e-07,7.556933917981851e-08,2.2784705032918466e-06,1.2165865990101504e-05,1.28143548072649e-07,1.6924417847545256e-05,1.6783102125778403e-05,4.851757773316415e-07,8.4842546442935e-05,0.00011668285799218199,9.562929527872424e-08,1.6573885743894394e-07,2.3255413621697813e-07,7.627723184090468e-05,2.2417921531930238e-05,9.900589842314083e-07,1.333469616068054e-05,1.1778967936331977e-08,4.721243167839549e-06,1.5092908735646736e-06,8.252242482703608e-05,5.7630653825614844e-09,3.77413026576806e-05,1.2918756390786533e-07,2.2452099833209679e-07,8.563098194581624e-05,1.0990399957877344e-06,3.5148488328472814e-06,2.0198789812847037e-05,3.182060148481461e-05,2.6111314961952104e-07,2.307668533534337e-07,6.351136962755387e-07,1.2637762267122158e-06,6.54035254179533e-05,1.5202244058295188e-06,1.8191567768956221e-06,2.4358827351937377e-07,6.64823481563504e-07,7.394661874242602e-06,4.413915423759514e-06,2.7318862709283086e-05,7.399490913960232e-08,0.0002751644176379914,2.1570088051948798e-07,1.7975931612897831e-06,6.875397418266395e-06,4.258427337741799e-07,1.1416870596480018e-06,5.015701087447511e-06,8.80512023039072e-05,2.0100056601325332e-05,2.59466168998607e-06,9.25405853161129e-06,0.0007708421348683499,5.900518117642974e-07,4.3138929663274233e-07,4.911204242102441e-06,9.392777620069022e-07,4.4184192995467896e-05,5.167915220876781e-06,5.522118929855003e-07,3.558339260449064e-06,8.653538525412753e-07,9.534963399838045e-09,2.816816553415543e-08,9.358025675463437e-07,3.969572234864198e-05,1.5834663179379438e-05,2.1986621300464547e-07,4.775347235864639e-06,4.028712791161464e-06,1.7858125760418703e-06,3.042273543341037e-05,1.5253244683895397e-06,9.347114283260717e-07,3.0514359962599407e-06,3.969043690031382e-06,1.9355306392634148e-06,8.615967017340123e-06,1.997305071077361e-06,7.469285474670367e-05,3.2173540860314575e-05,6.063825275354076e-07,9.277500881798529e-05,5.020526273925914e-06
RI373110,0.00020647199354680495,6.957305972963776e-07,3.061551290974124e-06,3.9065243969949086e-06,3.498238969353883e-05,6.767090393977578e-05,5.164631223167864e-06,1.408746688576877e-05,0.00014414773857849005,1.1522744773511466e-06,3.934928800773701e-05,0.0002453610229501163,6.024426921376584e-06,3.322586497586165e-06,9.913530306687775e-06,2.637242717159099e-06,9.484918211745422e-06,1.3701142559974247e-06,1.4988145859883566e-05,0.000123381583529289,6.335713458814739e-06,1.9418905023399927e-05,4.3287189832582454e-05,1.2086921763075032e-05,4.3246390695270704e-05,1.0150225915608389e-06,3.0017454032467924e-06,5.168238300899669e-06,9.010652650482571e-07,3.6995371574000766e-07,1.9783902709185913e-07,5.097798102340263e-05,0.0,2.6374294820679396e-06,3.383534821853889e-05,1.9021753014954576e-06,9.16736302173523e-07,1.5642806173536165e-05,3.1635443271842824e-06,1.6286351285126907e-06,0.000612618354520513,1.0230876380840255e-06,1.4303760267827283e-06,1.032008034618661e-05,4.381638508277491e-06,1.7347225335867006e-05,3.3244472406260574e-06,1.7339624134367006e-05,5.081295014653519e-05,3.790693141640913e-07,0.00013818461128381856,2.3440897506639426e-06,1.1209557196506435e-05,5.2319082467103476e-06,2.4854946672333814e-07,3.0305018454514265e-06,1.251451395596701e-05,4.606260556396728e-06,4.573384292961072e-05,4.9086683824758665e-06,1.3963111359363801e-05,1.2422986416033799e-06,5.9011183006714486e-05,6.283636604537366e-06,3.637969153899871e-05,1.269657648176949e-07,1.9227577461161968e-05,1.6317625979097328e-07,5.442757432620323e-06,6.89163607750333e-05,2.1027556155025716e-05,5.607307284177965e-05,0.0012874457107053213,2.614322059329842e-05,2.5200637012186363e-06,3.0567742337281656e-06,4.971195405584766e-06,2.7498002032010587e-05,0.00038114814696998196,5.145765959405605e-05,3.575245348946434e-06,4.6191411737297826e-08,0.00042611405970886205,3.010473527358477e-05,6.995921861867774e-06,7.842931013704343e-08,1.4301936418766509e-05,4.345869435578892e-06,2.1622383853492622e-06,3.6050670083338714e-06,5.542222386092512e-06,5.320424174095095e-07,4.271227318101379e-06,5.55123695822448e-05,1.8610311190908304e-05,1.303666846387598e-05,3.7567933295838515e-05,1.2213454866082344e-05,1.8726823675664228e-05,0.00010951027429018578,4.270341973312138e-06,3.448606008066498e-07,1.6884242343067448e-07,1.6917921336144395e-05,4.65659295627847e-06,1.3508566155864318e-05,1.416817246278969e-06,5.914951462965007e-06,3.7616828080158674e-07,2.130974059265525e-06,6.8573772827942596e-06,8.072338916618562e-06,9.06634887346587e-07,4.703337342578992e-06,1.5591296860306367e-06,4.230927369404351e-06,2.5187746926429116e-06,1.2112196150732366e-05,4.5320349601824174e-05,0.000200356147184157,1.0217570109148398e-05,3.726274387659144e-07,1.982048339553474e-06,2.0225008927699474e-06,2.080405299191135e-06,9.673239537868284e-06,3.7462979012831756e-05,1.1667354521937464e-05,8.452300461982336e-08,4.370033088930497e-08,3.213664756069233e-06,0.00020173060548875864,1.0560218003896008e-05,5.35570263432857e-06,9.985228475114353e-07,1.2287435428068735e-05,8.764410406141742e-06,3.1225974736469335e-05,6.136611860795103e-06,1.1659662273469358e-05,0.00011950270405251791,6.283513047581224e-07,1.425329501172791e-05,8.154542007505636e-06,0.00015449419563296708,0.0003591847454535934,0.00013191966422741098,8.773011059124757e-05,1.1174716654279862e-05,1.2358546145345132e-07
VC424315,9.669362222180823e-07,2.1377389242091913e-05,4.286183454315246e-06,2.9313899161068056e-05,0.00018469894344298255,3.4141333330883313e-06,5.692161438011071e-06,3.854224840306808e-06,1.1028640441472734e-05,4.693077035327269e-05,6.689316949633243e-07,7.251676260714534e-05,1.1725709176720917e-06,1.6563335460667175e-06,2.998264627185095e-07,2.592181946118982e-06,5.058103573440098e-06,6.886766230457016e-06,4.460872304763994e-06,9.036558306796313e-05,0.0003366043917386731,4.922725908277967e-05,2.2046549977164585e-05,1.1058591975950034e-05,6.9159363001918e-06,9.229814929042589e-05,1.9363076842449945e-06,5.942933607649051e-05,1.1849775378433537e-07,4.9895524671516186e-08,0.00021623607455733228,5.725470678136185e-06,2.6374294820679396e-06,0.0,5.5221244397671736e-05,7.036670409907283e-06,1.3709205682547263e-06,7.531269654696771e-06,9.321549649192576e-06,1.8286912384895363e-06,2.4802054197937527e-05,2.3021894526607194e-05,2.3419609765688656e-05,2.6219552027223874e-05,1.840155206868473e-05,1.2204380934245341e-05,3.2225789321574953e-06,1.8139140791080587e-05,8.097371212763416e-07,5.037890215597369e-06,5.770761505247705e-06,2.4148897110538412e-06,3.720937823243587e-06,2.8325540203238472e-08,1.6685722784122037e-05,0.00017858721397343805,8.621053910647804e-05,0.00045729662881355255,3.10376212640664e-07,1.2999811352892085e-06,8.980631980948795e-05,1.19238533696291e-06,1.7653138686853665e-06,0.00017019572062902698,3.783021993810499e-05,2.6930401415189963e-06,1.2020054616428191e-06,2.6814923293761796e-05,1.5098615861620077e-06,1.3196351881382167e-05,8.016892016691557e-05,3.292742046132792e-06,1.668898831258808e-05,1.8128099986034226e-07,2.3138642889916228e-06,0.00021827256809309377,3.590980835214987e-05,9.728635250894937e-07,2.981126332591279e-05,3.1558352062287526e-06,6.16504075137785e-05,5.296050747894424e-07,1.840175981759696e-06,9.209298981488782e-06,5.603349015944485e-05,6.42823871622179e-07,4.120082571802177e-05,1.8346751231297414e-05,4.632099521344009e-06,8.701010165762376e-05,6.62913588593604e-06,5.0336987563804465e-06,2.2533301519631426e-05,7.779089009432786e-06,1.1680376549818985e-05,3.8357266125008785e-06,5.548433271456366e-07,2.981524858208327e-05,2.6401071852885096e-05,0.00013374077237744453,7.696570096635304e-07,5.5776879665739755e-06,1.0360194518803467e-05,5.992101731038529e-07,1.3733195209540398e-07,2.2171524921065225e-07,1.263762812877723e-05,5.478113833317296e-06,1.2673746158708418e-07,7.574059144776592e-07,2.0703437240107257e-06,7.330413135782634e-06,9.84837158778468e-07,8.009383925791745e-07,7.120770468747479e-06,6.0851156738841494e-05,2.7696211334709996e-05,0.0005440645407937609,5.467475655194017e-05,1.2969293231317692e-05,3.8893621320196745e-07,6.619687388282218e-06,0.0008458579477673527,4.817267231499207e-07,9.539548609702259e-07,6.966283780771295e-06,3.533964640221211e-05,1.4615736420269385e-07,1.9748098276888003e-06,2.2591374534854598e-07,4.040244104145527e-06,5.0253918424150004e-06,2.2786666871022936e-05,3.1920387026709556e-06,6.191790860549657e-06,1.4278511825470374e-05,1.930209612216001e-06,3.5694165109222813e-06,1.472189559653918e-06,3.214609143473567e-06,7.822949057315663e-05,1.0499120212768953e-05,0.0010369510158423558,7.446796805534773e-07,1.3169541522324195e-07,4.660381558553994e-06,2.4853160208615687e-06,5.160183998954968e-07,9.822673145095992e-05,1.686944509831727e-07
JW793198,2.215258505401077e-05,3.8733790694998835e-06,5.092741820373987e-07,4.280956751479574e-06,4.038434642350875e-05,1.2385775243261483e-05,0.0006506296925737233,3.120303397952141e-07,1.1733044900211585e-06,7.531726560742783e-06,2.1416773748576064e-05,4.465526863052912e-06,3.8201992247438135e-06,9.000001008905065e-07,0.00011136930330243298,2.7646508904953096e-06,1.581448626953603e-06,2.622110444666204e-07,1.1828686387944389e-06,1.375030647341664e-06,1.8055860134331814e-05,5.578599842606735e-06,5.242622009837863e-06,7.480462416780895e-06,4.947627483405116e-06,8.849696102450485e-07,4.018499744129739e-05,0.00012766147730336897,2.9110244876506456e-06,5.393718313307369e-06,2.3485676315380685e-07,2.0994885483800812e-07,3.383534821853889e-05,5.5221244397671736e-05,0.0,1.1536808780522538e-06,1.4525815901919486e-07,0.000259371426485468,1.0852537989017342e-06,7.928566297161161e-07,9.849851751970415e-06,1.2036401740044286e-07,3.482969235242269e-05,0.00044821304871894396,9.470433500630062e-09,1.5927495788702e-06,8.409343021896032e-07,0.0001530874715230789,6.29629637864092e-05,1.2950576804194879e-06,3.0556530753911256e-05,1.0610660073885707e-05,5.9228470467887856e-05,1.3442955218219948e-06,9.836190101480768e-06,5.1901555809152505e-06,9.989230035170934e-08,5.089960187395991e-05,3.195111551309042e-08,6.08088935383526e-06,0.00015519270302981024,6.236811786812333e-07,9.442069134414977e-06,1.2159000134966724e-05,0.00030015563699582954,2.2977645429439896e-06,4.988865069012022e-07,2.6475821366794202e-06,0.00047560112689526315,1.9629792061724366e-05,2.075261670755729e-06,1.8168770287585004e-06,9.259575754228234e-07,2.306369951062791e-06,3.875904998034497e-05,8.540203715401688e-05,0.0002066554674101484,1.3239568067488192e-06,1.9457061547891922e-05,0.0003003297839654519,3.3148901442123795e-05,5.638771736214221e-06,2.405727826679021e-05,3.134181171959889e-05,4.7229411360468825e-05,4.6432671153110894e-08,2.11049852596813e-06,0.00017671943591025295,2.0727304332287378e-05,1.9595260289334807e-06,1.3235161291139812e-07,3.870699954932396e-07,5.914670734914608e-06,1.3444193845309188e-05,6.934191643922015e-06,0.00037285245811822566,1.0663114938140253e-05,7.800988766794606e-06,7.621343090040231e-06,1.8241436264170897e-05,1.189424716858045e-06,1.3011063801506285e-06,1.5884185180248556e-08,1.5892170705971752e-06,9.953889295704389e-06,1.036750385918278e-05,7.756107115186016e-05,1.0841230397196204e-07,4.572201110334331e-08,6.531653626820936e-08,7.183354330833897e-06,6.055916632314342e-05,1.3487110475629433e-07,2.402598993025568e-06,1.0689459229889634e-05,3.6492583310829166e-05,9.063496608010501e-07,1.3312462199617901e-06,7.059633090905302e-05,2.1036391981367022e-05,2.1315565503592174e-05,4.009525975369714e-05,1.170396760274978e-05,7.210202649201851e-08,5.833088254821555e-06,2.473371036919643e-07,1.2597886364048042e-05,5.006091270383625e-06,1.5422658643843182e-08,8.179929112434122e-06,4.5762470802347235e-05,9.896943450955492e-06,4.172113572246356e-06,1.8838926389519022e-05,4.149653373436961e-06,1.2369861486196485e-05,3.169410122087011e-07,2.257853441083607e-05,1.5173914171523008e-07,1.3771764872431326e-06,6.509803527757352e-06,0.0005956667035207205,4.523111486332441e-06,3.2709093424960823e-06,8.283716907407675e-05,1.686998407562019e-06,2.207501379402177e-06,2.37519901241721e-07,1.1633145617460583e-06,1.960320932186103e-06
IL590822,2.5365953584033786e-06,2.3296810421748487e-06,1.9735887117972634e-05,6.73890386873927e-06,9.110666612458428e-05,1.5086183270622757e-05,1.3418076255370797e-05,0.00015119206888145878,8.680713733444125e-05,2.483500402933473e-05,4.0886263903304914e-06,2.5219922390150676e-05,2.6598617648535394e-06,5.122084198834657e-05,3.184706766296934e-05,6.395714896851116e-05,8.713572587743568e-07,3.964552683871436e-05,0.00048558080342695674,4.742040137822628e-06,1.5705558409663507e-05,6.924898393663304e-05,4.126146094620876e-05,1.7096166690982862e-05,1.5823421032671468e-06,5.614370614510565e-05,1.1899535872115326e-06,1.0953699372467186e-05,1.8742443151297262e-05,2.8764068234112772e-06,8.014605877735298e-05,0.0004098443599416068,1.9021753014954576e-06,7.036670409907283e-06,1.1536808780522538e-06,0.0,0.00011113654887704452,4.142634700465444e-05,7.898033198100798e-06,0.0007541028528736289,1.0100611712371234e-05,0.00026155715806777907,1.8252767460672965e-05,1.1802980615350843e-06,3.1184573343987123e-06,6.734888301459117e-05,1.4960189217995111e-05,1.9872673223677508e-05,6.157923013798731e-06,5.199930892520625e-05,9.36048287794042e-06,0.0001332937928517661,9.41807406355889e-07,9.528256219981303e-06,7.866758055465167e-05,1.052759626481186e-05,1.3604305295951208e-05,0.0001687929134926532,9.011036556747013e-06,2.407196706661948e-05,9.90491442828672e-07,0.00012414906945107504,2.6338004878749146e-06,1.949896042628904e-05,2.1344712401529957e-06,1.310405306411052e-05,1.6506520958912442e-06,3.5181733314424355e-05,2.8825270082957967e-06,9.400044262718262e-06,3.0502166423884904e-06,1.725734208988123e-06,4.201989969440827e-06,7.246140846630083e-05,6.720463649541324e-05,2.5347003894331204e-05,1.836949371936779e-05,1.5478773553391593e-05,2.703421767094961e-06,1.7993384245051335e-06,0.000250207695331561,8.355585370002609e-07,7.12472813227952e-06,1.7224476022555222e-05,0.00046288538365808237,1.968422686278659e-06,0.00031777091103745336,1.1357917465108254e-05,7.483868982162221e-06,0.002018577465500559,3.3492258746881407e-06,2.2047934466656728e-05,1.9622235618034235e-05,3.141502882684121e-05,3.827884375902312e-06,1.3530446080660358e-06,2.300979736924035e-06,2.401611217463451e-06,5.1247585411844576e-05,1.9468244826971033e-06,2.4935509553485412e-05,2.602681468682503e-05,1.1969778994878686e-05,2.0154700629791787e-05,6.349606210989442e-05,0.00012595047549407348,3.6620055059563825e-07,3.116822592149967e-05,4.26642032712232e-05,8.348129787566877e-05,5.845830342688958e-06,6.108986938592057e-06,8.907816598704632e-06,5.000449898534958e-05,0.00010388048378062254,1.3555336502127935e-05,0.00018554832728670997,1.835235998808144e-05,0.00011379692860203272,5.56740647970717e-07,5.171359062146574e-05,9.477630707556253e-05,4.652639239828546e-06,2.9554137630833002e-05,8.36966863343928e-05,3.842226782290423e-06,3.861476024695542e-06,4.796043640200678e-06,6.027541687624193e-06,1.7164384365928073e-05,5.581340451739697e-05,2.256731312772277e-05,1.1097347556280592e-05,2.0099214138604355e-05,0.00038670552116569463,4.0475283163511446e-05,6.995437933546775e-07,3.097862940308275e-05,1.7948009419851434e-06,6.715898903573326e-06,1.8502223834962212e-06,4.257609603067139e-05,2.0081488719113475e-06,1.8378403392131994e-05,1.2526068285353817e-06,5.563947483775957e-06,2.612757010554025e-05,9.086860991348481e-07,9.57869507259475e-05,7.856376371414063e-05
KC161872,1.4198167445386551e-08,1.010490571425677e-05,5.864759991280577e-05,1.1046789961233609e-07,1.373769314691625e-06,1.6519397723109482e-07,4.692005235295728e-07,2.479438349659884e-05,0.00021769340152293708,6.491929700130134e-06,8.185725801763755e-06,7.343263898695e-07,2.2135157054352783e-05,7.640896880459291e-07,1.1436152731435113e-06,9.193483799627423e-06,7.442790178217346e-08,6.498818244351215e-06,2.088548849776106e-05,3.6466198489143614e-07,1.403277222995098e-05,1.1499690570838576e-06,2.5183070055517163e-05,3.895271145804603e-07,3.476864032147439e-07,7.686681356472223e-07,3.1998113914818933e-06,3.3125722586107126e-07,5.207924400909964e-07,3.355500708924041e-06,6.330445654863319e-06,7.621331307146482e-06,9.16736302173523e-07,1.3709205682547263e-06,1.4525815901919486e-07,0.00011113654887704452,0.0,3.4756216098355705e-07,4.7224843806267595e-07,0.0003946322251786761,2.9092376955648463e-07,1.063726610736019e-05,3.4621566351006056e-07,1.3835956849750853e-06,2.7139037928276935e-07,1.3008355066675286e-06,0.00037519226904562963,1.9182212223034018e-05,2.899923912319551e-08,6.85677190085666e-08,1.5092166584901315e-06,3.6342602325710046e-06,7.964108276946973e-08,0.0001269486373055693,0.0001424791765518443,3.1916847712290713e-07,9.499148145356628e-07,2.2650403569868467e-05,1.4571331070825456e-07,2.854586337318129e-06,8.561022788948421e-08,1.0210232185963085e-05,3.307756698429041e-08,1.5220811231032351e-05,3.7353448869421395e-06,1.7719969075796962e-05,1.7568663549648492e-07,2.9856990458412305e-05,5.467583333591776e-07,1.3144813436656444e-05,1.1457210299345372e-07,2.959043881907871e-05,1.8798382362909325e-06,7.776822074020464e-06,0.0004498042829558031,7.836713653454939e-06,4.732572428361681e-06,2.7845224242400224e-07,1.5699065158558928e-05,1.273666697781076e-07,3.0469614537765103e-06,5.781198223219765e-06,1.2474836191679926e-08,1.0292458007807593e-09,4.606962387041036e-06,2.3332153488013138e-07,7.520468862638045e-05,4.820070039553109e-06,3.255185461588605e-06,1.4459581129396591e-05,5.249486243527671e-08,2.4345070122083675e-05,2.4605064095046005e-05,5.47747166508232e-05,3.2030871288176986e-05,7.903318913105785e-08,6.68153062049638e-07,0.0003695065136913704,2.1408983926682846e-06,2.756100543405463e-06,0.0006537078301372942,9.02749458668417e-05,0.0001454096470378409,1.3907290493991942e-06,1.0600360043199394e-07,0.0001775811576978116,1.1627768706172219e-08,3.98003778511184e-05,1.4760445627913406e-05,9.214341193183334e-07,3.95321057922009e-06,7.447780823487762e-05,5.06651516098006e-07,9.256622330216125e-05,3.0065612697171875e-05,1.2234105766344544e-06,3.6688647904799616e-06,2.5846738182378694e-06,4.51122566654375e-06,3.12709510912938e-09,1.2572320551177979e-05,1.0916163138479312e-05,0.00011950703341840309,2.4399342979234776e-07,1.4130266288722378e-07,2.9852582340980174e-07,9.11430497841374e-08,4.00777233689572e-08,1.0174732228954685e-05,5.537541774747259e-05,7.0790330935957835e-06,7.223351808307886e-07,6.354460773043784e-06,9.069726486557709e-08,1.93173470118516e-06,4.997884183995811e-07,4.066124931418416e-07,4.124719107970151e-06,3.207331472000663e-08,1.4150774408708802e-06,9.769997690827505e-07,1.1833932777276628e-06,8.187427772336043e-06,8.014557499121318e-07,2.3597884057028465e-08,2.275529767196325e-07,0.00010859970824123597,5.146881810857401e-08,1.3253778748401053e-06,7.88224374832306e-05
YF907288,0.00016962147713147412,1.4709574355222045e-05,7.680764982350508e-07,1.0729416905217595e-05,0.00011318013841696762,3.1574705782251517e-05,4.5653601821865805e-05,3.6329322246647624e-07,9.632566409926964e-06,0.0005460684593129565,8.112513797154222e-07,5.586195076353672e-05,1.2975369668262579e-06,3.842125777930042e-06,2.138893623757411e-05,8.792762023219373e-06,3.745414923127236e-07,3.352258589401664e-05,3.3737602602586814e-05,5.051146605689066e-06,7.155398211766477e-07,4.146241624524394e-05,4.307124360365077e-06,0.0001725665986907048,1.9976924654060808e-06,2.7603212890797134e-05,3.982863712638005e-06,0.00016059256621364846,2.193981502753002e-06,4.248251667901994e-06,1.2451985576669833e-06,1.695204845318188e-05,1.5642806173536165e-05,7.531269654696771e-06,0.000259371426485468,4.142634700465444e-05,3.4756216098355705e-07,0.0,4.78685677101256e-05,2.555877393759175e-07,2.0549379988282677e-05,4.289254047234574e-05,0.0004639453594681932,2.8238557525957475e-05,5.327002911376727e-07,0.00011631964321073174,5.082128964447629e-05,5.699583439602137e-05,1.534066348537482e-05,4.572451705769233e-05,6.121680834089504e-07,2.884588281002297e-05,0.00012277663578469324,3.6555518479450496e-06,1.0754559447468419e-05,0.00016084329833031957,2.697583343039581e-05,5.3098072773271945e-05,6.101191720112082e-07,1.2848498814267121e-05,3.377244060790749e-05,2.59217143855516e-05,1.0775799842430578e-05,7.241118002213126e-05,8.42473939286192e-05,2.772232118607076e-05,1.630437098840136e-05,1.0024710349696766e-06,0.0002561298253833611,1.589248338050188e-05,2.9295695058407727e-05,2.603581124446729e-07,2.243234223818363e-06,1.562529210280844e-05,2.6330814460036242e-05,3.222067590831711e-05,1.568817603979936e-05,1.9246971072926238e-05,0.0003924356372298391,4.95841507670806e-06,0.00013803398037768412,1.93249865567436e-06,5.219891808479667e-06,3.351258624844033e-05,0.0002337041109985573,3.7300177785007208e-06,4.219742262433383e-05,1.541029954429461e-05,4.4611741545361035e-05,4.889847852394423e-05,8.648334128232219e-06,0.00039089982813691343,0.00018666835484846674,1.3449895288152605e-06,6.554779459730153e-06,4.860444105394864e-06,4.135454843430394e-06,1.0558803617178412e-05,0.00017264596182047987,1.3214603482057427e-05,5.92162855513842e-06,2.7952431824163695e-07,1.2552805548604466e-06,5.1558213160338174e-06,5.724857329898622e-06,4.073630879057546e-06,3.2938074806905945e-05,3.0738154630886386e-05,2.8810559704375224e-07,2.3295843529392686e-06,1.8673756532651533e-05,1.777330375095237e-05,4.273763477194758e-06,9.74057089695953e-07,6.158501849475044e-06,3.214443160421718e-05,5.8345082081073415e-05,6.721730468834033e-06,2.878559352143723e-05,4.535484515434597e-06,1.0052242105125203e-05,9.375231732656509e-06,1.1291154989454931e-05,3.1486891576043148e-06,0.00019017377516312845,9.544712425195546e-07,5.754676997486504e-06,2.5323906564460786e-06,8.834331613091872e-08,1.000568767232154e-06,7.374735146039945e-05,6.8941208573408684e-06,0.0005064935411075735,3.4122814347091946e-06,4.6337648153588994e-05,1.2566897316389332e-05,0.00041431418252229496,6.028153110100568e-05,1.5474916631759912e-06,8.912385361104029e-07,4.794814633253292e-06,0.00012988056722150175,2.9652554429525577e-06,8.9020089664949e-06,3.9923518641308335e-06,5.028602763219747e-06,1.2704215337138531e-06,1.1973444598421259e-05,2.8318499129326328e-06,9.282354679117768e-06
IQ381974,1.0453710513594106e-06,2.798618495588852e-06,2.4960204208843464e-07,6.939670510811621e-06,6.4919382423264805e-06,6.857388937358631e-07,5.485777052824645e-07,5.208737711140858e-06,6.592391460213528e-06,4.553281986234668e-05,1.0433543588785083e-06,1.2798606898598407e-05,1.0670160790665212e-05,0.00011694177805806006,4.789638280687243e-07,3.5843342976008186e-06,7.922339388818233e-07,8.920454492067809e-05,4.145457754279414e-05,2.1804484189822103e-05,8.542629760793145e-08,4.765712920501085e-05,6.140699442430263e-05,1.8170296814637454e-05,3.044729033709739e-08,1.3808385831181671e-05,2.721138920106848e-06,9.418038207809385e-05,9.762394247544903e-06,4.965059220045026e-05,8.253338860433147e-06,6.387733315206956e-06,3.1635443271842824e-06,9.321549649192576e-06,1.0852537989017342e-06,7.898033198100798e-06,4.7224843806267595e-07,4.78685677101256e-05,0.0,7.47427269578914e-06,8.34497540963524e-05,4.9151383006968085e-06,0.000866663097304603,5.9886363486743025e-06,6.197646475841166e-05,1.7997303285310607e-06,2.0697626983716232e-05,1.3486838822226999e-06,0.00017217132937545553,3.8042284674578445e-05,3.9494121891193906e-07,5.166140607645972e-05,3.577944299985667e-05,1.0397443018200857e-05,9.814139139025792e-08,3.207040761787306e-06,7.857887831510174e-05,2.486157027666541e-06,1.7677317142639207e-05,5.400714659277504e-07,4.446691407072351e-06,2.3925564386200334e-05,9.940187030862882e-07,7.3958085761424576e-06,3.0528890776345587e-06,3.673983896262213e-05,0.000615369356204978,3.779165865621983e-05,1.947010687985582e-06,0.0005124054889729665,0.00012382515842101845,4.297456654593942e-06,4.7840149671525464e-06,6.395986433244781e-06,8.894514640656254e-07,2.1760513893259562e-05,1.8307182308942996e-07,0.000575497649606939,1.0840919908099436e-06,5.68882865205424e-05,2.89958269150797e-05,1.7859896725485605e-06,1.1735998631261657e-06,5.108685452695718e-06,1.2432486837743879e-05,0.00021490336454178046,8.11051151271268e-05,3.5536842238402704e-07,1.4341082755458919e-05,4.508581028311891e-06,0.00011484108582666959,8.259757779337985e-05,4.491155192040425e-06,9.112859769907926e-06,1.1847427935505881e-06,1.1901035730544527e-07,4.6924827117758026e-05,7.225724333371654e-06,0.00012470683541163113,5.6696473696181185e-05,7.66001109590931e-07,3.538066652310693e-07,1.1882554142387216e-06,4.166293317610871e-06,3.349787548538978e-06,1.2921181594862994e-06,1.9095404602937077e-05,3.476772421951649e-05,3.31919303515592e-07,1.734710708152745e-06,2.9852519581276954e-05,3.3455162339443336e-06,0.00021619444135198614,1.2200820183683993e-08,3.6105896685488253e-06,5.2092835392936705e-06,1.2576553923770579e-05,4.85208589586976e-06,3.3415683444731565e-05,2.0032452216707258e-06,1.1475528665428087e-06,1.385163701624717e-06,2.7862065982567837e-05,6.126727150067584e-05,0.0001946145947225073,1.6023433304492617e-05,6.222491962798396e-06,7.88592537593433e-06,4.4555706790814953e-07,2.5504844170178297e-06,1.6963964341689305e-06,5.832572892813158e-07,4.0628454414444615e-05,1.4568304893618877e-05,1.391884468434401e-05,4.3153426822774923e-05,1.3841750418525842e-05,2.8302859663331376e-06,0.00014275636373687703,9.618886704978028e-07,2.163387518887543e-06,1.9089478496987824e-05,4.873529529421213e-06,2.77894856888096e-06,8.410379271135227e-07,2.0703260257041776e-06,3.5576477668476326e-05,9.281928812438566e-06,0.00020577213105365,2.220851254145534e-06
ID704706,1.342753844169331e-07,2.7512967707113533e-06,3.294597355488372e-05,2.061924418956938e-06,3.86728396960496e-05,6.232879769203259e-06,6.742340028170942e-07,5.438852048267816e-05,8.834922150901546e-06,5.050710290828751e-05,1.2290495263105772e-05,5.229722396424242e-06,7.821704810387792e-05,2.7159120169707683e-05,1.395710989093075e-05,0.00013953851377341675,4.549648555656373e-06,2.2922489107100346e-05,0.00025803975413143243,1.013628469861563e-06,8.417157225999612e-07,3.02078466929964e-05,7.060180063763327e-05,0.00030268494790331287,2.137471821400314e-06,1.4662305939818179e-06,3.9915783687473434e-06,3.458795031151211e-05,3.8914639162562206e-05,1.1049614003067194e-05,8.025705452429529e-05,2.4990128726670473e-05,1.6286351285126907e-06,1.8286912384895363e-06,7.928566297161161e-07,0.0007541028528736289,0.0003946322251786761,2.555877393759175e-07,7.47427269578914e-06,0.0,4.821579719675828e-06,2.057659551751672e-05,1.9804017418085558e-05,4.35745575682554e-06,5.095886717719216e-06,3.546818945132168e-05,1.0814321586701503e-05,6.4029672813059014e-06,3.097927011776826e-05,1.8329120327326086e-05,2.7275708080775266e-05,1.4291954850755827e-05,1.7088347645681343e-07,0.0003110897515278127,2.5951749419084426e-05,4.383337413287744e-06,2.3784496391088646e-06,4.533682602350577e-06,9.602449658301607e-06,2.6167959340378204e-06,3.8240336062171694e-07,1.934562594968157e-05,3.2143818777342745e-06,7.929767265682146e-06,1.6031496572948193e-05,1.3168769020745424e-06,5.264578290918469e-06,0.00038486845620143976,1.5350181063354877e-07,3.604240057656722e-05,0.00016747411056301887,1.6651012821140159e-06,2.943121996464696e-06,8.48367971846687e-06,8.092935367016236e-06,6.607249009535463e-07,2.728311033961665e-07,1.0063729113889083e-05,1.614685457960042e-07,1.929412577110032e-06,4.4404501759501505e-05,9.737929819602026e-06,2.1463842667184468e-06,4.232221851645728e-07,1.6171096877599233e-05,5.819082917091068e-06,2.465352002340982e-05,6.326496520062113e-06,2.7250769717188084e-05,3.5315560248679124e-05,4.346655472352414e-06,3.393765373122594e-05,7.273640396911399e-07,0.0002726781199473328,7.265347987421732e-05,2.433294557030101e-06,3.190664998854205e-05,1.281254892230632e-06,1.0991510615680245e-05,4.831083528758106e-06,0.00017225829514298452,3.891393759847003e-05,8.580077811813592e-06,5.3877233946313384e-05,0.00010451898841404739,0.0003759464417005093,5.749475829070462e-06,2.2666747199859307e-05,3.198194850013824e-05,7.5671025310398985e-06,4.275268097870604e-05,2.4467021030554073e-05,1.337294265582014e-05,4.643027474700721e-05,3.527408483332259e-05,0.00034661808252514246,2.084274178122937e-05,3.85594559677216e-06,9.927088188375624e-06,6.602042309278644e-07,4.1606116200518874e-05,3.733937364667075e-05,2.7869831958601146e-05,2.055872785545368e-05,3.701067515941593e-05,9.159970121214064e-06,8.040254892404613e-06,6.086861360734797e-06,1.8322767797076987e-05,1.9222150488124064e-05,5.824938678344018e-05,3.143676519260344e-05,1.1128892042370563e-06,1.775126814310558e-05,6.047138117404384e-06,0.0003584197300941809,8.270106032370838e-07,8.463648695895977e-07,5.700240319176138e-06,4.377224838296396e-05,6.440355066833581e-06,3.278832168035511e-05,3.102274911995516e-06,0.0001048556009211836,2.0689200330323405e-06,1.2807672811316293e-05,0.00021873852114298126,3.873088115850913e-06,5.1376186145116835e-05,1.861643100633727e-05
YK951326,5.425271628548194e-06,3.277629805383023e-08,4.562723735741275e-07,1.509281019744451e-05,5.988324526852769e-06,1.1343077209218128e-06,2.852124995276654e-07,2.2894864904261717e-05,6.601603932211459e-05,9.548290507359304e-06,8.758424032577399e-07,0.00026435120741132706,4.880684513469761e-06,6.425102660485032e-06,3.1777395986495052e-06,1.886759384403017e-06,7.422638221111828e-07,9.435519640789801e-06,5.906833114678344e-06,0.00014285992086962706,6.192704866369398e-07,1.7411988618809504e-05,5.211951526657164e-05,5.875452125940119e-06,3.2600721309443067e-07,3.7603332351480654e-06,1.751501657052841e-06,3.0958495029783465e-05,2.733473393189461e-07,3.5698195021552747e-07,1.0249787520241224e-06,4.8381367880572796e-05,0.000612618354520513,2.4802054197937527e-05,9.849851751970415e-06,1.0100611712371234e-05,2.9092376955648463e-07,2.0549379988282677e-05,8.34497540963524e-05,4.821579719675828e-06,0.0,7.28099735726445e-06,6.076698000088853e-05,6.6610086658617584e-06,1.3473416210764391e-06,1.7984114869852024e-06,3.378410010346554e-06,5.365065190848039e-07,8.146503481360948e-05,7.278449327839734e-06,6.693557854783502e-06,0.0003121842026063991,5.850359942162078e-07,4.704366034468077e-07,1.0166875237538281e-08,1.6641917552828151e-06,6.0460694676317935e-05,5.7355735079833634e-05,3.6943081355848946e-05,2.690962926819185e-07,9.874565821846996e-06,1.882466779485427e-06,7.273280741250836e-06,6.855950735733984e-06,2.3195519958940583e-05,4.585422247574374e-07,3.131040386528347e-05,1.3596284794007455e-07,5.537128505211079e-07,0.0004308743262832282,0.0005619514504547948,1.4529544690165742e-07,0.0001185887127189178,6.354520147131718e-05,1.730227738090304e-06,1.339739114589648e-05,4.761348116046238e-07,0.0002929457683629145,0.00021869425751700427,8.885719865713352e-05,4.419082160895341e-06,1.5292539697406303e-08,2.590467577356739e-05,6.346808311059822e-05,0.00015548140145928317,8.297879157517084e-07,0.0002014223894834196,5.453694662277443e-06,4.599523042743781e-07,1.866921570622563e-05,1.4363730643975843e-05,1.3483516034463853e-06,3.091720117041373e-06,3.549655812656263e-05,3.2648727235687167e-07,1.4518204223375787e-05,1.923659174818255e-05,9.201139039320065e-07,7.019520946455124e-05,3.4282800238409224e-05,1.7035384413069305e-06,1.2679571140873252e-07,1.615576780418296e-08,5.353771324277765e-06,7.161992975110465e-06,6.25934763129334e-07,4.778375539823037e-06,5.649839334928196e-06,4.348978122787063e-07,1.0369128682101443e-05,5.231566697700218e-06,4.2243599611875555e-07,8.365443189379965e-05,1.4939383645164412e-07,4.915059578545646e-06,1.529164728922638e-05,4.232757437554e-05,4.551579759894644e-05,3.30741329574452e-05,2.1955937325681172e-05,0.00014468845283694594,6.433327324880937e-08,2.215330206467252e-06,5.410808497290771e-06,0.0002028478494017734,0.000348215877424256,2.151329188857442e-05,1.3098528618250383e-05,3.299467767487597e-09,5.812595788908329e-08,4.4746803721279585e-07,0.0003185331031143271,1.602877451103122e-06,4.9142691043872046e-05,1.4779261096224644e-06,0.0007945437521554367,4.120993840816754e-06,4.4133367599132425e-07,4.745550332964688e-06,1.0058545426299412e-05,0.00011716191392178675,1.6531263683953198e-06,1.174835680563131e-06,1.4424885720783224e-06,1.5944643789247235e-05,0.00013516664851582146,2.8991271326202334e-05,1.6956685854124814e-05,4.8115879607124025e-05,1.0208820204348761e-07
CF622663,4.38891943264507e-06,9.248130562885185e-07,4.244319120592255e-05,1.0407503953661563e-06,9.12889096867833e-06,1.9522534447524067e-06,2.117918885704243e-06,2.566688457534345e-05,7.757372646223453e-06,3.338138606547842e-05,4.897703300180106e-07,8.55691085477515e-06,3.378568581595417e-06,3.6591764068068095e-05,1.6808124352478422e-06,2.0848064466581126e-05,3.389412074709733e-05,7.168672075943246e-05,0.00036016263781575494,1.791184122536433e-05,1.3927142898132027e-05,0.0004448947355646793,2.7783551918861965e-06,1.2509165293023126e-05,9.686957166178025e-06,0.0006147558658299225,7.205027454369129e-07,1.7821292111347734e-06,8.65799764561847e-05,1.0223641053728074e-06,0.00048320568853388497,3.5702529984704375e-05,1.0230876380840255e-06,2.3021894526607194e-05,1.2036401740044286e-07,0.00026155715806777907,1.063726610736019e-05,4.289254047234574e-05,4.9151383006968085e-06,2.057659551751672e-05,7.28099735726445e-06,0.0,2.411651995575557e-05,9.741209017440602e-07,1.265118928070035e-05,3.701474191985257e-05,1.5049362919836747e-05,7.507223094256432e-06,8.246776317304657e-07,0.0003682261954418399,3.0088081286256322e-06,3.7074519048963096e-06,6.992269574804447e-07,1.4815234828903244e-06,1.81643734429148e-05,1.0089901861282834e-05,4.222568140737129e-05,0.00018147386156081122,1.2819131019790813e-05,6.282768689114701e-07,1.571537507783041e-07,5.082476851477019e-06,1.3291588721031527e-06,1.1631789743033296e-05,2.8039096420301137e-06,2.0261281835662238e-05,1.0806724132070776e-06,1.0222727073913457e-05,6.959017516709473e-07,5.405774118723095e-07,5.337063262379147e-07,5.699555099050342e-06,3.861010990455632e-05,1.574831431786969e-06,2.395714665461362e-06,2.1304278359671062e-05,8.650589233236248e-06,6.452749605554008e-06,1.524151954575805e-06,3.729754296657602e-07,0.00013431623049259866,2.1256760779919876e-06,5.754949515221064e-07,2.342621412192494e-06,5.168413303614189e-05,5.940560398679e-06,4.032067001817698e-05,0.0001445658422017512,0.00010772022805723979,0.00037869713346750034,1.2536997565349829e-05,0.0007669108371460102,7.932743868567938e-05,0.00010275811888303149,2.5866070979597694e-05,5.770946253781647e-07,6.2260767705612015e-06,6.002535514877668e-07,1.3392529984567203e-05,6.84619162555245e-07,0.00011397831789945937,1.874387567869726e-05,0.00017781961759773187,2.0496529199103783e-05,8.215146861423506e-06,6.994709603679863e-07,1.6564034481689995e-06,0.00034763670625038165,3.579648811667871e-05,7.731969278782393e-05,1.3546613296235318e-06,2.269393288466207e-05,2.4706435716443676e-05,1.8375271260980176e-05,2.5428786365694265e-05,9.939155785760877e-06,0.00015530684257619425,8.847064153249768e-05,1.4342994824732926e-06,2.680924603570027e-06,9.938698826749811e-06,0.00013923853277785625,8.141415193701721e-06,4.821869561857177e-05,1.6491848629867694e-05,0.0003664958706638431,1.730256701427595e-06,1.6078092229465331e-06,9.500818285330543e-06,2.5849457927800438e-06,3.815970847816567e-05,1.1138964877806797e-06,2.262319824961379e-06,8.249455272365368e-06,2.943004827082368e-05,5.060193554577763e-06,4.063645744964799e-05,2.2296897305784467e-06,1.1465677271263656e-06,2.3481349182003114e-05,7.6122268945197226e-06,3.7740074570306105e-06,5.252858965567705e-06,9.051870793429452e-06,4.863722069910827e-07,9.670325187643623e-06,2.4162272066094063e-05,4.29705118182268e-05,0.0004110189030559567,8.345236744805857e-06
WE759046,1.779756342785971e-05,2.3571862700511687e-05,8.93056006675754e-06,5.780963779776255e-05,4.2345623879055825e-06,2.943605507064517e-05,4.401932855806949e-06,9.986028846618362e-06,2.774703918571431e-06,0.0004159934952685731,7.677255482135411e-06,6.572605882245899e-06,9.028903370789122e-06,2.9345255089879396e-05,1.3936709157737484e-05,3.788079297019785e-06,3.3398124305261063e-07,6.908922145485794e-05,3.8149406066547585e-05,4.680437023604807e-05,6.382404137082452e-06,0.00010666439133214579,3.305217466331988e-05,0.00014910714291823207,4.5203564292435116e-07,3.4811398779995166e-05,2.5375137851024615e-05,0.0016679681712109503,4.445499691703997e-05,2.3429772448144384e-05,3.4550919293187614e-05,4.0382834114746874e-06,1.4303760267827283e-06,2.3419609765688656e-05,3.482969235242269e-05,1.8252767460672965e-05,3.4621566351006056e-07,0.0004639453594681932,0.000866663097304603,1.9804017418085558e-05,6.076698000088853e-05,2.411651995575557e-05,0.0,4.536657887230192e-05,4.202361435810572e-06,1.1186362037009005e-05,1.5876470730343406e-05,1.3356745559100445e-05,5.0081175794681563e-05,4.889091748339554e-05,2.6811538317351122e-05,9.86633807178275e-05,2.9913535271133423e-05,1.5678980564124138e-05,2.9954313902889686e-06,2.2982084570371703e-06,3.5737027127667016e-05,2.0834500232913706e-05,5.2250282622839985e-06,3.0042192799362854e-06,0.00010181889233367414,7.484593796311548e-05,3.404678494109277e-05,3.3547786067688306e-05,5.264508965046587e-06,0.0005162457676181402,3.95568356992413e-05,4.9903734486816304e-05,0.0003389167347386123,0.00014541075288978617,1.6204421335395724e-05,1.6193501401207633e-06,9.339732123192906e-06,7.90911967581809e-06,1.2583121414813861e-05,0.00016311113705148715,6.517456282237711e-06,1.3670059248323986e-05,3.1321121327257086e-05,3.710846666046375e-05,1.587862807495749e-05,3.0378515273303066e-05,2.2681870833232265e-06,7.789721667056766e-06,0.00019736648986550282,0.00012748950368540998,0.00012847113250403125,7.070667437610934e-06,7.354795903837471e-05,1.4972286899384502e-05,4.6680309965117665e-06,8.987933071423959e-05,1.5295067773583944e-05,3.3309728005981636e-06,5.972754638611834e-06,5.557390568047027e-06,2.048422400780267e-05,3.151451365902849e-06,3.8550106920417136e-05,5.5039144028138136e-05,2.294105154460467e-06,1.5294761446896527e-06,6.699212073174704e-06,4.12175914976627e-05,0.0003886055800345205,1.127309588880233e-05,0.0010372643023025196,3.778722628531558e-05,2.3224235191048685e-06,2.2757610692971006e-06,0.00021703390551885087,1.5292799475268456e-05,7.004835175767399e-05,8.651619200314304e-06,3.0026949311239847e-05,0.0001736535698493325,1.0840754301930714e-05,1.4433773125527794e-05,1.1682005519303916e-05,5.379970074942687e-06,1.919814108915176e-05,3.823240102505123e-05,9.842987559269678e-06,4.184333714158203e-06,0.00044380518309530066,7.193079578212269e-06,6.71627777912918e-05,5.331814642404245e-06,3.3423180785720635e-06,9.08005540184488e-06,3.8126858298909466e-06,6.419402651979244e-06,4.2717035544175165e-05,0.0002170021433526534,5.003829998560748e-05,0.00024378430045560802,1.99261190260292e-05,1.8575834249147303e-05,0.00012042090408492146,2.8182813218696416e-06,9.087799384266489e-07,0.0001048842783999919,9.876624835550554e-06,7.435412707672212e-06,3.864872271255918e-06,5.883636821116711e-06,5.247295557579909e-06,1.9145663340772563e-05,2.262969823465364e-05,1.1357337988284404e-05
DC741383,1.3089813196896822e-05,5.3677994381021603e-05,0.0001636308922374542,4.367054368706781e-07,5.594373558955311e-06,5.980684342228908e-06,3.0039219371711194e-05,3.79368052748497e-06,7.617251170575457e-06,8.874174454635212e-06,5.80149049469617e-05,3.864702615095027e-07,8.710406803872493e-05,7.312756781525176e-06,0.00042817473402545947,3.514749538959401e-07,1.0503804330175342e-05,1.5824735547372855e-07,6.716634989950364e-07,5.1908463935535915e-06,6.8786635238920975e-06,9.010017235993709e-07,9.820678506990153e-06,4.8710007410743114e-05,7.2404453427936806e-06,1.9129970239743645e-06,0.0014473801172832828,4.751549271498619e-05,1.7431809383659961e-06,1.780525548038017e-05,5.3105819441880156e-05,9.852087282993762e-08,1.032008034618661e-05,2.6219552027223874e-05,0.00044821304871894396,1.1802980615350843e-06,1.3835956849750853e-06,2.8238557525957475e-05,5.9886363486743025e-06,4.35745575682554e-06,6.6610086658617584e-06,9.741209017440602e-07,4.536657887230192e-05,0.0,5.006237275047458e-07,5.4516553860376265e-06,1.3842315988018123e-05,4.3010804713460475e-05,4.636097487711068e-05,5.899692973599364e-07,3.645222659656699e-05,4.178401076827202e-07,0.00028125769120032916,8.398284680792773e-07,6.672336607108587e-07,1.1349915571343205e-05,8.290272827241592e-07,2.139072314219041e-05,2.3984555634031406e-07,2.4163064512899e-06,0.0008253753316696229,2.0333081552507625e-07,3.6658620406180967e-06,5.3131563240036945e-06,7.973438106683814e-05,1.051596642080552e-05,1.1785967137175873e-06,1.942833012183087e-06,0.00031501065907555656,1.02281163163342e-06,1.1692821976850808e-05,3.492440252938904e-05,6.944371296386422e-06,1.0070171421923142e-06,2.240711301086675e-05,0.00010896359567282948,9.013572505246987e-06,1.5735769214962242e-06,1.16321181423063e-05,3.869609474710732e-06,1.4569096137633626e-05,1.105270299102492e-05,3.2834340114601125e-06,9.612845840861303e-06,2.3637041170936077e-06,1.90207797571765e-05,2.8329050629640683e-06,5.172094425626713e-05,0.0001511501281920075,4.021411913851169e-06,1.1668616630375021e-06,6.179501378142134e-05,9.720506355016029e-06,1.8438451571698883e-05,1.0275662500271125e-05,2.1256507410689408e-05,6.181812385578732e-05,5.79330710678612e-05,2.9526206874395966e-06,2.4081315963394177e-05,2.5163259055372465e-06,1.994942839036143e-06,1.3176146352751215e-06,2.4510922231513224e-06,5.069322623502206e-06,1.0918071960953137e-07,0.00034542600287392996,3.303347581505325e-07,5.9075469998128565e-06,4.174480436457045e-06,8.959388926797953e-06,6.0944938797179634e-05,7.444508359282065e-06,8.527868477440034e-06,4.655081018872252e-06,4.0768786230186194e-05,1.1961853386616143e-05,2.0501013261678237e-05,4.710484460332683e-07,6.523496219653272e-06,4.297437428166398e-05,1.749621859466011e-05,7.986277448075058e-05,3.873167260009219e-07,1.2031638875859502e-05,3.304419054340238e-06,2.3427133282664918e-05,9.24194363689383e-07,2.1131644403149532e-06,8.491707864681846e-06,2.2284681732286185e-05,2.1638510556854294e-07,2.2793951215481943e-06,9.545940195305157e-05,3.4879797499528303e-06,5.906749553378915e-05,5.110358830404599e-05,1.2723804297996022e-06,5.989504284615564e-07,1.0033357899052519e-05,3.9872369812901724e-05,5.010348997273167e-05,9.804029497751211e-06,9.81313965704623e-07,8.924112456060145e-06,1.1928503391151541e-06,1.0863072476150867e-05,1.5818805956724263e-06,3.777299533532841e-07,5.395412525351411e-07
EF295835,7.106273755013843e-08,3.155430966996716e-06,7.390047725849345e-06,5.474627280124945e-07,9.675254621216975e-06,1.2758047450985124e-06,6.851149847444491e-09,1.3189540549533227e-05,2.6705766257894506e-07,4.764260803977282e-07,2.553214379143439e-07,5.372069337656806e-07,3.0780928734006007e-07,8.360609700951257e-06,1.1672992516365152e-08,8.378382615172886e-05,0.0005425002565163761,4.840513151754064e-05,2.521884081505753e-06,0.0003154940513290046,6.17160379686518e-08,7.481093428072091e-06,2.897494742644137e-07,7.5420083956889216e-06,3.102404666767163e-07,1.1558356377727367e-05,1.5333805409969363e-06,5.920868457890543e-06,6.077239190448913e-06,1.9638609731198093e-07,0.00044798233648542766,1.6511183767902905e-06,4.381638508277491e-06,1.840155206868473e-05,9.470433500630062e-09,3.1184573343987123e-06,2.7139037928276935e-07,5.327002911376727e-07,6.197646475841166e-05,5.095886717719216e-06,1.3473416210764391e-06,1.265118928070035e-05,4.202361435810572e-06,5.006237275047458e-07,0.0,8.787660398572706e-06,6.960713592489183e-06,3.1348737955584314e-07,9.540182216457648e-06,2.5567852018060858e-05,5.0265001122695975e-06,1.0600101742170617e-07,9.018926071310571e-05,1.4926917474536478e-07,9.038206546998352e-08,2.7800634854212767e-05,0.00015144961359380172,2.1779804191464668e-07,0.0004886787337370173,2.285880805918563e-08,8.315599552231964e-09,9.451762209176328e-07,2.3793079403494107e-06,5.522254139088206e-06,8.53188373642812e-07,1.0918638209237885e-06,0.00029253840540412375,3.8089906518832025e-06,6.106599725073215e-07,1.1841671218912198e-06,0.00019293481586007695,1.6322505493232577e-06,1.5826495998107234e-05,9.213052363797633e-08,1.0570227152312796e-07,3.4015369568724793e-06,1.4495826055291969e-08,1.2139095293321713e-05,5.715859906541312e-08,6.498327433877942e-08,0.00021366832715996898,5.695181468702915e-08,1.6619657572316651e-06,1.569261826227547e-05,1.2517045100510782e-07,3.446503657338087e-05,8.83431420922505e-07,8.30510938509695e-08,2.984781623565953e-06,3.333577438990523e-06,0.00011628021705113289,1.2931123562511125e-05,2.6528518098915493e-08,5.5516345465092414e-05,8.924941381491361e-06,6.062578799901767e-10,5.803552103792453e-06,6.87108478232957e-08,1.9084578110547056e-06,1.1085591661990919e-05,1.163028655775133e-06,8.822256297313407e-08,5.030958589444543e-06,0.00023770178685011018,3.0083511982357343e-07,5.945450780961891e-08,7.357195966916533e-07,9.018425454857649e-05,5.162795104694992e-06,0.00010511186949453505,2.6940633143158616e-07,8.146746657359997e-06,6.848229471996934e-05,1.887223632330215e-08,1.1703126145476611e-08,1.1316841680000484e-07,5.1496610834298185e-05,4.2784154902449234e-06,1.2943981215846505e-07,1.8208455230847432e-06,6.2408150042971545e-09,1.1640582755639681e-08,4.19812394869139e-06,0.00045480133980574887,6.496795987608016e-06,6.497539080803577e-05,6.50655088934237e-05,6.279762452399849e-08,3.061823529940777e-05,2.5658868081477488e-08,4.551016247991368e-06,4.347503014058613e-07,6.587136548443897e-06,6.127893364671619e-06,1.4247363663130392e-05,7.271427570170307e-06,3.858802817621337e-05,1.563055663850343e-08,3.792708558284917e-05,8.010183985856645e-06,8.199238203821894e-06,1.163821750639923e-06,4.537682271894819e-06,1.9573528632532446e-05,7.240210696676051e-07,2.093583229073115e-06,3.8633934080758495e-05,6.85587227218751e-05,0.00010150432625353578,3.34599939714113e-08
GN704275,2.2746449497505255e-06,0.00032407585099169595,9.780289066159853e-07,1.3612920943481005e-07,9.528738269104708e-05,1.9246695350745765e-05,2.230988629901165e-07,3.240356314872267e-05,8.593927441199835e-05,7.624124787203947e-05,3.163115625352802e-07,0.0002654437403353588,1.1353537269592983e-06,1.3818721377346396e-06,3.6934533766018577e-06,1.8034726380090995e-05,1.0723034082010572e-05,1.5674081290436326e-05,0.0001823612827248007,1.391073641545097e-06,3.1083690111461866e-06,5.3259766423684486e-05,2.469476211201478e-05,0.0009332914799655628,1.914455793723674e-06,0.0007164495974522172,3.799529178422821e-07,1.987014008966544e-05,7.312391149057061e-07,1.624348428777564e-07,8.015720855132042e-06,0.00023190264178687877,1.7347225335867006e-05,1.2204380934245341e-05,1.5927495788702e-06,6.734888301459117e-05,1.3008355066675286e-06,0.00011631964321073174,1.7997303285310607e-06,3.546818945132168e-05,1.7984114869852024e-06,3.701474191985257e-05,1.1186362037009005e-05,5.4516553860376265e-06,8.787660398572706e-06,0.0,3.41735378347556e-07,8.03867367208905e-05,3.0284458974068966e-05,4.802665431441429e-06,1.1111469927263088e-06,6.127903075056849e-07,9.763751537212207e-07,4.130315833994657e-07,1.6283302778892385e-05,0.0002498468850268692,5.489303539074004e-05,4.7298142601861995e-06,5.105081816507447e-06,3.988043115740715e-07,1.0043504950746788e-06,1.608548602314645e-07,5.591435283444142e-07,6.6003607209677455e-06,2.828340816872064e-05,3.292392697327877e-07,4.4336227069194963e-07,3.510999917578527e-06,1.9619075550024265e-06,2.0844487939564202e-06,1.0114432893856443e-05,1.6176495811029011e-06,5.556409441251243e-06,7.034655520954532e-07,1.762232491770392e-06,1.1750775346398188e-06,8.577766199608306e-07,5.079554918681138e-06,1.3440214274163966e-06,5.70434322526603e-08,1.9595558521909092e-05,5.553806234531146e-07,7.989968010706419e-06,8.5013836022007e-07,9.325061438932133e-06,4.993024755649244e-07,2.0412544565586286e-05,1.8448076183912473e-07,9.873237612687447e-05,0.0002541547687965636,4.941757687500205e-05,7.014030895009949e-06,3.458471655428927e-05,5.140961159571483e-06,7.06976728370321e-06,1.9225444218407688e-08,3.558746546963624e-05,7.084645102262736e-06,9.669714885953714e-05,1.0770567360510115e-05,2.598661791522684e-05,6.44932143803712e-07,6.904096342276036e-06,0.00017376460243571568,6.555650817669815e-06,6.230747975778956e-07,4.022431818882614e-06,1.8342340033664357e-05,2.9563143046717593e-05,6.273432291624968e-06,1.0432912718947573e-05,0.00013499219469935154,5.858871223927206e-07,2.119916842840752e-06,1.2715926822525624e-05,4.24918699520874e-05,3.391503951355582e-05,2.4660427017868535e-05,3.014470298618738e-06,1.3118036282512998e-06,1.1189563764077434e-07,1.3655626789215413e-05,7.304631700409438e-06,4.919448145715975e-06,3.872292979937708e-06,4.891708313438049e-06,1.4580828353407271e-05,7.289078462038754e-08,7.543691556442932e-07,4.112522339997157e-08,0.000112124745246683,4.822058240808962e-06,0.00014235086017941036,1.597857848414512e-05,8.83642794922225e-07,1.381096907563568e-05,0.0004565707889045988,4.076463514204642e-06,5.0508743324237965e-08,5.707446017551345e-07,1.8837641629250492e-06,8.151811850463572e-07,7.903918402630154e-06,1.3896672759308947e-06,6.909770361427984e-07,3.0313100301919494e-06,4.0566720292352494e-05,1.342003856515966e-05,7.512583253831746e-06,4.573821570581596e-07
KY124041,2.3642127862175135e-07,0.00011250268981846789,0.00017409794764065113,8.834973631082486e-06,8.866520695145727e-06,3.5305730940982444e-07,3.0826734704949665e-06,1.121025606204597e-05,1.7633734328805142e-05,3.340010685188874e-05,3.1386701660684315e-05,8.663881668599489e-07,3.3125184623331727e-06,6.725264371315479e-06,4.286131685710668e-06,8.300009880603314e-05,1.3674045933413374e-07,5.412567004886132e-05,1.2541907272502175e-05,5.984881500688643e-06,8.143894255732591e-06,1.7662101830161452e-06,2.200083962375254e-05,1.6185852976795525e-07,6.757429076578071e-07,2.3095418199708334e-07,6.007740316108369e-05,4.0519693060680375e-05,5.524306417034738e-07,2.602629909455297e-05,8.558648784333921e-06,3.0625911273324954e-06,3.3244472406260574e-06,3.2225789321574953e-06,8.409343021896032e-07,1.4960189217995111e-05,0.00037519226904562963,5.082128964447629e-05,2.0697626983716232e-05,1.0814321586701503e-05,3.378410010346554e-06,1.5049362919836747e-05,1.5876470730343406e-05,1.3842315988018123e-05,6.960713592489183e-06,3.41735378347556e-07,0.0,5.706332221154045e-07,1.9723623507090345e-07,5.300325832984678e-06,1.2597412752221041e-05,5.179986687548162e-06,1.116255449105979e-05,7.181248040327854e-05,1.3584348471378273e-05,3.2191228874844532e-06,7.848576757548147e-06,1.138984725966965e-05,3.088379288829142e-07,1.565590104960362e-05,1.6450787433021464e-06,0.00026625043447333176,8.287544930387271e-06,8.789195027253568e-05,2.849625406974263e-05,0.00011205907536512875,0.00011757276378892465,7.197776217589396e-05,7.962818241986102e-06,9.386836689641435e-06,2.9206814668652816e-06,1.3830568808468113e-05,1.6266064101622644e-05,2.1220969274531036e-05,9.3153455410095e-05,2.3858237545033168e-05,6.71550199291744e-07,4.552365071109333e-06,5.498590810161408e-05,1.7231875195153664e-06,3.3844696226612654e-05,4.540236482223387e-05,2.2972965282069074e-08,2.091150237320927e-08,3.6415996655830784e-06,5.1868039768083965e-06,7.238901948657021e-05,5.47257863610036e-05,7.624394762878763e-06,2.383320276946069e-06,2.0590074228784578e-07,0.0017235666877557605,1.349242628815031e-05,7.83087913188853e-05,7.509193038316523e-05,8.344504285152588e-07,3.16905590033967e-06,0.00029672150485474997,2.0095290440481156e-06,2.8925446172084923e-05,0.0001949221599653076,0.00010032947079759903,0.00010610676007675138,1.9122654576523575e-06,5.2922353051655867e-08,2.8865556988249518e-05,1.7343409816832313e-06,0.00027171306282612725,2.074332814667028e-06,1.763110335495452e-05,8.240359187576593e-05,4.346185690689879e-06,6.0907298882023756e-05,6.384182159776408e-06,4.723690913333444e-05,1.0158104079851601e-06,4.3735334539832326e-05,1.9423661282578353e-06,5.878212026316984e-06,1.7064554695953083e-07,2.09714788164899e-05,1.4293345064440677e-06,1.9381630937244463e-05,4.766831432185746e-06,9.43693437882634e-06,8.173996953372511e-07,4.770622578168946e-06,5.517124693896888e-07,5.6729306035249915e-05,4.637901069365377e-05,5.223879045922965e-06,7.489329191012867e-07,6.77263768992577e-05,1.1228727476838981e-07,2.363444177157211e-05,9.662542461065818e-06,1.0888185549359353e-05,2.5208984890370613e-06,1.1682645096835306e-05,4.407437676290674e-06,3.1099920909608058e-06,1.738917876471812e-05,2.315534295512645e-05,2.9493734831564284e-05,7.717043757498995e-07,1.7043987161826287e-07,4.014520039556704e-06,3.88913551669654e-07,3.364074361851654e-06,9.124011459766967e-05
RE294338,0.00011520888311246499,1.010836931966507e-05,1.7388913946593167e-05,1.0858750846003885e-06,4.446337507602161e-06,0.0005508729471731292,1.6414372599004353e-05,7.126437798209047e-06,0.00016860562326366643,5.096514242219687e-06,5.79569474261925e-06,1.262146700415304e-05,2.213877328246416e-06,1.2233309858068921e-06,4.239884989902304e-05,1.614111237558366e-05,3.0649422811270856e-05,4.210332691631027e-06,1.3835552898312717e-05,1.369920767406419e-05,0.000114316998433086,4.401676178020652e-05,4.93992333156198e-06,0.0005866823009071234,9.255439958358684e-05,8.28542326058569e-05,1.796195040865148e-05,3.5340070309694274e-06,5.586014740918423e-07,2.4658636003380113e-07,1.5155123511697506e-06,1.0841759414034415e-05,1.7339624134367006e-05,1.8139140791080587e-05,0.0001530874715230789,1.9872673223677508e-05,1.9182212223034018e-05,5.699583439602137e-05,1.3486838822226999e-06,6.4029672813059014e-06,5.365065190848039e-07,7.507223094256432e-06,1.3356745559100445e-05,4.3010804713460475e-05,3.1348737955584314e-07,8.03867367208905e-05,5.706332221154045e-07,0.0,3.1452358282336125e-06,4.947234223902388e-07,5.991833321044361e-06,1.270807183569539e-06,8.374763914244892e-06,1.4170140040811527e-05,0.0007607710969928509,2.3171779467168205e-06,2.4307734375388537e-06,1.0159940798301663e-05,1.4444853776449841e-06,8.00121325153086e-06,1.687040997615787e-05,2.7768981780985667e-06,5.581713702239678e-06,1.7973885825398072e-05,1.6340249187923611e-06,8.660864149432594e-06,5.535272448540083e-07,3.26481996597528e-06,0.00020094825068479294,1.4129576219715283e-05,4.161398067390731e-07,4.832065864671221e-05,8.27435629326534e-06,6.023037029452614e-06,1.6956126269910596e-05,0.00011076711297430784,0.0006036164846072055,7.825052836837106e-07,0.00018276839782895178,1.0945921795194106e-05,1.4730006081643465e-05,1.387741019697997e-05,2.0370745258984272e-05,1.0866322074229718e-06,7.115428878831335e-06,8.467096205441277e-07,1.1316109255199395e-05,9.28458102460419e-07,0.00012603023535621315,2.735882444292111e-05,3.6371694329527106e-06,1.1093376546643065e-06,0.00040279038725983817,1.9864141041428115e-06,1.9299502088725837e-05,5.145569933967976e-07,5.952253652333527e-07,2.4966121209247013e-05,5.7141587718267185e-06,1.110581428476452e-05,7.748670202559304e-05,1.1583425114763789e-06,1.6343843097803485e-06,2.537245686746676e-05,2.6635813278875886e-05,2.8634295703244782e-05,3.859256872459103e-06,9.544141160928838e-06,5.376686712021853e-06,2.2094179698807092e-07,6.938283342247591e-07,0.0012545908909860656,1.0701882025502522e-07,0.00013419134831363136,2.1443509838492445e-06,4.2078465800805634e-05,1.1004968700824724e-06,4.082566794799744e-06,1.5371238605957457e-05,8.17947931112867e-06,8.832572708843871e-07,0.0004348976660572721,1.4247601469994496e-05,2.6779142889110405e-07,5.1369174384248605e-06,5.217424136421732e-07,6.095074499394757e-06,6.117008910344659e-06,9.485192976545536e-08,4.08781904104304e-06,7.562229708793907e-06,0.00013344238873297262,3.5124948856840346e-05,6.376819301037586e-06,9.113727623159288e-06,3.18397003584012e-06,6.358023792807286e-05,0.0009691801140107466,7.878618512537469e-08,2.2507980941239906e-06,3.238201693534541e-05,2.2056211760201974e-05,2.080075267478725e-05,7.876849813233639e-06,6.026615602535555e-06,1.578403854199239e-05,6.019045150877114e-06,2.2934665041821347e-06,3.6056724752982355e-06,3.1289984313411916e-06
KG679473,2.1748202111175183e-06,1.4628471196564695e-06,4.36399505158788e-07,1.311870171694653e-07,3.611343258359936e-06,2.8605511571255455e-06,1.5604943508511232e-06,7.602580562232859e-06,1.1732091374285494e-06,3.2360294547118163e-06,2.178359292509627e-05,9.082140592077736e-07,0.00010082881782348315,1.1282110631009097e-05,6.394529719220505e-06,1.2845991851576168e-06,8.630247484592174e-05,9.781943930069011e-06,1.0302886873219451e-05,1.3638984442833986e-06,3.391826433709393e-08,6.01397801355089e-06,9.132512900110983e-07,3.436630301496395e-05,3.543118174674175e-07,7.231735711194885e-06,9.486430085079935e-06,1.4723123594963151e-05,0.00011818490747422629,7.88699709783346e-05,1.363586859294619e-06,1.1791922411877798e-06,5.081295014653519e-05,8.097371212763416e-07,6.29629637864092e-05,6.157923013798731e-06,2.899923912319551e-08,1.534066348537482e-05,0.00017217132937545553,3.097927011776826e-05,8.146503481360948e-05,8.246776317304657e-07,5.0081175794681563e-05,4.636097487711068e-05,9.540182216457648e-06,3.0284458974068966e-05,1.9723623507090345e-07,3.1452358282336125e-06,0.0,1.8873934112377076e-05,9.789613399690447e-06,3.6395689266317815e-06,0.00015597384247264883,8.373026953408761e-07,3.178895979682363e-08,1.649701472214552e-05,7.12554808559844e-06,1.1922540113167185e-06,5.341899388905864e-05,1.768812232973238e-07,1.027478880927497e-06,5.7293230191594336e-08,1.0101910324445144e-06,1.033751447634331e-06,6.557851220426895e-05,5.919132222123922e-07,2.5639675720378082e-05,1.2196999663301087e-06,1.807118518946422e-05,5.645698702982853e-05,0.00016564213691686435,8.680393306076857e-07,4.370888261714238e-06,1.1654166989660393e-06,1.8572160193498646e-06,4.207779210157117e-06,6.921415228727839e-08,0.0001838836217460767,1.511632844223049e-07,9.491820601138298e-05,1.734289963855752e-05,5.12433362660016e-07,0.0001792767328212641,0.0009263363266318669,2.4221668980624932e-05,3.9075846578961834e-05,8.174500668133058e-07,4.446586149601136e-06,5.4120676980694976e-05,5.91591348472106e-06,0.00011824619792866873,6.578287326741069e-06,6.585759678194161e-07,1.9512766506259755e-05,1.6787465908794416e-06,1.4940882313427612e-06,0.0015526745255403714,3.1285297802068073e-07,1.532221017442154e-05,1.534013270251743e-05,5.818605662649375e-07,4.44440131178789e-07,1.0737826272246169e-08,4.947063088264817e-05,0.00011403188037679914,7.196193153153105e-07,3.9960115405413406e-05,3.315426430835431e-07,8.039689368495246e-06,8.188694530382829e-05,5.6450352595060576e-06,2.951829541804181e-05,2.000534523864443e-05,1.23588035517028e-07,2.184190111518594e-06,2.4447951788145482e-05,6.485126379702853e-05,6.448912675360915e-06,7.655531576270588e-06,6.85241096202389e-06,8.743370253052512e-06,3.669154994375634e-06,2.504067158424543e-06,4.043288237631893e-05,0.00013721929132371372,3.093873635963939e-05,7.299019987760082e-05,1.835328481059784e-06,1.3566349327564753e-06,1.5874721168262717e-07,1.4404190672035465e-05,5.011887829861866e-07,1.2399945703587707e-06,0.0005678472775902737,1.9457544115049976e-05,0.00015633460107015195,3.873412903665841e-05,7.304706965456924e-08,6.02146429981101e-06,2.260324327092157e-05,2.2665788962785556e-05,3.076760502910958e-05,4.015529937736637e-07,3.296799261169714e-06,3.4376494274896034e-05,1.2416494797710294e-05,8.01053421222056e-05,2.63682674410575e-05,4.906107851868873e-06,1.007247939880744e-07
QB453383,7.590961741544615e-07,2.8152161526818914e-07,2.981897770161581e-07,9.316305723790476e-06,4.321357692291679e-05,1.0867512560963495e-06,1.6200650928896055e-05,9.685604907612834e-06,1.0048374507685554e-07,2.0796962610235275e-05,1.0676035980991123e-06,1.2528763657760442e-06,8.686874671907906e-07,5.4048620242125545e-05,5.152945468513486e-07,0.00016541366594411943,1.4651667548324585e-05,4.150398169099471e-05,6.98525681154614e-06,6.023915520307563e-06,6.143727407530902e-08,8.804558897314996e-05,3.4713757429990265e-06,7.797403223846848e-06,2.467012797040674e-06,3.2270961888008113e-06,5.517574124365511e-07,6.362826614955508e-05,8.766092766889858e-05,5.433764765554315e-06,1.7897578036998788e-05,8.47980894182086e-06,3.790693141640913e-07,5.037890215597369e-06,1.2950576804194879e-06,5.199930892520625e-05,6.85677190085666e-08,4.572451705769233e-05,3.8042284674578445e-05,1.8329120327326086e-05,7.278449327839734e-06,0.0003682261954418399,4.889091748339554e-05,5.899692973599364e-07,2.5567852018060858e-05,4.802665431441429e-06,5.300325832984678e-06,4.947234223902388e-07,1.8873934112377076e-05,0.0,6.216009909886058e-06,1.5530859135137793e-05,3.3652910633452892e-06,1.0668048442358876e-06,1.0738540665754732e-07,1.8056295857209044e-06,5.000585483172209e-06,2.4040066630304752e-05,8.232606702651248e-06,3.5450386047802984e-06,2.0816449124501472e-08,1.9121495598990765e-06,1.888869523578414e-05,2.5593403961343e-05,3.4704562445175885e-06,9.59578686966486e-06,2.50949211672916e-05,7.37905755363108e-05,1.4311738766133069e-05,1.4882202118989797e-06,2.982167811526176e-05,3.233486052250439e-07,2.5447717816643248e-06,1.6684508966033285e-05,1.4847269121586609e-06,5.832542043119045e-06,3.158662193399779e-07,0.00010879394551673694,8.742374304384687e-08,6.530583760986645e-06,9.33500367976454e-05,1.154270961348291e-05,6.914759839075535e-07,0.00018607812836781567,5.093230434598802e-05,1.8208269522865842e-06,6.156568788690943e-07,7.991499757325928e-05,5.765683872332183e-06,6.272832751259289e-06,1.9675809511296084e-05,0.00014570703051644565,2.612294238319877e-06,0.00010181954135540387,3.053157850186169e-07,8.615973561471444e-07,3.406409857194717e-05,9.802298147147042e-08,6.377894980276878e-05,8.590148044602035e-07,1.7792410524502472e-07,1.0541451308934058e-05,9.931954753305887e-08,0.0003453484986115546,3.9554913519394544e-05,3.197545731713184e-07,7.974627869222163e-06,1.1868288812518193e-05,7.840189958809538e-07,0.00023473394444543754,6.248995708014209e-05,1.5682220803482806e-06,3.568265277518877e-05,8.626639535672917e-07,8.947677161820274e-06,3.8798970064568234e-05,5.65879451289134e-05,1.4768052399516884e-06,4.231533491962275e-06,3.6500451909422645e-06,1.0254611809343637e-05,5.338792831360798e-06,5.586536751322491e-07,3.4716223901979806e-05,0.00011797937271599604,5.494873814342948e-06,0.00037257053577008554,6.987529063303552e-05,1.3498823881358319e-05,7.084252783127586e-07,5.3608264516808155e-05,1.0990342858282753e-06,7.588108708656395e-07,1.1249690588008093e-06,0.00015523192554586437,6.700379668813217e-05,2.3054048194250896e-06,1.1703063244542194e-06,0.00012824369454308193,2.2081830180803592e-05,9.637513441400297e-07,4.26979306090518e-05,7.019016952482046e-07,4.111178815206689e-05,6.900296594338919e-06,2.550672112831591e-06,2.4602039981313876e-06,1.4993920907156756e-05,0.0013210927232153512,4.437937866993652e-06
HM872504,1.4576760922148435e-05,2.4594226760503944e-06,0.0001901115088520236,5.4698089135373355e-05,0.00014581439560172886,9.302126772425793e-05,1.0779954422622833e-05,2.639159388318179e-05,5.819836626085318e-06,2.75650133517761e-06,8.813785329962165e-05,2.2061927480365174e-06,4.850718851268553e-06,6.971318070618388e-06,4.0577823859291146e-05,1.1615473367288362e-05,0.00010117748162655505,2.699338914576541e-06,5.413996931519775e-06,0.0001317140967410091,0.0002856865299870284,9.712818682851281e-06,1.1226361384833036e-05,6.6244736964783984e-06,2.748118886451327e-05,1.671946773362116e-07,3.456647803270554e-05,0.00013720191429952987,5.479369557163452e-06,9.883791653617215e-07,4.8432044426215954e-06,3.114834012712448e-06,0.00013818461128381856,5.770761505247705e-06,3.0556530753911256e-05,9.36048287794042e-06,1.5092166584901315e-06,6.121680834089504e-07,3.9494121891193906e-07,2.7275708080775266e-05,6.693557854783502e-06,3.0088081286256322e-06,2.6811538317351122e-05,3.645222659656699e-05,5.0265001122695975e-06,1.1111469927263088e-06,1.2597412752221041e-05,5.991833321044361e-06,9.789613399690447e-06,6.216009909886058e-06,0.0,1.0905470967729154e-06,8.639264599901676e-06,3.944258247378319e-06,6.238788611450378e-06,1.6429040735568623e-07,9.109684467548572e-07,5.237159663767929e-05,1.744339839760736e-05,7.531363805605401e-06,4.620744207214409e-06,1.3420256339318672e-05,0.0006924532026114753,2.138604291910461e-05,6.621255659223112e-06,2.7653633687335355e-06,2.2546793381177634e-06,1.085994760620411e-06,6.695550833410876e-05,1.0710040383350527e-05,1.3974764933947495e-06,1.820704937331471e-05,0.00044817393012742577,7.1404358361743645e-06,4.48992529270567e-06,7.980075416160116e-06,1.703909812387443e-05,1.9132963494904915e-06,2.2114572620569216e-06,2.8773223792381267e-05,9.701605372655033e-06,3.022160086213004e-06,3.618281790292767e-05,3.945610769791979e-05,1.0052497854444381e-05,4.983456149119356e-07,3.436777974961098e-06,9.691747576804307e-05,7.113333813841332e-06,5.381321394924073e-06,3.9926829003884413e-07,3.825835878439366e-06,7.162643297706122e-07,2.9553791603686928e-05,1.311594518466061e-05,0.00023285638473379987,1.1951149393412532e-05,1.1961976822229264e-05,5.732764726427668e-07,2.888510388099265e-05,6.53557860870366e-07,8.218106113434196e-07,4.831201408166512e-06,0.0001108573603488695,0.00017390195409884435,5.3168050173873895e-05,2.3611927470109402e-05,7.74278928385998e-06,5.3880052892624726e-06,2.9875112540336616e-05,2.2944457007476756e-05,4.819483766315564e-06,1.7602563204077634e-06,0.0010960697290200835,3.292823515035629e-05,5.859597262963921e-05,2.85511884363649e-06,1.0010373335120335e-05,7.062250141315108e-07,6.650249553113501e-05,2.105924623945697e-05,9.652647190434184e-06,2.589426064837814e-07,1.6645353839634024e-06,3.137335212009078e-06,7.859039917349675e-07,0.0011315099496526737,2.1096293756059573e-05,1.8081147453465825e-05,1.1401071605731315e-06,1.85885353475372e-05,5.680906717702213e-06,9.119202229245573e-07,7.051102820557349e-06,4.24509654964783e-05,4.404243411908199e-05,5.456032709257448e-07,6.033981834541424e-06,3.7513856832305436e-05,1.7684681770002045e-05,5.160149911848206e-06,2.9763571221837344e-05,6.793369769632341e-06,0.0001343061514119507,0.0008668786007356899,0.00010508719026417366,4.100124673210538e-06,2.1333022593366115e-06,1.0587024019690774e-05,2.1137190674846617e-06
YV652720,6.491642198285769e-07,1.4449457887252067e-07,5.077805508601122e-08,0.00011003050060662281,6.7588060359137e-06,2.626745985483131e-07,6.308507750561231e-06,6.152375610700214e-06,1.4792092581119559e-05,5.7582936011832826e-05,5.048724432135309e-07,3.325210195885664e-05,1.7075645375705224e-07,1.480950243049271e-06,6.731816799878474e-07,2.3382343781791755e-05,1.2388291292355256e-08,6.098562852879619e-06,2.7570482905033976e-05,4.294210483994245e-06,7.9569366850456e-07,7.124159871062235e-06,7.958825316786121e-05,6.68677276176177e-07,2.6231449474503866e-09,2.823753769101834e-07,2.457687310949556e-07,7.683062176825363e-05,1.938681970844527e-06,8.827714994443235e-07,1.6998299003627629e-06,1.5267878816341755e-05,2.3440897506639426e-06,2.4148897110538412e-06,1.0610660073885707e-05,0.0001332937928517661,3.6342602325710046e-06,2.884588281002297e-05,5.166140607645972e-05,1.4291954850755827e-05,0.0003121842026063991,3.7074519048963096e-06,9.86633807178275e-05,4.178401076827202e-07,1.0600101742170617e-07,6.127903075056849e-07,5.179986687548162e-06,1.270807183569539e-06,3.6395689266317815e-06,1.5530859135137793e-05,1.0905470967729154e-06,0.0,3.504065236957657e-07,1.449335013480089e-05,1.3786642755886512e-07,7.005651552839391e-08,1.2010944718335636e-05,0.00011571951362006807,2.2460838376226047e-07,3.3634139246153893e-06,4.3308603096287235e-07,0.00020069312121514648,2.790083053511931e-06,5.7138112543429316e-05,6.989184471161156e-07,4.549464111031642e-05,3.109356855119501e-06,2.0365225183186058e-05,3.826088408600508e-06,0.00029092329847935945,2.244951319565483e-06,3.447234661022674e-08,6.561762536812048e-07,0.0010474271494678564,0.00014107734289742883,5.301583876550697e-05,6.397415306024024e-06,8.249529655699367e-06,6.362062208239642e-06,3.482430503563515e-05,1.590235749430575e-05,1.2920373445192904e-07,3.4617422854395007e-07,3.0416409786030316e-06,0.0005894538263790584,3.034387688491596e-07,0.0003072449092984113,2.2110314707699975e-06,1.458907872745206e-07,2.2889656869032512e-05,3.637336177159013e-07,2.1058317097357645e-06,8.860485456560413e-06,8.44115307668492e-06,2.651336330840175e-07,2.4609308506525634e-06,1.0022155194881506e-06,1.059079412571949e-06,0.000581277482953337,2.8994306906514466e-06,1.0148733444528595e-06,5.285327927219698e-06,7.026306490154844e-08,1.0362948937831965e-05,4.269245485099936e-06,5.240559348202441e-05,3.627619534080334e-07,2.7963573933974054e-06,2.1056006207232055e-08,7.734980610334325e-07,2.5248155038288637e-05,5.392340466022226e-07,2.503688408823121e-06,3.0841411381650274e-07,3.466139161487915e-05,6.058054147316219e-06,1.4180781975405657e-06,3.344004109042456e-07,7.814463179930343e-05,2.896177470313271e-07,6.759684733603153e-05,1.1888045801078045e-06,1.4252521404849583e-06,1.1578572759218448e-07,5.0324243441042953e-05,3.813844340298074e-07,1.5312081123065663e-06,2.653353003815429e-05,1.289042309097642e-07,1.4596854999371666e-06,3.7268848003525467e-06,7.642682564626599e-05,2.7943485849277117e-06,1.5779011695885137e-06,5.722832382570395e-06,3.459566635692351e-05,6.201404166144427e-08,1.3940072485744871e-05,9.387608867234854e-06,2.691934639634669e-07,3.565773042359632e-08,7.619383015415764e-06,2.1906513812659686e-07,8.793565303518208e-07,2.002963177940446e-06,3.4628408706498428e-06,4.228017251814375e-06,5.962894115339545e-07,1.718166311124848e-05,4.935682763059359e-06
PI543452,3.9246997691294445e-05,3.0664981825904544e-05,1.915826066098467e-05,5.176041817704944e-07,5.5259948279295976e-06,4.778794130174078e-06,1.352326922440523e-05,4.524718453437107e-06,2.3278876508341324e-07,1.2094748708150612e-05,2.4311497178100306e-05,4.8632017909305695e-08,2.7356703489035428e-05,9.373379986995218e-06,6.990248433015484e-06,9.60941469941685e-07,2.8502821601177977e-05,9.580780751296788e-06,4.311373686973891e-07,6.7243828936464945e-06,1.0588567994021161e-07,8.253668236812817e-07,3.769705665881267e-07,3.7027781854519064e-06,5.0436904346357595e-06,3.5914245935823955e-06,0.001013948277789658,5.9997865673136375e-06,8.649165275149586e-05,3.2805185282159226e-05,6.107443626114714e-05,1.3847802878048753e-08,1.1209557196506435e-05,3.720937823243587e-06,5.9228470467887856e-05,9.41807406355889e-07,7.964108276946973e-08,0.00012277663578469324,3.577944299985667e-05,1.7088347645681343e-07,5.850359942162078e-07,6.992269574804447e-07,2.9913535271133423e-05,0.00028125769120032916,9.018926071310571e-05,9.763751537212207e-07,1.116255449105979e-05,8.374763914244892e-06,0.00015597384247264883,3.3652910633452892e-06,8.639264599901676e-06,3.504065236957657e-07,0.0,3.8060756805285034e-07,5.477207600966337e-07,5.51360707251409e-05,2.7852849629561185e-05,1.7435605271736148e-06,1.016249158731606e-05,1.8740965849631841e-06,2.2726150273870556e-05,1.1335687303248224e-06,1.3389542576138609e-06,2.8821329852998906e-05,6.814679385826936e-05,0.00010711069428265435,0.00012480960864127703,6.944389892756641e-07,0.0004095008364334163,2.1913144055309704e-06,2.2656333543624463e-06,5.0500131115362275e-05,6.509472111556043e-06,9.429723967397548e-07,2.858724431971639e-05,0.00047871814086476044,5.230347237322479e-06,1.2281547295493618e-05,5.851812918321981e-07,6.601794153461576e-06,0.00013018520690013608,2.247550680553864e-05,4.603583006134725e-05,0.00024038890804427637,1.271511001971326e-06,0.0009330177172226974,3.3497600434091224e-07,9.223500313082685e-06,5.2644922622465616e-05,2.10619532212538e-06,5.319717663702247e-05,2.7670872762383774e-05,1.5680638913696033e-06,4.2444841491682425e-06,2.5712153506891118e-05,1.9957591237556805e-06,7.75499646099915e-05,2.4391267089042724e-06,5.51576773912486e-06,0.00018952485992972126,1.3127100972009995e-06,1.6892674568374718e-06,2.9884431562195034e-06,1.2884166565783826e-05,3.949917327655228e-06,2.2137635380430841e-07,0.00020440963343634096,1.5408929138937108e-06,7.6264310154609595e-06,5.40566045998918e-05,2.398120507875807e-06,6.4502587372504e-05,1.4391885385822394e-05,3.05681416122578e-07,9.68390227582684e-08,6.943029773058105e-07,1.96995284302519e-05,4.57759518273895e-06,1.9458025434057568e-07,2.6077979689064534e-05,3.4950521397245168e-06,3.993525269922412e-07,8.254173660804764e-06,8.717273174945692e-06,1.3216762066727144e-05,3.7446106377584206e-06,3.5773695113073856e-05,8.380374724294499e-07,0.00013067705043128412,5.90985490058044e-06,0.00010210708728204974,1.826709670408874e-08,9.8220388959819e-06,5.0021347037319726e-05,0.00011027868296026236,1.1650239008180027e-05,4.283201926852279e-05,1.3087287296049842e-06,3.419933902244858e-05,5.8031540989358875e-05,1.358170787548743e-05,6.801146687715171e-05,9.695320276112566e-06,5.047819843017625e-06,1.6101658630734936e-05,1.193428576279913e-06,1.7283586812052343e-05,8.845506645643177e-05,4.4903334090807627e-07,3.1836725534887636e-07
FE471123,1.3027636490930106e-06,1.025351745194357e-05,1.5868834620573813e-05,5.646185946641109e-06,6.956043518021214e-07,1.0913777195441314e-06,2.0463369361413185e-06,2.3873042670608332e-05,7.354284508881533e-06,6.908935135666751e-06,0.00012036580246644478,2.938724573241621e-06,4.87323789032435e-06,1.0267757498515744e-06,2.1615562946335732e-05,2.8355586937858303e-05,1.3447718290327385e-08,3.0782714488706853e-07,4.876820704352145e-05,2.442397877667068e-07,1.8132516298704518e-06,5.542022524420839e-07,4.514569185639597e-05,1.028306440998175e-05,7.561113238629733e-07,1.910846188458545e-08,5.616727251314483e-06,5.809776254890496e-05,6.404175555399873e-06,8.829424931242447e-05,5.832105723432111e-07,6.879043438614198e-07,5.2319082467103476e-06,2.8325540203238472e-08,1.3442955218219948e-06,9.528256219981303e-06,0.0001269486373055693,3.6555518479450496e-06,1.0397443018200857e-05,0.0003110897515278127,4.704366034468077e-07,1.4815234828903244e-06,1.5678980564124138e-05,8.398284680792773e-07,1.4926917474536478e-07,4.130315833994657e-07,7.181248040327854e-05,1.4170140040811527e-05,8.373026953408761e-07,1.0668048442358876e-06,3.944258247378319e-06,1.449335013480089e-05,3.8060756805285034e-07,0.0,4.551088876986175e-06,1.9462751916092943e-08,1.3822765320633687e-06,7.366292752777425e-07,2.083902089409915e-07,0.0001591859859091004,4.159080628317405e-08,3.6451871805147605e-05,3.805542972486636e-05,4.8180019656199295e-06,2.866851540539293e-06,5.700139651254571e-05,9.022879604068396e-05,0.00019116240317287173,1.538795104941031e-05,1.9642873750797852e-05,7.188920269966943e-08,1.217382806703512e-05,7.443884917317325e-07,3.5875313888967516e-05,2.8370216268265995e-05,1.6193178626858647e-06,3.6777727970623574e-06,1.0421236443463557e-06,2.088151889807854e-05,1.56063894276442e-05,2.1161133770159938e-07,9.812856337230063e-05,6.510144505252318e-08,2.2545572340066048e-09,2.1181953452727326e-06,1.4093460298480351e-07,1.8074198239443622e-05,4.307132575298081e-06,6.875218308635537e-06,1.6128255947263546e-07,5.868211372177366e-08,1.0571629839582001e-05,4.9084123083167036e-06,3.957746875881003e-06,0.00029611956884905495,2.3456080119668017e-07,1.9748864534892596e-06,4.586833743194571e-06,1.5650672555917243e-05,4.256095614961986e-06,0.00010153741308288983,2.8029949852514438e-05,8.974341468624005e-07,3.170410822415024e-05,6.065735086309786e-06,0.0011449719723141366,1.2199669196213524e-06,5.4154934572745585e-06,6.876939638793511e-07,3.442190065496494e-08,4.460161773921352e-05,1.2087481230788925e-05,1.9809245355356583e-06,2.520485088787466e-05,1.8532374048339206e-05,3.603663945828131e-06,4.465586223690005e-08,9.939149387407132e-09,6.955259423866438e-06,3.3743282513642276e-07,6.578654206495772e-05,1.4569590539537132e-05,6.42614094074399e-06,3.96760322161702e-07,1.928261564259368e-05,5.180086310321868e-08,5.48506981806554e-07,3.6318760274184266e-05,1.272506945208294e-06,3.880395655301148e-05,8.345260941642658e-06,9.677722309749722e-05,1.0467360630190054e-06,5.593359070339672e-07,7.230426623610486e-06,2.1675638744327062e-05,3.127492041919586e-07,2.39030698104826e-05,1.1244236871885023e-05,1.1837706909713487e-07,3.2063708660998527e-08,1.1049733312185894e-05,7.158684014373705e-07,0.0003013917513907719,1.986621982682911e-06,1.256233754094344e-07,1.826160588787223e-05,5.531609265055923e-06,1.0383358004196286e-05,0.00021303073007794969
RE488091,6.206365989403752e-07,7.5421669885676e-05,4.428531320865729e-05,8.545044720251881e-07,1.4977055863556025e-05,6.74137961268657e-05,2.7667035806494777e-06,2.218222783086891e-06,2.5410520553364186e-05,1.1442033627682805e-05,3.2362165204742455e-06,2.9870916363921228e-06,7.757221031883468e-07,4.810688979185067e-07,4.55644933851157e-06,2.3340945077126533e-05,1.2804177160313169e-06,2.779459159682995e-05,7.349448734867452e-05,2.168745887191875e-07,0.00048080247932925924,2.97113404827646e-05,1.2435857060089905e-06,1.5794173720387618e-05,5.433204535406309e-06,2.3421732866229066e-05,2.1149844600409456e-06,3.2872204042254687e-06,5.639592811483367e-07,7.706365085718241e-08,1.5955050651454104e-06,3.2014595047881957e-06,2.4854946672333814e-07,1.6685722784122037e-05,9.836190101480768e-06,7.866758055465167e-05,0.0001424791765518443,1.0754559447468419e-05,9.814139139025792e-08,2.5951749419084426e-05,1.0166875237538281e-08,1.81643734429148e-05,2.9954313902889686e-06,6.672336607108587e-07,9.038206546998352e-08,1.6283302778892385e-05,1.3584348471378273e-05,0.0007607710969928509,3.178895979682363e-08,1.0738540665754732e-07,6.238788611450378e-06,1.3786642755886512e-07,5.477207600966337e-07,4.551088876986175e-06,0.0,8.447549105292573e-06,1.1630146024784706e-06,1.7063677137861725e-05,1.4839539968867176e-07,4.990714442393092e-06,1.4881853751697825e-06,2.6024716330599215e-05,1.4975904358757488e-07,1.0010711188726771e-05,2.742573696672893e-06,2.5266505872256118e-06,8.448845548817482e-08,1.1295332974422712e-05,2.8583474241008493e-06,6.150647357874492e-06,5.672785704547445e-08,1.675726374340218e-05,5.175426864771136e-07,2.1993270512797035e-07,1.4507817033200566e-05,1.52940531203373e-05,0.0001620385198530257,1.0215106528177212e-07,6.164382683703234e-06,1.4314031560616822e-07,1.535557178327544e-05,1.4536725232652652e-05,2.9600950819301274e-07,7.0013667996174004e-09,2.827691665674809e-06,2.4405519225554746e-07,1.118593929582645e-05,2.9257961451421676e-06,1.9830346548879215e-05,6.800683611889448e-05,2.0196390014435734e-07,1.411080960329996e-06,5.823002947416831e-05,7.839829527786829e-07,0.00017279165380293675,3.0307834427806145e-07,1.0217643246115546e-07,4.3985433983827444e-05,6.15184930986277e-07,9.831981679297181e-06,0.0006231551859330427,9.881636898304857e-06,0.00035599888732880007,5.419520332734427e-07,9.042924330898143e-07,0.00044258771916333065,3.314173215864925e-07,7.936219117236653e-05,5.329843323375495e-06,1.5601352905963448e-07,2.3082111776496324e-07,0.0001623093017729985,2.432237841369028e-08,0.00025010827566436853,1.8759703233708602e-05,7.648259239236906e-06,2.65531436970351e-06,1.2163465485938345e-05,1.0011212182341253e-05,1.2569176782248716e-07,1.194587945237277e-07,0.00014622360848933041,1.2942671545961652e-05,2.5833721478841507e-07,4.4956888454295325e-07,5.7090597765121624e-08,3.045074052130408e-07,3.2253427358260604e-08,3.077205086178782e-06,4.3074537723411945e-06,8.460684308834679e-06,3.015696268290755e-06,0.0002436405802280725,2.9019933918921305e-07,2.070376955982744e-05,2.0018955455551824e-07,2.4343945816296954e-06,5.684035611821313e-05,2.8488641583828036e-08,1.8144148024912931e-06,1.8391004289025326e-06,2.970752963544404e-05,0.0001115757900261322,1.5642967066493573e-05,9.225633109259648e-08,3.2189541478224687e-07,9.944126870160461e-07,3.373209662069586e-08,2.3360117413357112e-06,1.8834940274107408e-05
OA636972,2.5224157140773987e-07,0.00010165147487161872,2.261107709098518e-06,2.1236259038475463e-07,0.0001438180457346595,2.412431347900401e-06,3.715948043752003e-07,5.898163671992654e-07,2.647706696387782e-06,3.8090323740102234e-05,4.0991443243032e-06,2.0665459401842396e-06,2.052230076778601e-06,3.4424640968088254e-07,5.338511445616042e-07,8.754481148885354e-07,2.157905912581711e-06,6.660599378005832e-06,4.232307949112305e-06,9.906910100424278e-07,2.1573583534769095e-06,2.6082029427656163e-06,2.9916068641054066e-07,2.8163767298534583e-05,2.2109983222677747e-07,5.0042283804913306e-05,9.537012140686849e-07,5.281556858392704e-06,9.088534383621688e-07,8.298622033090785e-08,7.289874807691567e-05,2.066666146180497e-06,3.0305018454514265e-06,0.00017858721397343805,5.1901555809152505e-06,1.052759626481186e-05,3.1916847712290713e-07,0.00016084329833031957,3.207040761787306e-06,4.383337413287744e-06,1.6641917552828151e-06,1.0089901861282834e-05,2.2982084570371703e-06,1.1349915571343205e-05,2.7800634854212767e-05,0.0002498468850268692,3.2191228874844532e-06,2.3171779467168205e-06,1.649701472214552e-05,1.8056295857209044e-06,1.6429040735568623e-07,7.005651552839391e-08,5.51360707251409e-05,1.9462751916092943e-08,8.447549105292573e-06,0.0,0.00012409529354369587,1.1546278842945234e-05,2.1703764290408637e-07,5.60076094975565e-07,2.3605215118428654e-06,3.48177173254679e-07,3.179441066022098e-08,2.482522921516919e-05,7.946531231681908e-05,1.8759303917067342e-07,1.2162551740600438e-06,1.644579692078802e-06,4.207461672579036e-07,1.2263318512254158e-06,0.00034422769486416096,5.288550207970622e-07,5.569002291441884e-07,8.561159821131081e-09,2.1443694821011194e-06,6.002211302273365e-06,1.7704219097740334e-07,1.5765917098237535e-06,6.47180371513913e-06,1.5021289482637576e-08,7.255762796576332e-05,8.801146944708483e-08,1.8649598311778242e-06,5.256378513052115e-06,3.079767041419921e-05,3.432494140722123e-06,8.492676786017524e-07,3.801246577176364e-06,3.7689381419225157e-06,0.0001609014394823386,5.746989433691322e-05,3.859503086785021e-05,1.353679966988939e-05,1.7952705230705889e-06,0.0001346620129561088,8.92166635200532e-08,8.114519128631933e-06,3.1684756354596357e-06,1.1323822856370244e-05,4.0313513819650834e-05,6.867698046838145e-06,6.723357881041792e-06,1.4985144368240954e-05,2.078475215484114e-07,2.0697969875619162e-08,2.469371439733785e-07,4.847891522474643e-06,6.986604088014568e-06,4.1372725683448287e-07,9.536400575873537e-06,1.1534370619853736e-07,1.7451230437182387e-05,1.8964183817468842e-07,7.160633524444918e-08,4.799397062178377e-07,6.874444038477676e-06,4.3622485170970365e-05,0.00021215481350008716,1.430293611350191e-05,1.66709363593253e-07,9.840820238247858e-08,8.246405260248174e-07,0.0008571720917544553,4.510803566792456e-06,4.97662499566295e-07,2.558197652162088e-06,5.480523181147537e-06,4.827722805640515e-10,1.4090035222026326e-05,1.8061999434506616e-09,7.632233758799441e-06,3.1444700536095436e-07,4.3195577704653066e-05,1.1168613662474142e-05,8.015638044582484e-06,1.2980725746934624e-06,9.181801081535631e-05,1.7648458082983015e-07,5.848991863808545e-07,1.1378012357382812e-05,4.9063825120040226e-05,2.574716379792639e-06,9.591635575243417e-05,4.3174880339716913e-07,3.1907278713391504e-09,2.5471462102635033e-06,4.011419449757016e-06,4.344376154691759e-06,2.584411315084817e-06,1.951561034539838e-08
JT714574,1.0487574955300737e-06,5.8290237935456994e-05,2.8410422919086726e-06,1.0277038434452466e-05,2.668249754754924e-05,3.356301132851414e-07,4.0613986789418366e-08,2.6188076391292347e-05,2.1648366857520297e-05,0.00035787537257103626,2.119319855561202e-07,4.404206869650026e-05,1.405688393588724e-06,1.0414998491588518e-07,1.5539920744220882e-08,3.5221684914128444e-06,6.981786403995801e-07,7.017892739744419e-05,2.9101699140346136e-05,9.810670564435502e-06,2.9056934128988953e-06,1.370610405462602e-06,7.942721192300252e-06,5.630516978383991e-06,1.0176803377550078e-07,2.9313021358483072e-05,1.1469815113876628e-06,2.544530183886044e-05,1.0690386037879905e-06,6.914359428186499e-08,4.319435657546428e-05,2.1104993094345947e-06,1.251451395596701e-05,8.621053910647804e-05,9.989230035170934e-08,1.3604305295951208e-05,9.499148145356628e-07,2.697583343039581e-05,7.857887831510174e-05,2.3784496391088646e-06,6.0460694676317935e-05,4.222568140737129e-05,3.5737027127667016e-05,8.290272827241592e-07,0.00015144961359380172,5.489303539074004e-05,7.848576757548147e-06,2.4307734375388537e-06,7.12554808559844e-06,5.000585483172209e-06,9.109684467548572e-07,1.2010944718335636e-05,2.7852849629561185e-05,1.3822765320633687e-06,1.1630146024784706e-06,0.00012409529354369587,0.0,1.948539940878269e-05,2.6130743300246303e-05,4.548728405438485e-07,4.823480422998582e-07,4.590746228905103e-06,5.958011592936644e-07,0.0002359169013174088,1.2124482138204196e-05,2.111254450616365e-05,0.00010393556050692153,6.526563494474484e-06,4.5476903247062836e-07,7.089769284115392e-05,5.696688233191309e-06,1.827595516742008e-06,1.1559834805206921e-05,3.647045801830913e-06,1.3673843216602009e-05,0.00022630580294317435,1.3855550926911745e-06,1.2673029087623234e-05,1.5377795501732062e-05,3.4096498783154134e-07,1.047014266471471e-05,9.485004075095142e-07,3.0005604327765362e-06,2.538399585865074e-06,1.957958620210401e-05,7.66473118131736e-05,0.00011555569237391622,6.270785640906946e-07,4.5822376162007265e-06,5.8394613041469155e-05,0.0015216118788701535,2.2182305383124772e-05,4.635361742302918e-05,1.9504478661159853e-07,2.2669281678439375e-05,3.0928219929598064e-08,6.988425367681839e-06,1.868784740956538e-05,0.0003221517516941815,0.0005967431921747303,2.4923585553725985e-05,3.6081674093745815e-06,2.8999917700033896e-05,1.750209013309024e-05,1.70167759129756e-07,7.29009248342683e-07,2.4203660897016684e-06,1.3668457145098205e-05,4.852565169232838e-06,2.4659366025643533e-05,1.9789914724704014e-06,6.554338568983327e-06,1.202971085577973e-05,1.2236005608425888e-07,8.402386219410804e-07,3.2744736390819267e-06,2.816925518257295e-05,5.9831766146093606e-05,1.2792463971855163e-06,7.096140573354925e-06,1.3022938087802527e-06,4.893697120538212e-08,1.6820920309978065e-05,1.4696442765759978e-06,8.590186275768679e-06,1.6779248025126648e-05,3.453715270619356e-05,2.199970304190868e-07,0.0001559080409641831,1.2564115724264599e-08,4.403183233121055e-06,2.1455551729825066e-05,4.9750333415010956e-05,1.5700563922086748e-06,7.609233101261471e-06,0.00011105482876402293,0.00014976019053895194,2.5311539091349247e-06,2.1989855366281944e-05,4.013712011426626e-06,1.0260072953405005e-05,1.4876757050678368e-07,8.551338977675336e-05,1.0322097146400182e-06,1.0137249143362951e-07,7.49329127804544e-06,7.3784859692633315e-06,4.9913769518037095e-05,1.297883728916635e-05,2.91908323984479e-08
OO519485,6.6089398000212714e-06,2.9873274135854145e-06,4.64338762268827e-06,8.463037660142597e-05,0.00015583137547990964,3.833004504088234e-06,0.00020047369792840344,1.0531318590434656e-05,6.024932417114459e-05,8.659086838779622e-05,8.436205472413854e-06,6.468763454587933e-05,5.188643472539487e-06,4.764779084943199e-06,8.866195311699574e-06,4.32856938391291e-06,1.751776740776536e-06,1.2797149700050134e-05,6.84190672196798e-05,2.5437846762943224e-05,0.00022726636755769584,1.7962491991253756e-05,2.3387867297125317e-05,2.7046998118538846e-06,1.9363612306506322e-06,5.215789330223971e-06,3.349540439870551e-06,3.895453532895216e-05,3.695431827802644e-07,7.166637490757664e-07,4.2434079372667795e-05,3.814888543355131e-05,4.606260556396728e-06,0.00045729662881355255,5.089960187395991e-05,0.0001687929134926532,2.2650403569868467e-05,5.3098072773271945e-05,2.486157027666541e-06,4.533682602350577e-06,5.7355735079833634e-05,0.00018147386156081122,2.0834500232913706e-05,2.139072314219041e-05,2.1779804191464668e-07,4.7298142601861995e-06,1.138984725966965e-05,1.0159940798301663e-05,1.1922540113167185e-06,2.4040066630304752e-05,5.237159663767929e-05,0.00011571951362006807,1.7435605271736148e-06,7.366292752777425e-07,1.7063677137861725e-05,1.1546278842945234e-05,1.948539940878269e-05,0.0,7.221828260502305e-07,4.7747874891978846e-05,1.4761960577915375e-05,1.0609642379821672e-05,3.2024544243544592e-06,0.0003483891282228641,1.558634916997783e-05,2.883422912778789e-05,2.331180781380159e-07,1.7141456953827063e-05,1.4988804241679697e-05,2.487343375102155e-05,1.1108736194989028e-06,8.047877536127609e-07,1.430267590140403e-05,8.361882642863425e-05,7.714482489423805e-05,9.417981304358095e-05,0.0002782862585919845,7.059583771875207e-06,3.960986864723153e-05,7.219145544330663e-06,1.2855991384107628e-05,4.4772691823392084e-07,2.4551911282460536e-06,9.315314260230329e-05,0.0009955272070478738,2.4154279283611236e-07,4.110128727522739e-05,0.00030636086486558604,9.284802278225667e-07,0.0003335128078205784,3.728356839001006e-06,3.067670086724405e-05,0.0001648888203813427,9.882075353611249e-06,4.606949545156121e-06,0.000376039389454002,3.4641620064306996e-06,6.227474277572212e-05,0.0005573369528939519,1.4052156667254528e-05,5.948646484126652e-07,1.9356646992357868e-05,2.3829506473881472e-05,3.5182567035133316e-06,3.007309589084238e-06,8.454429632955843e-06,2.7064535792903113e-06,1.4292663973811528e-05,1.1647656508506508e-06,1.7783413634878006e-05,7.403319359473056e-06,2.0490439526846804e-06,1.1080871146589646e-06,8.968826037793545e-05,0.0013504244177998926,0.00034700779644160806,2.4746190616033208e-05,0.0005730835777180659,2.5967801553320707e-05,3.3654207410327443e-06,8.904926920110911e-05,3.831271438463405e-05,0.00010368731880881104,9.8017724983893e-07,4.427914078923644e-06,7.13738098965341e-07,1.1144948160643937e-05,3.7338674221753165e-06,3.964474871141895e-06,8.924702602217166e-07,9.195083281898073e-05,9.796376760454173e-07,1.0692542941053377e-05,9.305096371631398e-07,0.00010086787363942934,9.430883231534821e-06,8.795134629364631e-07,5.9114765311975905e-06,3.4476834944559067e-06,3.428272484167736e-06,3.840872409245564e-06,0.00011267786657898856,1.9488878784769977e-05,3.1705775573346165e-06,8.124293605791229e-06,2.1393058710716688e-05,7.333589384163584e-06,1.8522506055267356e-07,4.379798092383292e-05,8.093791446594665e-06
NK811267,9.25592166432679e-07,7.194744850529274e-08,3.2690040919873246e-06,1.0453424727717642e-07,6.272662943225818e-07,6.196750096547483e-06,6.787878146400592e-09,9.025555594053914e-05,4.33757242185488e-06,8.316325020001697e-07,1.1813161572227598e-06,2.1385163299719773e-06,2.7158548517632573e-05,1.0781058071276021e-05,1.2531590916279812e-06,3.980253184673641e-06,0.0002618224073080534,9.056078286353892e-05,3.4697780212616472e-06,3.177031363524021e-05,3.013158462190448e-08,1.8529284740483004e-05,5.007020474301601e-07,3.49982900217671e-05,1.4981058669978798e-06,1.6611525029323437e-05,4.492063291730137e-06,1.2379831109526562e-06,2.6116676595369892e-05,2.251204527462845e-07,2.61390508334326e-06,1.1246062035840415e-05,4.573384292961072e-05,3.10376212640664e-07,3.195111551309042e-08,9.011036556747013e-06,1.4571331070825456e-07,6.101191720112082e-07,1.7677317142639207e-05,9.602449658301607e-06,3.6943081355848946e-05,1.2819131019790813e-05,5.2250282622839985e-06,2.3984555634031406e-07,0.0004886787337370173,5.105081816507447e-06,3.088379288829142e-07,1.4444853776449841e-06,5.341899388905864e-05,8.232606702651248e-06,1.744339839760736e-05,2.2460838376226047e-07,1.016249158731606e-05,2.083902089409915e-07,1.4839539968867176e-07,2.1703764290408637e-07,2.6130743300246303e-05,7.221828260502305e-07,0.0,2.240702036486895e-08,1.9741382510188032e-08,1.7263817379677518e-07,2.583008027114196e-07,4.334508591329017e-07,1.3132083856893616e-06,2.489985984490432e-07,0.0001465613704400611,2.231407954924398e-07,1.1149813173009868e-06,1.4337647077222459e-05,7.040614948354272e-06,1.2653932371598645e-05,3.2370218853540945e-05,5.225715357622293e-06,8.995906957007368e-08,1.4783737937116557e-06,4.913117625529425e-08,0.001028146859312007,3.867026964373335e-07,1.0985273383422676e-06,3.4118036678547087e-06,1.40538458311052e-07,4.760713923774716e-05,3.2024770634744654e-05,2.618260090473294e-07,2.599511224912641e-05,9.917609562302405e-07,1.3508877198102158e-07,1.1729924430368456e-06,3.218592117813046e-06,0.000252209713672193,5.595843143229215e-07,2.1745998223856903e-07,1.2620717574541317e-05,5.25380705729647e-07,1.7913161018383406e-08,4.454400702785545e-05,7.885345883431637e-08,4.138558538744653e-06,2.1038622453190557e-05,4.158891320822871e-06,3.862245778633288e-08,3.562720509517236e-07,0.00023503599917990147,0.0001465064961374446,3.958889102437706e-07,1.5414104302478098e-06,5.625921405807065e-05,0.00017526821410265337,0.00023194831963546824,7.048480705702095e-07,1.700922998705545e-06,0.00016884405349857213,1.7209593766123129e-06,1.2129333654619893e-07,8.974456643580742e-07,2.427418516829844e-05,2.6778436341572317e-05,1.6881611756037042e-07,4.725935389425636e-06,1.167000399161391e-06,5.226412954682231e-08,6.299443347670095e-08,0.0008722202991707469,5.685197941136244e-05,0.0002632627129993993,9.372242049904828e-06,1.0499471501156874e-06,2.418259943824037e-06,6.370879962188351e-08,5.941973260980884e-06,1.2486029027421306e-06,2.7939670562835466e-06,1.2990522971339856e-05,2.0719311929117213e-05,3.211203525538991e-05,2.3463518190805216e-05,6.631321466050737e-08,8.015097762354995e-06,7.7733379671658e-05,1.8975380198646756e-05,1.737386433229105e-06,4.630229199763215e-07,1.9941672636410232e-05,2.855275890573245e-05,2.063708296688249e-05,0.0003064612733013581,4.821483347790277e-05,3.7896304575907e-05,3.220344570614438e-08
IJ989560,4.019855781345147e-05,8.082468116305694e-06,4.484229735155874e-06,0.0001468935563844937,5.462659467922472e-06,3.6495746668738003e-05,0.001179463160575565,8.849904546795017e-06,7.828733217539894e-06,6.435406017042434e-06,0.001274685750666421,3.2220148659897934e-06,8.043610818907921e-07,3.328929867057248e-06,6.041520105849364e-05,2.3228432509306385e-06,1.133194274127059e-08,3.2563101592982985e-07,8.345018003946984e-06,1.1307536177902132e-06,1.9883505432243187e-05,3.136494609129856e-06,2.1349971430492272e-05,2.3015072228471274e-06,3.905984539248326e-05,2.3293126542919958e-08,5.242678251617954e-06,1.4196538418728607e-05,1.5933179871302357e-07,4.678309144565954e-06,8.523521742495709e-07,5.203228561388898e-06,4.9086683824758665e-06,1.2999811352892085e-06,6.08088935383526e-06,2.407196706661948e-05,2.854586337318129e-06,1.2848498814267121e-05,5.400714659277504e-07,2.6167959340378204e-06,2.690962926819185e-07,6.282768689114701e-07,3.0042192799362854e-06,2.4163064512899e-06,2.285880805918563e-08,3.988043115740715e-07,1.565590104960362e-05,8.00121325153086e-06,1.768812232973238e-07,3.5450386047802984e-06,7.531363805605401e-06,3.3634139246153893e-06,1.8740965849631841e-06,0.0001591859859091004,4.990714442393092e-06,5.60076094975565e-07,4.548728405438485e-07,4.7747874891978846e-05,2.240702036486895e-08,0.0,1.0126935770530682e-05,2.3285388239455492e-05,4.968379835992573e-05,6.456184331049333e-05,1.0721538816802886e-06,1.52688694180916e-05,4.00084099852763e-06,4.8367849532940786e-05,4.031925188428353e-05,1.7445624529054384e-06,1.8122935419712577e-07,7.906726799912372e-06,3.512119539170394e-06,0.00011090494715230798,1.4179089261857379e-05,6.5087604267153046e-06,5.209103380514186e-05,5.435837637117847e-07,3.095788398816022e-05,2.0593149599170987e-05,3.170104248753957e-07,8.871735078739882e-06,8.736187628675947e-07,8.484957699781996e-07,4.6315573520553585e-05,2.7927243403798874e-08,8.530066390290437e-07,1.5499306781160342e-05,7.942428780612736e-08,3.1862638562478394e-06,4.2079018532306747e-08,2.2963965487538063e-06,3.941119377105416e-05,1.0443379767468717e-06,2.4268936303847048e-05,6.0861695564657696e-05,2.631262766198725e-07,3.3974426840371764e-06,5.855109749143705e-05,1.2264941298153597e-05,1.718142601651718e-07,0.0002518908817181862,7.897356756968437e-07,9.135619284103684e-07,1.3842735813158664e-06,9.249959402399905e-05,2.4785588984810364e-06,1.5227705210147612e-06,4.2370800280572165e-08,4.974195233270639e-07,2.3708561381174105e-05,1.9281625798238487e-07,4.572923959236469e-08,9.026860861378716e-05,0.00016203652285056615,3.724190973116901e-05,1.4571307823620995e-07,8.774260222311318e-07,0.00016571992483921174,2.5956335257998152e-06,2.7595385079965354e-05,3.0022722789723e-05,1.2772684210443974e-05,1.1341439629731005e-07,1.589242082722223e-06,1.0041407768767178e-09,4.746495973850461e-06,3.7352549640268674e-05,2.2569761706286754e-06,1.3237595299328825e-06,3.014881392802145e-06,2.62983002601558e-06,2.393377196144797e-06,1.506173917720535e-07,0.00015515912274682495,2.653281018674112e-06,4.5268101497809457e-08,0.00010634440510149302,9.766251654480339e-05,1.5374983839121144e-06,1.561671411513029e-07,4.4763855095199046e-05,3.557013280357971e-05,3.710289278405167e-05,1.4933279600925273e-06,6.144014642196987e-07,6.82796493603184e-07,6.894572896827312e-07,8.525845015045743e-06,0.00013768513484091084
WX675432,0.00024519345498031183,7.988896300662276e-06,1.035391669048662e-05,2.9899574554196588e-06,3.0867045015857395e-06,5.250491797423998e-05,5.394222324012115e-05,4.762878145203838e-06,1.4938527222172837e-05,2.7788444288472842e-05,1.404003908693392e-05,7.2250133183470435e-06,1.2164538771246557e-05,2.7919068578265664e-05,6.71664683117995e-05,4.885604159276641e-09,8.687157580497026e-09,3.15251990183688e-07,1.3733253254369065e-06,3.5628570079784355e-06,1.1861155365810522e-05,2.7843502083381975e-05,0.00014254462366047977,1.4234194282518634e-05,2.36000299579894e-05,4.714195184833171e-06,4.3128235854242696e-05,1.650244606075854e-05,1.999632341826898e-07,1.056933596998199e-06,9.13387052494489e-06,1.50355824015961e-07,1.3963111359363801e-05,8.980631980948795e-05,0.00015519270302981024,9.90491442828672e-07,8.561022788948421e-08,3.377244060790749e-05,4.446691407072351e-06,3.8240336062171694e-07,9.874565821846996e-06,1.571537507783041e-07,0.00010181889233367414,0.0008253753316696229,8.315599552231964e-09,1.0043504950746788e-06,1.6450787433021464e-06,1.687040997615787e-05,1.027478880927497e-06,2.0816449124501472e-08,4.620744207214409e-06,4.3308603096287235e-07,2.2726150273870556e-05,4.159080628317405e-08,1.4881853751697825e-06,2.3605215118428654e-06,4.823480422998582e-07,1.4761960577915375e-05,1.9741382510188032e-08,1.0126935770530682e-05,0.0,1.825805254367763e-06,9.211584339826514e-07,5.78567642489517e-06,2.6810551272653722e-05,4.9250117026303295e-06,2.251188902895696e-07,2.1073909880945912e-07,3.533927478049045e-05,7.210604580337143e-06,3.737761128664663e-06,2.7335310160343147e-05,2.165021956418829e-05,1.8362624417418602e-07,6.29097365483462e-06,0.00018739280539857025,6.224142100580735e-05,1.4867793101385242e-07,4.8359546790887025e-05,9.39955788610343e-06,1.6210991543591379e-06,6.250880037700819e-07,5.677664469224198e-06,1.124504249511252e-06,1.741106366511329e-05,3.287314296211237e-06,3.303898669841363e-05,3.924381854538465e-06,5.513046106023429e-06,1.5436845312937502e-05,8.88247186251316e-08,6.397610379230153e-07,6.8286774879729144e-06,1.0934775745610185e-06,6.291329094749134e-06,8.862400098583858e-05,8.93127308743236e-07,1.4060126594753393e-05,4.2472794657711705e-06,0.0002827350875155213,8.504609009812718e-08,3.981318471066957e-06,1.2798339705906704e-06,2.1945654426654736e-08,2.4322105752201677e-06,2.6516533862745735e-07,0.0003116936300487803,3.2499632057612826e-07,4.063926037317401e-08,3.566705120454252e-08,1.5696144166119747e-05,1.8815630675960877e-06,2.1649712682037046e-07,4.341145944464129e-06,2.915330843044392e-06,5.89905630767826e-05,3.6368754848293713e-06,8.050597880333369e-05,1.1391934652185987e-05,1.5380718789556133e-05,7.4295657260196515e-06,1.669912800674478e-05,7.740646834329193e-05,1.1231295469336987e-08,1.5104472402682905e-06,3.2179064997175113e-07,2.162919521365371e-06,3.6427841958015395e-07,2.069579682766872e-07,2.11174093581103e-06,7.28981385993589e-07,1.6047656194891435e-07,1.648696191564847e-05,4.243463216104426e-05,1.7205243865237821e-06,7.071724998762117e-06,2.2853376180484288e-07,2.204244819926489e-05,1.4414658103267725e-06,2.4877478731118768e-06,8.585554698482076e-06,7.732612313946633e-06,0.000364159113986605,8.287293163639476e-08,1.2236123386607914e-07,9.924111531432501e-07,1.2056343024745145e-06,9.109841269823394e-07,6.006891716267945e-07,6.128982110129858e-07
KX221298,5.1620616990626035e-06,6.557961474667516e-07,2.0952563292344345e-06,0.0009594040211641327,6.957773875341733e-05,2.033206687076059e-05,2.2718329485336973e-06,3.5058162330120214e-06,3.43493969157668e-05,6.346223335462402e-05,1.1144602901045834e-06,9.347371645616355e-06,1.5815244903816836e-08,7.949619093461869e-06,1.8828146214903508e-06,0.000245851726091123,2.6046767939323507e-08,3.9576558925390124e-05,4.5994323519576675e-05,5.149661860397933e-05,2.5769484237861784e-05,4.771503042165093e-05,6.472294290401358e-05,1.7558504571665213e-06,4.140799627241394e-08,1.2217906294887589e-07,8.23343485870738e-07,4.520921005974474e-05,3.2244003633255005e-07,1.5593679788989584e-07,7.515640654726449e-06,1.5228998293856631e-05,1.2422986416033799e-06,1.19238533696291e-06,6.236811786812333e-07,0.00012414906945107504,1.0210232185963085e-05,2.59217143855516e-05,2.3925564386200334e-05,1.934562594968157e-05,1.882466779485427e-06,5.082476851477019e-06,7.484593796311548e-05,2.0333081552507625e-07,9.451762209176328e-07,1.608548602314645e-07,0.00026625043447333176,2.7768981780985667e-06,5.7293230191594336e-08,1.9121495598990765e-06,1.3420256339318672e-05,0.00020069312121514648,1.1335687303248224e-06,3.6451871805147605e-05,2.6024716330599215e-05,3.48177173254679e-07,4.590746228905103e-06,1.0609642379821672e-05,1.7263817379677518e-07,2.3285388239455492e-05,1.825805254367763e-06,0.0,4.6007677311972196e-05,0.00029713721055280376,3.725166307811943e-08,4.109754587279586e-05,9.737491169714423e-06,9.228564465871724e-06,8.954669993013247e-07,8.023970459890113e-05,2.2557950302303473e-06,1.8455773111465828e-07,7.929024662515807e-06,7.360407135071976e-05,7.926187231036112e-06,3.2469608772475034e-05,9.168378697464108e-06,4.672272931650763e-07,2.3620989039426563e-06,6.439687384965618e-06,0.0001648625799503582,3.347215756245933e-07,3.4698499815451244e-07,8.390536461315313e-08,5.039196393915957e-05,2.34949542032527e-06,0.0001589117623573792,2.9272238280502144e-07,2.7276278930263515e-07,3.2589563205861826e-05,1.708332370451962e-07,6.654716228278743e-06,9.824749792253223e-06,3.635660538396094e-06,1.406826642108247e-05,2.4542967715926717e-06,2.062380807053744e-08,1.1831628483890988e-06,1.2605770882960643e-05,1.2984722240321402e-05,4.4155038330251104e-06,1.0249878681093712e-05,3.269397490052261e-05,1.3551055553278874e-06,5.818573394077701e-07,0.0010403459246507137,9.56588298713869e-07,0.0004413769147334388,2.135265919346449e-08,3.020516798918498e-07,5.078171486769096e-06,6.849505696778136e-07,5.177778961717299e-07,2.4929208851037117e-06,9.759326366089101e-06,3.746296622875277e-06,1.5647348703278528e-07,1.3782245055581295e-07,2.1388632674298844e-05,1.6217276544968304e-06,7.105227803832832e-07,4.2745752298943604e-06,8.778730275085066e-07,8.523678101749364e-07,4.145749419329404e-06,3.690782280228408e-08,1.3632814064393653e-06,3.762414878984198e-05,3.0066081343454207e-07,2.511933483211043e-06,9.414768966405005e-07,3.773246763725858e-05,1.469363185697224e-05,3.966117486850973e-07,1.674162948500854e-05,1.39527647861058e-06,5.134414569988263e-08,0.00016958015240140198,0.0002494815432678589,6.738794458492278e-07,1.1160653031702416e-07,8.695764339315102e-06,6.245122339123758e-06,3.500988106342672e-05,1.4260483194474496e-06,2.216518283126775e-05,1.8340392802210613e-07,1.0459600995560494e-06,1.665324947825925e-05,3.21911437475436e-05
HC286421,9.406865153918618e-05,3.17160485159696e-07,1.1619446485013771e-05,0.000513688033649267,4.196155300360396e-05,0.00015197985767368728,8.146679155328823e-06,4.111770820799636e-06,1.3462934077407522e-06,1.3583208979496725e-06,1.740608056408813e-05,7.4779509592608395e-06,1.3308007917560735e-08,3.014567892514552e-06,1.3087193181565076e-05,3.736119585631517e-05,8.416641099668405e-07,2.739187860239447e-07,3.645108790877958e-06,0.0003931347300009614,2.2189082880569294e-05,8.482117519635773e-06,1.4097959905683319e-05,1.5108382614024997e-05,2.1023481303959583e-05,2.182726251537727e-08,2.483244529497363e-06,0.00017163477939634148,1.611300121085397e-07,9.043196921281867e-08,1.707354285382102e-06,4.835801668580327e-06,5.9011183006714486e-05,1.7653138686853665e-06,9.442069134414977e-06,2.6338004878749146e-06,3.307756698429041e-08,1.0775799842430578e-05,9.940187030862882e-07,3.2143818777342745e-06,7.273280741250836e-06,1.3291588721031527e-06,3.404678494109277e-05,3.6658620406180967e-06,2.3793079403494107e-06,5.591435283444142e-07,8.287544930387271e-06,5.581713702239678e-06,1.0101910324445144e-06,1.888869523578414e-05,0.0006924532026114753,2.790083053511931e-06,1.3389542576138609e-06,3.805542972486636e-05,1.4975904358757488e-07,3.179441066022098e-08,5.958011592936644e-07,3.2024544243544592e-06,2.583008027114196e-07,4.968379835992573e-05,9.211584339826514e-07,4.6007677311972196e-05,0.0,4.458421754080456e-05,4.545403431215197e-07,2.2390224227227053e-06,1.801186677167434e-05,2.419962741275042e-06,7.689776780408024e-05,1.7129579799077666e-06,3.4242371717023377e-06,4.0161850959781395e-07,0.00013603380675253167,7.3611139110723085e-06,3.81285508662111e-07,2.0826502441452855e-06,3.3491501496502748e-06,3.1056795114923613e-07,1.8908040540181495e-05,2.3978909127405342e-05,3.7860712801463123e-06,8.582364664603845e-07,2.9430531610339064e-06,6.787392799175975e-06,1.5006353015962438e-05,1.8328801733242976e-08,3.4455090370447665e-06,4.263156491323879e-06,1.1188031648997468e-06,6.996036532242452e-07,2.6349419644012895e-08,2.4553700372093788e-06,5.241830105992447e-07,3.46101233246735e-06,1.382192931016243e-05,8.812167771029612e-06,1.591010665326186e-07,1.9726387310421536e-07,1.7054609621722751e-06,3.7244728403905883e-06,9.271670635686808e-08,5.322184751705968e-07,2.5797778947650276e-08,7.176082076748759e-05,1.9335536399917065e-05,1.9901112955174644e-05,1.5745026777420568e-05,3.7160231165138505e-06,8.901973678716958e-09,3.7422365909066954e-07,1.345014663972094e-05,4.969669326433212e-07,3.9573328301545105e-07,2.5304580289012504e-05,2.193178513555738e-06,3.402782302850594e-05,2.188844171434121e-07,7.826947478097365e-08,3.486820833789556e-06,9.247705395773009e-05,3.0512717428683376e-06,5.826902357699922e-06,1.7607849316313438e-07,1.9955939620534053e-07,1.0031448099974445e-05,4.212341148454586e-08,0.0007297037580714999,0.0001692104726015565,1.5120172612092578e-07,8.132193428887039e-08,8.555211648387839e-07,0.0002776559894168961,1.577422489613689e-07,1.6213168987329524e-06,9.415556371185507e-06,4.19538407834566e-05,3.416915364060392e-07,3.0772342161976354e-05,0.00010559104317946181,2.5524584371555593e-07,4.948044662623949e-07,1.2717336377575246e-05,1.1336980361612856e-06,0.00037947997963776246,0.0001326238050807052,3.233695252584084e-05,1.1380163860926521e-07,1.1011341907094618e-05,2.5913729340003075e-05,2.4474099095291626e-06
SY199938,1.2033862031739132e-05,1.3078644848357965e-05,2.5825142874194385e-06,0.00028772408537004025,0.0006010762397716071,1.0822571575947457e-05,1.9211188553995408e-05,1.1158193573109895e-05,2.5658260044243267e-05,0.001416291410855661,5.845126734324075e-06,2.024881289687166e-05,7.029437373939062e-07,9.679124878594703e-07,8.045720939984397e-07,7.612332016463436e-05,5.562709133120016e-07,0.00014516113780881104,1.3827457663422137e-05,0.00012364245222105236,4.7212667568574036e-05,1.24458792723355e-05,5.746782292899153e-05,4.162855176910205e-06,5.291653817568667e-06,1.0062501319900153e-06,1.2072461045737369e-05,2.6331194591435107e-05,5.878196618734681e-08,2.5174802575423847e-07,4.185566292860029e-05,1.759909400957919e-05,6.283636604537366e-06,0.00017019572062902698,1.2159000134966724e-05,1.949896042628904e-05,1.5220811231032351e-05,7.241118002213126e-05,7.3958085761424576e-06,7.929767265682146e-06,6.855950735733984e-06,1.1631789743033296e-05,3.3547786067688306e-05,5.3131563240036945e-06,5.522254139088206e-06,6.6003607209677455e-06,8.789195027253568e-05,1.7973885825398072e-05,1.033751447634331e-06,2.5593403961343e-05,2.138604291910461e-05,5.7138112543429316e-05,2.8821329852998906e-05,4.8180019656199295e-06,1.0010711188726771e-05,2.482522921516919e-05,0.0002359169013174088,0.0003483891282228641,4.334508591329017e-07,6.456184331049333e-05,5.78567642489517e-06,0.00029713721055280376,4.458421754080456e-05,0.0,9.7946482538332e-06,0.00012575665162829804,2.224111008602898e-05,9.221746817596864e-05,1.0191682378217021e-05,5.742851694424662e-05,4.167202554405251e-06,1.149921332591946e-06,0.00012067008184845754,8.190938295578907e-05,4.422939640130467e-05,0.00020552391089834608,2.40166105766694e-05,3.677804591137655e-06,2.8490154363481432e-05,1.0341582290942045e-05,7.489931247943793e-05,2.8013284778229997e-05,3.4172272242618337e-06,9.194197839841591e-06,0.000421486407216812,2.629997416259095e-06,1.9761387785367026e-05,4.7964763759666155e-06,1.5831338576070925e-06,2.8863342674829763e-05,1.6303699986647794e-05,3.8529505788380894e-05,0.00013328310900595735,2.531232562470017e-06,6.97402889400636e-05,4.3483877530276035e-05,8.957964514677979e-07,3.243158119620957e-05,0.0003671268952312549,0.00053729848066104,1.956668641866873e-06,0.00013012654853128378,1.7321362361294185e-05,2.483001189903808e-05,6.01229242943361e-07,6.0429396359301425e-05,3.5126035445371934e-05,6.774457590914998e-05,2.2435083360220588e-07,5.534541376371892e-06,5.0519689529289896e-05,6.960178427306422e-06,6.054104148623467e-07,1.4897631244225317e-05,3.647530438788378e-05,0.00030814091010612424,1.4397107755614587e-06,1.0085550698206486e-05,1.5153700581988303e-05,1.5511418089775932e-05,4.429425608985459e-06,6.939110728027969e-06,5.8009224707058644e-05,6.644540440677141e-07,9.150443025168142e-07,1.060037594608305e-07,0.0003332194455500556,1.3285308693253299e-05,3.1820587462944816e-05,1.2224342256214135e-06,3.0008225271202538e-05,8.02851489502459e-06,5.7156843230991174e-06,1.4937293104035785e-07,1.9431455761464976e-05,1.6975297420404473e-05,1.6501897465825217e-06,8.981040826795104e-05,0.0002481613228949449,5.0337717695872255e-06,4.437568822473267e-06,2.0619248057373447e-05,0.00013798717871909628,1.6914982838014795e-05,6.791428307499519e-06,9.593082397700198e-05,1.6927349473774997e-06,1.017806376695787e-05,1.3701164444044847e-05,5.495146475037581e-06
YH305068,2.0558483486656712e-06,0.00010405576236547382,7.6138666590596535e-06,1.9472284981744005e-07,5.254391565050504e-05,1.876151693766236e-07,4.4767010986607994e-06,5.3601370248856175e-05,2.0427691345420916e-06,0.00012392291453074093,6.192565361237083e-06,1.2796584131690714e-05,0.0005873609313331557,4.47452392672529e-06,1.160569340166373e-05,3.817076315146181e-07,7.586393417218553e-07,7.53206402213277e-06,2.9420553264731082e-06,1.7049566870219972e-07,3.224178866614017e-07,1.3363460418056703e-06,2.1369376868094117e-05,5.260394859467649e-06,2.856029241689214e-05,1.0789204466788115e-05,3.4022148176248954e-05,2.542489030900571e-05,3.00754444266819e-05,9.802544459645245e-05,8.839913494410035e-06,1.9066443521639644e-07,3.637969153899871e-05,3.783021993810499e-05,0.00030015563699582954,2.1344712401529957e-06,3.7353448869421395e-06,8.42473939286192e-05,3.0528890776345587e-06,1.6031496572948193e-05,2.3195519958940583e-05,2.8039096420301137e-06,5.264508965046587e-06,7.973438106683814e-05,8.53188373642812e-07,2.828340816872064e-05,2.849625406974263e-05,1.6340249187923611e-06,6.557851220426895e-05,3.4704562445175885e-06,6.621255659223112e-06,6.989184471161156e-07,6.814679385826936e-05,2.866851540539293e-06,2.742573696672893e-06,7.946531231681908e-05,1.2124482138204196e-05,1.558634916997783e-05,1.3132083856893616e-06,1.0721538816802886e-06,2.6810551272653722e-05,3.725166307811943e-08,4.545403431215197e-07,9.7946482538332e-06,0.0,3.6355264838781413e-06,1.579619459735942e-05,1.098223056497549e-06,1.258412451895328e-05,1.864353418931204e-05,9.363448079959475e-06,2.2007565357013176e-05,6.96246042883824e-06,2.307207480396708e-07,5.9338890071862446e-05,8.51957240401838e-06,3.1088517400430537e-06,1.7998567454602366e-05,1.0313973033060939e-05,8.807849592118788e-06,4.1276476890699266e-06,5.034593445284597e-05,7.403679554514102e-06,2.5803737108779573e-06,7.4013390864575455e-06,3.3238509123903732e-06,1.095141524940327e-05,0.00046028355104225704,0.00010729669462327301,3.9729168088857945e-06,6.027472306108418e-06,2.8732864271446025e-05,1.6131399097801875e-06,2.0975245320166597e-05,0.000113012498691507,3.2344017082300554e-05,0.00025257682407699703,0.00010591271940411679,8.888372562363952e-06,0.00030415729552965104,1.800512000183416e-05,1.3973242264026853e-05,1.527130445596979e-06,5.63683510959407e-06,3.999525425689474e-06,5.886986244669944e-07,0.00012158845851137942,8.986651277076428e-07,9.197671790415504e-06,6.225620469492846e-06,0.00013062901359605844,3.424014373988171e-05,1.0897256838812158e-05,2.006435013041227e-06,8.00416014273341e-06,1.8098966874051687e-05,0.0003475271797351631,4.4705947364913534e-05,1.2451036012094024e-06,5.923297023888789e-06,0.00013958300878246353,2.0969803246241784e-06,0.00012703877363858305,1.8056340950107995e-06,4.818853783319888e-06,2.8065114410789304e-05,1.1613106925928874e-05,2.131339791065979e-07,6.309874734081307e-05,1.822557401014297e-05,0.001581807459615061,1.3577164798441933e-07,1.4118116642072946e-05,1.552380555061057e-05,4.95291660325679e-06,9.241115862931882e-05,8.776379455288878e-06,1.5617999852177887e-07,1.621606601628032e-07,6.20365946602785e-06,1.8814331345807894e-05,2.470141992958338e-05,1.5877528260343198e-05,6.145213075628889e-06,3.924806250348552e-06,3.027270832841622e-07,0.0001074882647719311,1.4501959412040108e-05,2.064327516357339e-06,2.9588996168730932e-06
DH738529,8.496332784784988e-06,6.645161654905224e-05,2.151124295895966e-05,7.712433602793195e-06,4.445504431815077e-07,4.935586144643562e-07,1.2638819850013397e-05,4.063952776246187e-05,1.7167626447699674e-06,0.00015910741458973537,9.369142940048603e-06,1.5676962327316755e-07,6.077895986223579e-06,5.886974419328581e-06,1.6804848942415495e-06,1.2905367694532501e-06,2.8583857553539473e-08,1.9334167860656834e-05,4.64774724086758e-06,3.833999290257679e-06,2.9546389140752995e-06,2.2628557818036204e-06,1.1320249582375822e-05,5.878882579571761e-07,4.904719117673157e-07,4.563263478479655e-06,6.24731034451143e-05,2.635113136256452e-05,3.8156772751369457e-05,0.0001347194537049424,6.470389431473385e-05,7.556933917981851e-08,1.269657648176949e-07,2.6930401415189963e-06,2.2977645429439896e-06,1.310405306411052e-05,1.7719969075796962e-05,2.772232118607076e-05,3.673983896262213e-05,1.3168769020745424e-06,4.585422247574374e-07,2.0261281835662238e-05,0.0005162457676181402,1.051596642080552e-05,1.0918638209237885e-06,3.292392697327877e-07,0.00011205907536512875,8.660864149432594e-06,5.919132222123922e-07,9.59578686966486e-06,2.7653633687335355e-06,4.549464111031642e-05,0.00010711069428265435,5.700139651254571e-05,2.5266505872256118e-06,1.8759303917067342e-07,2.111254450616365e-05,2.883422912778789e-05,2.489985984490432e-07,1.52688694180916e-05,4.9250117026303295e-06,4.109754587279586e-05,2.2390224227227053e-06,0.00012575665162829804,3.6355264838781413e-06,0.0,1.0332316753612431e-05,2.7082310166567868e-05,0.0006473049652972423,1.247679786606458e-05,2.1086374503175533e-08,1.3805028316474354e-05,2.3465700071016806e-06,1.448111733328753e-05,0.0009275521135253984,0.0013426768711895538,8.561897775733894e-05,5.081509212288217e-07,9.189621703334618e-06,9.65645197026209e-06,4.427071615058831e-06,0.00037357080941910085,1.3932504203608528e-07,1.8614821068998232e-07,4.598377965336729e-05,0.00011701813330641224,3.5877729098088445e-05,2.3210816549305747e-05,2.961293709211567e-05,4.8506129575843656e-06,7.594291607691289e-07,0.00014673184622975493,4.9430342181218865e-05,2.12289826119869e-06,1.0759501220982048e-05,8.599171747702829e-07,2.9002384257499754e-06,1.9070155677056883e-05,2.163292665060128e-05,1.659773004268713e-05,4.288401614301979e-06,0.00015135158654421186,6.452719015208673e-05,2.3320464158833073e-05,6.078317113663983e-06,3.912893133303349e-06,2.3481793326968243e-05,1.0637553085713984e-05,5.874197171939897e-06,3.874149385309492e-06,7.869700774644108e-05,4.079063894090146e-05,1.4846590743733661e-05,1.2670457154215986e-05,1.3370082331343041e-05,2.348605488968088e-06,2.627093478729784e-06,6.733706298797803e-07,4.645123793493023e-07,6.192246482748375e-07,4.802714456387495e-05,1.6209156729023867e-05,1.2622883499022914e-05,2.3686626902003574e-07,1.3659506221617221e-05,4.4715747445810383e-07,3.5591871223801363e-06,2.456446509427317e-06,0.00017099218115818656,0.00020805579236410235,2.3704150132135035e-05,9.32459273525806e-08,1.058454270570276e-05,4.1172769046038985e-06,0.00012850805584593584,7.69586586228347e-06,1.3621249798915735e-06,2.7246372075933496e-05,1.840497335747729e-05,1.147040649702475e-06,4.572445107078811e-08,1.968205040035421e-05,5.88149374463627e-06,1.7566739884699327e-06,4.645387952576814e-07,1.1400860055887578e-07,5.054352346987465e-06,9.010161667724247e-06,1.7669201183944811e-06,9.769481662569003e-05
ZV661019,1.8951526035492204e-06,3.274779919990549e-06,3.3453412713010553e-06,9.687861823046078e-06,3.095630099042056e-06,1.6610681528685024e-06,1.2439281640071812e-07,1.6811319834385212e-05,7.092877003824329e-07,1.5234218341830327e-05,1.1941300904187366e-05,4.338094882817255e-06,5.860578422897673e-06,6.740171539747077e-06,2.4063195971526247e-06,2.8988679218019797e-05,1.4228883996596906e-06,4.4721463291487674e-05,2.4865148304172108e-06,2.3040953512784402e-05,2.593036563535354e-08,2.543934946393573e-06,5.994946682890397e-06,1.1504935695613786e-05,1.8689668107538791e-06,3.2619797088457016e-07,5.4098996680476604e-05,5.2993681642270344e-05,2.4316393198544815e-06,9.106691714730838e-06,2.4508838566960243e-06,2.2784705032918466e-06,1.9227577461161968e-05,1.2020054616428191e-06,4.988865069012022e-07,1.6506520958912442e-06,1.7568663549648492e-07,1.630437098840136e-05,0.000615369356204978,5.264578290918469e-06,3.131040386528347e-05,1.0806724132070776e-06,3.95568356992413e-05,1.1785967137175873e-06,0.00029253840540412375,4.4336227069194963e-07,0.00011757276378892465,5.535272448540083e-07,2.5639675720378082e-05,2.50949211672916e-05,2.2546793381177634e-06,3.109356855119501e-06,0.00012480960864127703,9.022879604068396e-05,8.448845548817482e-08,1.2162551740600438e-06,0.00010393556050692153,2.331180781380159e-07,0.0001465613704400611,4.00084099852763e-06,2.251188902895696e-07,9.737491169714423e-06,1.801186677167434e-05,2.224111008602898e-05,1.579619459735942e-05,1.0332316753612431e-05,0.0,3.889858609696876e-05,3.575248793044971e-06,3.082098737953461e-05,2.3729111159245907e-05,9.359534918474713e-06,1.8646541661722325e-05,3.2448455056251644e-05,3.296525622094119e-07,5.034317475582731e-06,4.1164566842739713e-08,0.0007003366638941109,5.556038683215045e-06,2.8540776612241253e-05,6.907188832829183e-06,2.685707106535474e-05,4.5351427457227626e-06,2.4630501062887665e-06,5.06321600906739e-07,3.172437758796017e-05,3.228557409348031e-06,4.929220219077431e-07,1.9285011591542844e-06,1.564930213001363e-07,3.565168249491079e-05,1.4377714773104184e-05,4.115103053575594e-07,5.22936067243199e-06,1.0937698790693864e-05,1.1698880240900348e-07,1.2712577492541002e-05,4.3579355369676076e-07,2.2126000606808882e-05,0.00018473698820135523,7.4578819827706995e-06,7.341299069951835e-07,1.857882441028173e-07,4.3607670633123407e-05,4.859700138067505e-06,3.118644306778749e-06,3.95120357343803e-05,2.9371968214614522e-05,1.2931206245203535e-06,6.8908535036261555e-06,2.9770257917612653e-05,6.510339534817967e-07,0.0007033921596947229,8.114982094217714e-08,3.85228556912932e-07,8.965117515724329e-07,3.3222100307722483e-06,3.249216845024215e-07,4.5450670654581256e-06,1.8500096363850746e-05,5.090533476047752e-06,3.5186863789682724e-08,1.1079922906451335e-06,0.0001970069297616431,0.00025890146733472243,7.892513971019316e-06,2.5730361605373197e-05,1.2129751889725796e-05,2.3361202601903895e-06,2.9850285082322483e-06,4.914406499442303e-06,1.4093630576054985e-05,5.523204993364211e-06,1.5291409822727786e-06,4.4987666282446595e-05,0.0003488353482901451,1.0779731575009125e-05,1.0026281561023985e-06,0.0008983230737350138,1.0389653837098318e-05,7.34592362690084e-06,3.062218443177475e-05,3.2723816137015837e-06,0.0005246435230379861,1.5099436794253941e-05,9.847092046805647e-07,3.0492554000030806e-05,0.00014315296777352095,2.8569555180866524e-05,1.5969178417978213e-06
QJ307468,2.6627698481210437e-08,4.0773213670498786e-05,2.540361267280842e-06,6.8306996831558095e-06,6.725859904882403e-06,5.552565693862943e-07,5.2267992096405536e-05,4.939789743268828e-07,2.169248956698935e-07,6.810449186932761e-05,4.953777755827605e-05,2.1274743447417523e-06,2.825556819816924e-06,1.7322944836245575e-06,5.782835437362678e-07,0.00021163270999736587,1.208298679626555e-07,4.2099840807796305e-06,0.00036034947525324473,6.359027286513989e-07,2.7457769610815767e-06,1.3006955260341722e-05,4.7349507968360175e-05,1.8548077587574156e-06,5.799949242507502e-07,2.404848575299913e-07,4.30168367227309e-06,0.00016504058589982232,2.446903645279091e-06,7.684178327307175e-06,1.0734350700104905e-05,1.2165865990101504e-05,1.6317625979097328e-07,2.6814923293761796e-05,2.6475821366794202e-06,3.5181733314424355e-05,2.9856990458412305e-05,1.0024710349696766e-06,3.779165865621983e-05,0.00038486845620143976,1.3596284794007455e-07,1.0222727073913457e-05,4.9903734486816304e-05,1.942833012183087e-06,3.8089906518832025e-06,3.510999917578527e-06,7.197776217589396e-05,3.26481996597528e-06,1.2196999663301087e-06,7.37905755363108e-05,1.085994760620411e-06,2.0365225183186058e-05,6.944389892756641e-07,0.00019116240317287173,1.1295332974422712e-05,1.644579692078802e-06,6.526563494474484e-06,1.7141456953827063e-05,2.231407954924398e-07,4.8367849532940786e-05,2.1073909880945912e-07,9.228564465871724e-06,2.419962741275042e-06,9.221746817596864e-05,1.098223056497549e-06,2.7082310166567868e-05,3.889858609696876e-05,0.0,8.622631599750884e-07,1.1461927083015975e-06,3.706996542117536e-07,1.1138421322788438e-05,5.454410308561064e-07,4.355813890588342e-05,5.364431189376769e-06,1.0586387099958263e-05,5.170220125225602e-07,7.51322568840279e-06,1.8572638256167688e-07,9.78801930232437e-07,4.186358054047051e-05,0.00014421264178689924,5.001653285066753e-08,1.5944753145595363e-07,6.534901184583496e-06,1.7273759156740786e-07,7.382038528033887e-06,8.290424748662739e-06,7.147869825206025e-06,1.180030676555392e-06,5.038275355736548e-07,7.501335833979251e-05,2.3124304100921585e-06,0.00010547490624359113,8.205618591501283e-06,2.332231767978035e-07,1.3357054595463117e-05,1.8368090988389206e-06,0.0006295166162188364,4.967964965590687e-06,1.3678342042749086e-05,0.00015247766140687486,5.499022888903596e-06,6.508448058442336e-06,6.432224468125632e-07,7.73580104429378e-05,1.98492592349096e-06,3.1899955993784875e-06,4.66220920261546e-07,3.1142557659346847e-07,0.00025216882778173746,3.912880254992058e-06,8.130924813244253e-06,1.6905969513633064e-06,0.0003118230644291761,1.1977181411978756e-05,7.985563601712349e-07,5.469200802937844e-07,0.0004173013197188343,3.650383330980948e-07,4.313201881161822e-06,9.918168820786747e-06,4.2062412143209736e-05,3.926598574664373e-06,1.442919652374554e-05,1.172088898564122e-07,3.930909883196674e-06,1.0161903343435415e-06,1.712118739889329e-05,5.589844146604679e-05,6.796025100522588e-06,3.5696710790525488e-06,2.4458177665434943e-06,2.9033449064154554e-08,6.537395648496588e-06,9.703401818227716e-05,7.972675797508886e-08,1.1330104742298117e-05,7.860619914905974e-05,2.956735312310532e-06,2.516540507425923e-07,0.00013969095271934687,5.426891751181242e-05,1.5466295605396058e-05,2.950059123464154e-07,4.7648973663648534e-08,5.97890800309939e-05,7.522966564901666e-08,0.0001134954569900821,3.9377216287307176e-05
MJ657458,0.0002328224466787561,2.3022094729622388e-05,2.9561134895281903e-05,3.811220444832893e-06,2.4347622232190594e-07,7.008856061900411e-05,0.00020045120661224883,3.3171741330031993e-05,1.3841680964945462e-06,2.3951812640145048e-06,0.00012005180000637651,2.3726085069208104e-07,5.995922569903321e-06,1.2344790535651842e-05,0.00011798492848315611,3.6567991606028628e-06,3.042931107343679e-06,3.778417059441231e-06,1.0160183021608482e-06,9.27484373754152e-06,2.3898564044523376e-06,2.1985909263320245e-06,1.2357271376342925e-06,1.4806999573338041e-05,3.853574858257408e-05,2.841299203636474e-06,0.0003490464556834563,6.103812995840478e-05,9.965655443489713e-06,6.939352803143999e-05,1.6334322968535595e-06,1.28143548072649e-07,5.442757432620323e-06,1.5098615861620077e-06,0.00047560112689526315,2.8825270082957967e-06,5.467583333591776e-07,0.0002561298253833611,1.947010687985582e-06,1.5350181063354877e-07,5.537128505211079e-07,6.959017516709473e-07,0.0003389167347386123,0.00031501065907555656,6.106599725073215e-07,1.9619075550024265e-06,7.962818241986102e-06,0.00020094825068479294,1.807118518946422e-05,1.4311738766133069e-05,6.695550833410876e-05,3.826088408600508e-06,0.0004095008364334163,1.538795104941031e-05,2.8583474241008493e-06,4.207461672579036e-07,4.5476903247062836e-07,1.4988804241679697e-05,1.1149813173009868e-06,4.031925188428353e-05,3.533927478049045e-05,8.954669993013247e-07,7.689776780408024e-05,1.0191682378217021e-05,1.258412451895328e-05,0.0006473049652972423,3.575248793044971e-06,8.622631599750884e-07,0.0,2.4862437339959495e-06,1.0434233803185731e-07,6.660524956946382e-06,3.217074672151206e-06,1.1852568823610058e-05,0.00022908542290952795,0.00021709923662780988,0.00016978014976065938,1.091094568664386e-06,5.089977020745764e-05,5.2741891926286906e-05,1.0452968883417013e-06,9.289496629289467e-05,5.200505486888745e-06,4.52696682109298e-05,1.1789626538148267e-05,3.90739867148774e-06,1.0600646954123091e-06,3.48066376978087e-05,3.709873974855266e-05,1.9508402817385025e-06,8.119521898378614e-07,5.590654643904821e-06,1.1863295879304821e-05,2.371916435712533e-06,8.986083586217339e-06,9.367815340933033e-06,1.2135406915847864e-05,4.9999616428713495e-06,3.0005899502448314e-06,7.172321029205525e-06,4.1844964926915794e-07,1.8930728510874236e-06,1.8636795735408457e-07,0.000435550516309283,0.00028995050209721567,2.744607678823556e-06,0.00013220991160598947,1.8054750531680824e-06,7.543100168949015e-06,7.541245271976285e-06,2.668109129364684e-05,0.00010754391178871244,2.585059344685907e-06,0.0001784036200180976,6.918825264195461e-06,3.088629151443963e-05,7.929977553100083e-06,1.6079528889714548e-06,5.718480085641963e-07,5.343448137996836e-06,3.102346351773044e-05,5.9732956667598536e-05,3.4311502826518653e-06,4.0865557314551787e-07,8.34512427188413e-05,2.1199585987472548e-07,0.00013945268901842384,1.3197561873995163e-05,2.7414377217260327e-06,1.3833300576113867e-05,3.2047740289989974e-05,6.321523871481209e-07,1.3991433970633672e-05,3.5577490642203835e-05,0.0002646401347430562,1.554587066167141e-05,2.2406135697641948e-05,1.0066450668053179e-05,2.2647058103260605e-06,1.4978882618666608e-06,1.240770982960918e-06,0.0004347517923361549,1.93815744097578e-06,1.7463730137727065e-05,9.675908476393635e-05,6.515374907177736e-07,1.4730883966229603e-06,5.4977286898505686e-06,9.783742228591556e-07,1.909636058355823e-05
QD365978,3.4396165105566095e-06,3.974122300958113e-06,7.030763291166795e-08,8.288185510222244e-05,7.999274480200042e-06,5.723798594347169e-06,5.778268895035782e-07,2.193714388908893e-05,0.0002707020263915119,8.152978179810456e-05,1.3744800715772595e-06,0.00016765433038270496,1.0824076346883324e-05,1.9827272583035314e-06,1.401062708659237e-07,7.043553374380695e-06,1.121858432045811e-06,0.0004947926832820727,1.79178208367631e-05,1.6523875512386314e-05,3.0225105690625847e-06,5.668012094341456e-05,3.3999921117393884e-05,9.972257989668186e-06,1.3671399385073892e-07,3.6873073681192943e-06,7.696240289387616e-07,9.027988889620878e-05,1.0889153748883143e-06,4.327635876471395e-06,8.365198432748738e-08,1.6924417847545256e-05,6.89163607750333e-05,1.3196351881382167e-05,1.9629792061724366e-05,9.400044262718262e-06,1.3144813436656444e-05,1.589248338050188e-05,0.0005124054889729665,3.604240057656722e-05,0.0004308743262832282,5.405774118723095e-07,0.00014541075288978617,1.02281163163342e-06,1.1841671218912198e-06,2.0844487939564202e-06,9.386836689641435e-06,1.4129576219715283e-05,5.645698702982853e-05,1.4882202118989797e-06,1.0710040383350527e-05,0.00029092329847935945,2.1913144055309704e-06,1.9642873750797852e-05,6.150647357874492e-06,1.2263318512254158e-06,7.089769284115392e-05,2.487343375102155e-05,1.4337647077222459e-05,1.7445624529054384e-06,7.210604580337143e-06,8.023970459890113e-05,1.7129579799077666e-06,5.742851694424662e-05,1.864353418931204e-05,1.247679786606458e-05,3.082098737953461e-05,1.1461927083015975e-06,2.4862437339959495e-06,0.0,0.00013682385416157605,5.007066181689668e-07,1.4566564179752626e-05,7.011488616435454e-05,2.9329702996079958e-05,3.628612080231772e-05,7.457879636607777e-06,2.9299355938464726e-05,7.081490251715331e-05,0.0014690565964579647,2.2332142035967843e-06,4.1149786898126564e-07,2.1977098208234408e-05,1.3540231859797503e-06,0.00013671329729792698,2.4089076158693537e-05,0.00011297259983986524,1.0184791733855089e-06,1.4291919211232486e-06,8.259004767324558e-06,3.547489181408819e-05,1.7840550346256437e-06,5.993728515919991e-05,3.158432943385879e-06,1.6550528067413458e-06,7.114211070038528e-06,4.299352981071328e-06,0.00012195523299185519,8.764424419120017e-05,0.00037012513391563353,4.154865900430268e-06,2.653220137880521e-06,2.7237307252286415e-06,8.0006346536043e-06,3.641044168344886e-06,0.00010755258373162245,2.133634885950685e-06,6.746903168959039e-05,2.9791090512883615e-07,1.3990342639682173e-06,3.633750506916663e-05,1.4206231547057631e-05,2.8676812635935655e-06,6.907682208162491e-07,2.0241265143529045e-05,4.7569937898277425e-05,3.258068817691807e-06,8.195022044712593e-06,9.470459562361753e-05,5.7747308697873205e-06,3.396152894821439e-06,1.096489969512879e-06,1.3655852144441214e-05,1.0593282002387015e-06,1.1211185155526702e-05,2.2627900722641863e-06,6.229324896897207e-06,1.4226714775724281e-05,2.03531721420587e-07,3.2156652911454516e-07,1.8728272986821273e-06,4.20145786027649e-05,0.0006737888884871613,1.8015028576752222e-06,1.959480986923491e-05,9.195477086893895e-06,6.433328935018716e-06,1.2500647680198225e-05,2.7629003326891526e-05,4.60300328883284e-06,1.2418695416601215e-05,5.703701023611616e-06,1.7241672471055752e-05,3.748255172896698e-06,7.748115729441598e-06,0.0001396718282179697,1.0905170187923766e-05,5.396078593522422e-06,9.42431359085967e-06,1.3845895276589657e-06
BK257344,2.667898151770205e-07,3.2519417961460915e-07,1.2474172340667907e-07,9.958511193169609e-06,6.202420934557951e-05,1.5760521940696946e-05,1.0246084271387698e-07,3.7809379035940635e-07,2.8287367938361177e-06,3.0761623831964374e-06,4.332198191726837e-07,1.2734100989252289e-05,1.4241398471418997e-06,8.981103289413432e-06,1.432642582914163e-07,1.6475913051164017e-05,3.268876913559244e-05,2.4292168918281588e-05,5.079804621306663e-07,6.316987576408556e-05,2.5555172454046904e-08,8.002774175769343e-05,1.395774279463412e-06,0.000495988406341788,2.417258890299346e-07,1.3301956083839356e-06,3.6481934936441854e-07,0.00011810560859849097,1.3834614917581042e-07,2.1911588975148393e-07,1.1732082842668293e-05,1.6783102125778403e-05,2.1027556155025716e-05,8.016892016691557e-05,2.075261670755729e-06,3.0502166423884904e-06,1.1457210299345372e-07,2.9295695058407727e-05,0.00012382515842101845,0.00016747411056301887,0.0005619514504547948,5.337063262379147e-07,1.6204421335395724e-05,1.1692821976850808e-05,0.00019293481586007695,1.0114432893856443e-05,2.9206814668652816e-06,4.161398067390731e-07,0.00016564213691686435,2.982167811526176e-05,1.3974764933947495e-06,2.244951319565483e-06,2.2656333543624463e-06,7.188920269966943e-08,5.672785704547445e-08,0.00034422769486416096,5.696688233191309e-06,1.1108736194989028e-06,7.040614948354272e-06,1.8122935419712577e-07,3.737761128664663e-06,2.2557950302303473e-06,3.4242371717023377e-06,4.167202554405251e-06,9.363448079959475e-06,2.1086374503175533e-08,2.3729111159245907e-05,3.706996542117536e-07,1.0434233803185731e-07,0.00013682385416157605,0.0,7.53250625882086e-09,3.98897802882159e-06,5.30856330010049e-07,8.0798571127234e-08,4.810100651881194e-07,8.828568526301039e-09,1.8934847580579183e-05,2.3783625494566727e-06,3.4748275960966214e-06,0.00011590462193501673,2.61587743183399e-09,6.67652760748575e-06,5.727806338415351e-05,8.504367823830513e-06,8.333124252438597e-06,7.753113717679622e-07,4.159748193144795e-07,5.081403571861679e-07,7.730777235597474e-06,4.105720157787171e-05,1.3311775576961068e-05,3.0802021013238315e-07,7.784045216955912e-05,9.318365565861837e-07,4.7032139027074964e-07,3.937262624629868e-06,1.7698024030844454e-07,5.115032277134916e-06,1.7036141247437294e-05,1.263767565048141e-07,1.109906189581591e-07,7.817384340605334e-08,1.1402237785054953e-06,1.7514660374207314e-07,1.6130494455666908e-07,7.786894202342278e-06,2.4249542364489482e-05,3.61115421484313e-08,9.340122538311172e-06,1.4894492055034774e-06,1.3404474976126464e-06,8.684474710241146e-06,6.67564442829161e-09,1.087809682777425e-07,9.592431543044188e-05,8.013568404789299e-05,2.6956234414604146e-05,3.053375324582511e-05,2.7264383518693774e-06,1.0895030391297902e-07,3.296800057185743e-08,6.455997692006928e-05,1.939364930746612e-05,2.599858144995415e-05,1.603561998495061e-05,6.51245189957486e-05,7.647109795967905e-07,4.67237146697014e-08,2.012734177096755e-09,2.3543527153208113e-07,1.1820140825293184e-05,3.0330118932876706e-05,1.1943076092675838e-05,2.7169241685612247e-06,2.8829664966562626e-05,5.05210132626812e-05,2.568516185140719e-08,3.1691268143263106e-05,6.958344634686436e-05,0.0006027832184292756,4.215081862316188e-06,8.104122734648713e-06,3.288050455275599e-06,5.149979381367203e-07,0.00018431316909914291,1.9234713774583542e-06,1.0385156313964952e-05,3.2871033852622715e-05,2.580189560402464e-08
AC873059,9.59113936478081e-06,3.927763827009161e-05,0.0004814905429720429,8.02583087368871e-08,1.4313344640240678e-06,3.7537330100295554e-06,7.799123139836618e-06,6.787402644882872e-05,9.661363481194094e-06,2.6762376614095125e-06,0.00020770352516964524,4.533336160186081e-07,0.0003608801705001539,2.9664553858965523e-05,4.4937534248009764e-05,2.1426317905860688e-07,1.6126839969906082e-06,7.139965491323726e-07,2.4632763389049875e-06,1.9704982813811915e-06,1.712559620961109e-05,6.275161954051069e-06,7.662502155287944e-05,2.414393130594979e-06,0.0004758658799934895,1.2729940823820322e-05,0.00027205334413267263,5.172701079733946e-07,3.3315274353319335e-05,1.926883999198305e-05,6.626304860796577e-06,4.851757773316415e-07,5.607307284177965e-05,3.292742046132792e-06,1.8168770287585004e-06,1.725734208988123e-06,2.959043881907871e-05,2.603581124446729e-07,4.297456654593942e-06,1.6651012821140159e-06,1.4529544690165742e-07,5.699555099050342e-06,1.6193501401207633e-06,3.492440252938904e-05,1.6322505493232577e-06,1.6176495811029011e-06,1.3830568808468113e-05,4.832065864671221e-05,8.680393306076857e-07,3.233486052250439e-07,1.820704937331471e-05,3.447234661022674e-08,5.0500131115362275e-05,1.217382806703512e-05,1.675726374340218e-05,5.288550207970622e-07,1.827595516742008e-06,8.047877536127609e-07,1.2653932371598645e-05,7.906726799912372e-06,2.7335310160343147e-05,1.8455773111465828e-07,4.0161850959781395e-07,1.149921332591946e-06,2.2007565357013176e-05,1.3805028316474354e-05,9.359534918474713e-06,1.1138421322788438e-05,6.660524956946382e-06,5.007066181689668e-07,7.53250625882086e-09,0.0,9.290568920686861e-05,1.0688173267729057e-06,6.582855324798785e-06,6.768066824164312e-05,2.4258478847764243e-05,9.13433526079509e-06,8.095940481694706e-06,3.723415481147885e-06,1.9402521050686923e-06,0.0007080146346244045,6.631574138625458e-06,4.2773368061490105e-08,1.1509756284520507e-07,4.33804432204096e-06,3.957795217565973e-06,1.885285172868101e-05,0.000116778952195546,1.0759651701163379e-06,1.9260184562337424e-06,3.647754552656067e-06,8.975655260681e-06,5.121902486505274e-05,4.479365338690316e-05,1.0092159096992888e-06,8.907743123527865e-05,0.0001344200129007687,8.568375198954224e-07,0.00011030331104093567,0.0001091815687653809,2.5985150544457505e-05,6.042217739915166e-05,1.3794681735746675e-06,3.880043999826349e-06,1.8022335047390353e-06,6.876674888399071e-06,2.8559982681160964e-06,8.814633126752707e-05,1.2413241913137961e-06,1.286145546330614e-05,7.055846792829013e-05,6.978296981497005e-06,7.06292624124877e-05,1.8891578928274644e-06,2.598112040951171e-07,1.166169756419099e-06,1.0091398422600386e-05,2.2954572964079823e-06,1.3570069320349457e-05,1.5827345040854208e-05,9.899944261919276e-06,7.649863805123176e-06,3.398048271176487e-06,5.11746902362282e-07,1.159382958377607e-05,2.4704644284253186e-06,2.1424868710582565e-06,2.3279464849565797e-05,0.0002645135483831191,1.1819928645004878e-05,1.625742146983273e-07,2.9220117888673814e-06,3.214343496265991e-06,4.309601796352303e-06,3.839344361303382e-06,8.923759496826125e-07,0.00014179247721026093,8.307204802622656e-07,6.265627451877252e-05,1.5275063789734178e-05,1.3458130148072744e-06,0.0002071860562776122,1.829252174742213e-06,1.4730391896584911e-06,2.5872268549676055e-07,0.0007178792232929495,6.848151696085459e-06,1.068715386480456e-05,6.743824732131404e-06
ZW286556,0.0003481130249817732,5.365522476052139e-07,6.59157657051043e-05,8.521285784859414e-06,3.5043553405578785e-05,0.00015862377835676548,2.2686267121231295e-06,4.937122121111484e-05,4.576141276927403e-05,6.374071532913838e-06,3.254829480960825e-05,5.345750644067525e-05,3.983522356342927e-06,9.71559637515323e-05,5.729018422259313e-06,2.5567093056235914e-06,3.7758471587165884e-05,3.592412659663589e-05,3.882243116077276e-05,0.001554608145255222,3.1379441808857096e-05,0.00027238981836145434,7.01773905015862e-05,7.741304451171977e-06,0.000626785870422767,4.752614510152935e-06,1.1362235431194765e-05,1.2339803628258902e-06,1.83025138929753e-07,2.4173831781318395e-07,9.830091347237275e-06,8.4842546442935e-05,0.0012874457107053213,1.668898831258808e-05,9.259575754228234e-07,4.201989969440827e-06,1.8798382362909325e-06,2.243234223818363e-06,4.7840149671525464e-06,2.943121996464696e-06,0.0001185887127189178,3.861010990455632e-05,9.339732123192906e-06,6.944371296386422e-06,1.5826495998107234e-05,5.556409441251243e-06,1.6266064101622644e-05,8.27435629326534e-06,4.370888261714238e-06,2.5447717816643248e-06,0.00044817393012742577,6.561762536812048e-07,6.509472111556043e-06,7.443884917317325e-07,5.175426864771136e-07,5.569002291441884e-07,1.1559834805206921e-05,1.430267590140403e-05,3.2370218853540945e-05,3.512119539170394e-06,2.165021956418829e-05,7.929024662515807e-06,0.00013603380675253167,0.00012067008184845754,6.96246042883824e-06,2.3465700071016806e-06,1.8646541661722325e-05,5.454410308561064e-07,3.217074672151206e-06,1.4566564179752626e-05,3.98897802882159e-06,9.290568920686861e-05,0.0,7.942059692326431e-06,3.3583376359171546e-07,8.326380650745881e-06,3.1766239862682856e-06,9.481304968818912e-06,2.346698130926419e-05,2.734948766629583e-05,1.0155927229442165e-05,8.85814587786937e-07,0.00010406178151750873,1.5603043583168652e-05,1.8915206593638204e-05,1.8601422681506471e-06,1.8356279252729988e-05,5.722648574033683e-06,9.258156955677318e-06,1.206067208364092e-05,6.01451122351704e-06,1.0934881058037395e-05,4.691805467271553e-06,6.877790573051072e-05,3.5119287118589924e-05,2.7668889767402514e-05,7.800993087313997e-06,3.604556918512435e-06,3.948907256260049e-06,9.508252765687653e-05,1.3155468836757386e-06,2.207845787121264e-06,8.853874290355153e-06,1.7268435825322827e-05,1.3847963684533368e-05,2.9145891698429596e-06,2.1436691013836527e-05,7.997165132493791e-05,2.157939628873527e-06,1.26123500555802e-05,1.4623018760129338e-05,3.992572043200553e-06,5.885624009400489e-06,4.474943641811437e-05,1.029919171819672e-05,4.401695677470952e-05,8.638316081832961e-06,3.316419965788444e-05,4.402508766009622e-06,0.0003745382345198508,4.954889122630434e-06,8.639402486165695e-06,2.143943395615425e-06,9.762163000150304e-06,1.8461342680130816e-06,2.2110709968688244e-05,0.0002587803784126873,1.3943917088042922e-05,5.340472179047178e-07,4.293199192678759e-07,1.8126981816922077e-06,3.4377943681917855e-06,1.0674511659540485e-06,6.099777675211206e-06,5.599216640883401e-06,1.9247683294847123e-05,5.40040145508715e-06,2.174721682985846e-05,8.120217852409949e-05,4.917724804786168e-05,0.00012233988816472938,2.6884153238984904e-06,5.123036877870519e-05,3.7979560239947834e-05,5.175772313008363e-05,0.0006877033013156877,3.510091516395074e-05,0.0004226616984882594,2.868669808170001e-05,9.211406259750068e-07
DS480586,5.067756953674059e-06,3.0143456028753443e-07,3.0282705715110553e-07,6.281645670599945e-05,3.2200807821670474e-06,4.7242103281650475e-06,1.745958310628129e-05,1.4518420652539222e-05,5.550103813810088e-05,1.2299548843524741e-05,1.4342914930292116e-05,2.7526898973062424e-05,4.1897928394337877e-07,2.195921654617785e-06,1.0492421231685226e-05,0.00011250429513049926,1.9865725400272496e-07,5.982382662588358e-06,1.1360796544162924e-05,8.201351903909875e-06,4.569024335324065e-07,4.9668082494359376e-06,5.460782557646172e-05,1.7859238042613644e-06,1.8876349661120855e-07,1.6916536597779966e-08,7.984489539257845e-06,2.0966853252876762e-05,1.7209605781799216e-07,2.9478548947632655e-07,2.2275050826628325e-07,0.00011668285799218199,2.614322059329842e-05,1.8128099986034226e-07,2.306369951062791e-06,7.246140846630083e-05,7.776822074020464e-06,1.562529210280844e-05,6.395986433244781e-06,8.48367971846687e-06,6.354520147131718e-05,1.574831431786969e-06,7.90911967581809e-06,1.0070171421923142e-06,9.213052363797633e-08,7.034655520954532e-07,2.1220969274531036e-05,6.023037029452614e-06,1.1654166989660393e-06,1.6684508966033285e-05,7.1404358361743645e-06,0.0010474271494678564,9.429723967397548e-07,3.5875313888967516e-05,2.1993270512797035e-07,8.561159821131081e-09,3.647045801830913e-06,8.361882642863425e-05,5.225715357622293e-06,0.00011090494715230798,1.8362624417418602e-07,7.360407135071976e-05,7.3611139110723085e-06,8.190938295578907e-05,2.307207480396708e-07,1.448111733328753e-05,3.2448455056251644e-05,4.355813890588342e-05,1.1852568823610058e-05,7.011488616435454e-05,5.30856330010049e-07,1.0688173267729057e-06,7.942059692326431e-06,0.0,3.3529057253893294e-05,2.1352210025565558e-05,4.189404306168003e-06,9.645727184857065e-05,1.2137835149183588e-05,3.248285774333844e-05,4.352551460777319e-06,9.386748859995758e-07,3.234249702359829e-06,3.1523276271723816e-06,1.7584346186012365e-05,2.2084184166892219e-07,9.349459063681623e-06,1.0699647835556781e-06,3.7280621269255994e-08,2.1925335210812983e-06,1.0771864816902705e-06,1.897489674751963e-06,2.876538926243489e-05,2.005277048042826e-05,1.0210961232886356e-07,2.8840607951212196e-06,2.5271500205651947e-06,2.553151773248328e-06,0.0009322778730067562,4.400670849859485e-06,2.4988022033658947e-06,7.2083628371513284e-06,1.1651880448978628e-07,5.806159041227891e-05,8.787742790780627e-06,4.342588809708407e-05,2.3412138798766536e-07,8.742952838165383e-06,3.3341765735551095e-07,9.194397120541697e-06,4.9102954886302447e-05,2.3754870464915614e-07,5.5856471458402336e-06,5.09932780036426e-06,9.659775982436433e-05,5.4175520645649805e-06,3.7919029157905713e-07,1.3936757584485078e-07,3.061739707886451e-05,2.75700018474595e-06,0.0001244235436653652,3.164822672977775e-07,8.563811211477361e-08,9.6535368308899e-07,6.450780911771124e-05,6.278462840952753e-08,3.939747536463765e-06,0.0002616441577278467,1.0917571783121204e-07,1.4020841911763883e-06,7.675631705866493e-06,7.006794843226742e-05,5.876294041969617e-06,8.25257359410608e-08,3.2330103982779226e-05,5.05965167580703e-05,3.7462447330027326e-07,7.157322688539772e-05,7.459404436197987e-05,8.258832498582306e-06,3.4246155302967356e-07,2.2908228067778565e-05,3.3671769576002283e-07,2.2538546110188565e-05,0.00011105438275693903,7.223402142201059e-06,1.7420767591790625e-05,1.5646370028596838e-06,5.717444624876146e-06,5.387841724189954e-06
CJ891267,1.2537247755269978e-06,7.717015657532289e-05,1.1857169130749235e-05,1.467839738337605e-06,2.1958987398867484e-06,1.9291528550017394e-07,5.127068419759844e-05,5.044722604972579e-05,1.6241991123130615e-05,5.020368481252132e-05,7.672670660517619e-06,3.7474822821276506e-07,1.6052241202716706e-05,5.72944946835763e-07,1.7355879030120304e-06,2.6843450061552377e-06,1.7805723064820098e-08,3.822926552282561e-06,4.418124251973662e-06,1.5030123206540628e-07,4.275891507468655e-06,3.1557060052817043e-07,1.6581405160753532e-05,1.4799237825386685e-07,2.7045542993353634e-07,1.5519639349850989e-06,1.878989097525244e-05,1.1751759673711005e-05,3.7398044744131425e-05,5.400686897716145e-05,8.157535609477224e-06,9.562929527872424e-08,2.5200637012186363e-06,2.3138642889916228e-06,3.875904998034497e-05,6.720463649541324e-05,0.0004498042829558031,2.6330814460036242e-05,8.894514640656254e-07,8.092935367016236e-06,1.730227738090304e-06,2.395714665461362e-06,1.2583121414813861e-05,2.240711301086675e-05,1.0570227152312796e-07,1.762232491770392e-06,9.3153455410095e-05,1.6956126269910596e-05,1.8572160193498646e-06,1.4847269121586609e-06,4.48992529270567e-06,0.00014107734289742883,2.858724431971639e-05,2.8370216268265995e-05,1.4507817033200566e-05,2.1443694821011194e-06,1.3673843216602009e-05,7.714482489423805e-05,8.995906957007368e-08,1.4179089261857379e-05,6.29097365483462e-06,7.926187231036112e-06,3.81285508662111e-07,4.422939640130467e-05,5.9338890071862446e-05,0.0009275521135253984,3.296525622094119e-07,5.364431189376769e-06,0.00022908542290952795,2.9329702996079958e-05,8.0798571127234e-08,6.582855324798785e-06,3.3583376359171546e-07,3.3529057253893294e-05,0.0,0.00107394777742433,0.00020347866769337622,2.2765266466256426e-07,3.402467771189054e-05,3.786310394884177e-06,7.64402640490088e-06,2.9809991113084756e-05,4.859306415478848e-07,4.512653478813263e-07,9.289572322100209e-05,4.800794331513559e-06,8.512838033076652e-05,0.00010841070417157627,1.1698296780351324e-05,2.9109319110017956e-05,4.442398084516108e-07,1.4394551238360638e-05,4.398247620629621e-05,7.671334141315621e-06,8.963830138941741e-06,2.868110133271076e-06,8.618974625494564e-06,0.0003015423418025786,2.1847926699297248e-05,1.4086749095549276e-05,3.744739181308708e-05,0.00043718435572787724,8.994820160975492e-06,1.1847589747395782e-05,1.414745665039443e-06,3.3646124693241995e-05,5.090644698768349e-07,7.0897298297822e-07,1.0146628203502554e-05,1.017496335146157e-05,3.632859467871243e-05,0.00015409691200364916,8.738036903057357e-07,2.662578633821899e-05,1.3714932079791262e-05,1.5897894094321814e-06,2.4366923155033238e-05,2.148531135040256e-06,2.6456576496337343e-06,1.2884132919889587e-07,0.00033112015843647554,4.599047016872097e-06,2.4463557577693597e-05,1.6584300588232808e-08,3.1856030613894226e-06,2.684165707860466e-07,2.476837604033397e-06,6.603274688158211e-07,0.0002601184377101384,6.740978170710637e-05,7.470673416858625e-05,1.1425627468997386e-06,3.30446659064054e-05,2.2689061044168496e-06,2.379804768699032e-05,7.1459075358054915e-06,6.816074100310526e-07,2.002179857906414e-05,2.1800387420083606e-07,2.445573335302382e-06,3.8189162601068184e-07,3.965183927935519e-06,5.792621873093352e-06,1.79195104631128e-07,4.865790922318637e-07,1.451444661917407e-07,1.0750662055971478e-05,3.854209565212466e-07,3.3602596848544227e-07,2.143121743309392e-05
WM625563,3.464062637592942e-05,4.405439498706781e-05,4.863996268930971e-05,1.4031241797247245e-05,3.817290124452923e-06,2.923567646820078e-06,4.025371833227455e-05,0.00010386686119562325,2.4371732899292654e-05,8.477499127226852e-05,4.183858165946271e-06,1.3923421550689287e-06,5.714051441612996e-06,6.206964485644804e-06,3.6460838502277746e-06,5.698296618516667e-06,1.8822580304402439e-06,1.2361334685741463e-05,2.331320991878896e-06,1.836855370496207e-05,7.341263474545125e-05,6.696424239426142e-06,2.373360142767973e-05,1.4040949955058705e-06,5.445810203618473e-06,5.549690565617722e-05,0.0001479939515280484,1.656101116030026e-05,2.7931727659373922e-05,4.204774410321199e-06,0.0003400953606537083,1.6573885743894394e-07,3.0567742337281656e-06,0.00021827256809309377,8.540203715401688e-05,2.5347003894331204e-05,7.836713653454939e-06,3.222067590831711e-05,2.1760513893259562e-05,6.607249009535463e-07,1.339739114589648e-05,2.1304278359671062e-05,0.00016311113705148715,0.00010896359567282948,3.4015369568724793e-06,1.1750775346398188e-06,2.3858237545033168e-05,0.00011076711297430784,4.207779210157117e-06,5.832542043119045e-06,7.980075416160116e-06,5.301583876550697e-05,0.00047871814086476044,1.6193178626858647e-06,1.52940531203373e-05,6.002211302273365e-06,0.00022630580294317435,9.417981304358095e-05,1.4783737937116557e-06,6.5087604267153046e-06,0.00018739280539857025,3.2469608772475034e-05,2.0826502441452855e-06,0.00020552391089834608,8.51957240401838e-06,0.0013426768711895538,5.034317475582731e-06,1.0586387099958263e-05,0.00021709923662780988,3.628612080231772e-05,4.810100651881194e-07,6.768066824164312e-05,8.326380650745881e-06,2.1352210025565558e-05,0.00107394777742433,0.0,0.0008080412932757451,9.350481092928196e-07,2.925609251350889e-05,4.972007761747433e-05,0.00018469452529443057,5.446145156883665e-05,1.006953818160797e-05,1.0908514969385419e-05,6.385892845133388e-05,0.00039288266107732233,0.00011484023779686752,3.8509633064340255e-05,4.3516317728633105e-05,8.178928559162814e-05,1.6292549942127243e-05,1.0357896194521425e-05,0.00021599194060900254,7.842574943321338e-06,9.916448270475194e-06,4.656319302122331e-06,3.496260743918591e-06,3.9615289501561523e-05,3.470757420618693e-05,0.00014144435925066785,3.0029542850414248e-05,0.0004473870019942436,2.7538702333454225e-05,6.889218548517969e-06,2.3575264688019362e-06,1.6423092816059661e-06,2.130627808058904e-05,2.7392390524113935e-06,1.2088786498718844e-05,2.0367183805667037e-05,5.066385508389305e-06,0.0001168976233170241,8.512828905687542e-06,4.539536792276161e-06,3.1465786340951107e-06,3.0591166474519425e-06,2.2203967884218885e-05,1.5677679327013962e-05,5.041008705431348e-06,3.1421596500213294e-05,4.2526369854582384e-05,1.3755204663466865e-05,2.5636238813258102e-05,2.5442397646425574e-07,1.6699322075844826e-05,1.4985429035322261e-05,1.696640295784583e-05,1.4405977693628993e-05,5.397928670074799e-05,5.454447550637768e-05,1.3678740346447996e-05,1.074438967932675e-05,2.3734249890233516e-05,5.353428957749512e-05,8.579634819570282e-05,4.124957979665117e-05,4.434869998657237e-06,0.00013747029981869477,9.223072082335267e-06,5.997778039485936e-05,2.3559519129096294e-05,8.864927434965297e-06,0.00011932002371733749,5.198773852620767e-07,1.7194524429893386e-06,3.1076365597279705e-06,4.184172012658741e-06,9.687334633147829e-06,5.070273422348591e-06,1.4854803729693724e-06
YU036236,0.00025244727851402195,4.249017396197781e-06,7.341602655025194e-06,1.2453042599475121e-05,6.493554528342224e-06,1.312949787141328e-05,0.00027192596123175376,3.5361909100473356e-05,6.373745191139774e-05,7.090579115347343e-06,2.764637175684949e-06,1.2031841605098795e-05,4.777928928952769e-07,1.7720794408514882e-06,2.0655210435662993e-05,1.0665058740936556e-06,2.294756395734966e-07,3.5070889652592425e-07,5.579212317097732e-06,3.5760280078050127e-06,0.0007641510870604142,1.0248781329978643e-05,1.894008665345703e-05,2.180796493151967e-06,2.6532709724248287e-05,1.160269388797039e-05,4.193299695639322e-06,4.639786971531009e-06,2.1412218977759902e-06,4.3020651220522553e-07,5.35411743246676e-06,2.3255413621697813e-07,4.971195405584766e-06,3.590980835214987e-05,0.0002066554674101484,1.836949371936779e-05,4.732572428361681e-06,1.568817603979936e-05,1.8307182308942996e-07,2.728311033961665e-07,4.761348116046238e-07,8.650589233236248e-06,6.517456282237711e-06,9.013572505246987e-06,1.4495826055291969e-08,8.577766199608306e-07,6.71550199291744e-07,0.0006036164846072055,6.921415228727839e-08,3.158662193399779e-07,1.703909812387443e-05,6.397415306024024e-06,5.230347237322479e-06,3.6777727970623574e-06,0.0001620385198530257,1.7704219097740334e-07,1.3855550926911745e-06,0.0002782862585919845,4.913117625529425e-08,5.209103380514186e-05,6.224142100580735e-05,9.168378697464108e-06,3.3491501496502748e-06,2.40166105766694e-05,3.1088517400430537e-06,8.561897775733894e-05,4.1164566842739713e-08,5.170220125225602e-07,0.00016978014976065938,7.457879636607777e-06,8.828568526301039e-09,2.4258478847764243e-05,3.1766239862682856e-06,4.189404306168003e-06,0.00020347866769337622,0.0008080412932757451,0.0,3.882773082364033e-08,2.9864538108162058e-05,3.202021571223822e-05,3.4522845616795324e-06,3.3336613628119698e-06,4.702117188883358e-06,7.254746419088474e-07,3.0503833441956287e-05,1.5375655098991422e-07,3.2520212183126626e-05,3.44580584260938e-05,5.627460887472919e-06,5.6473971702215564e-05,1.309111267647894e-07,2.1788064684434606e-07,0.00021547852518218993,8.974235950676843e-07,1.581369422364647e-05,3.150753526118139e-05,7.190994703135126e-08,2.6795166141138546e-05,1.2076586711324902e-05,1.216520928950301e-05,1.995957755660933e-06,1.8248886961775424e-05,5.6957788938577345e-06,2.662428831791175e-06,4.124982847583799e-06,9.228375748253935e-06,1.4150417184897273e-06,1.253644143987311e-06,4.998027626444707e-07,1.3133099477992936e-07,8.69945823489048e-07,4.241879775729473e-05,1.3291334503829302e-08,0.00011401181845798974,1.1729523749349076e-05,7.16397966624681e-06,4.131067846532068e-07,3.9089980752413215e-06,2.9765451557688122e-06,2.0033567346193625e-05,9.067099387437814e-06,0.00019086857446629432,8.100025957124383e-06,6.446529440076377e-09,4.852970497798375e-07,1.1516786024520459e-07,7.727008167452393e-07,2.1876500971041986e-05,4.960762142062198e-07,1.2570017910190756e-05,3.5316036891461835e-05,5.2480212169970224e-06,8.173618940754427e-06,3.201673408418627e-06,2.4105991268327926e-05,5.459504122579404e-07,1.0529330294560738e-07,0.0004515879691584037,2.1379414419695198e-07,3.043731472176445e-07,4.1045712564778437e-07,9.212078062753013e-06,2.3388926650197988e-05,1.7501024168894107e-06,4.202215637741651e-06,1.4072871850406644e-06,7.641194442554119e-07,6.828983430972976e-07,6.254234620205755e-06,9.6948913700902e-06
IK865747,4.6040861491110017e-07,1.0329264753734996e-07,2.575853098295559e-07,5.098990613596536e-07,1.0246645165994748e-05,1.1132649655913104e-06,4.2330702711734526e-07,1.2790536649637974e-05,4.77651217336671e-06,1.34726768080647e-05,3.49801113095792e-06,1.278980122101816e-05,5.919754975244251e-05,3.346974907531504e-05,1.1846545756993612e-05,9.535093403753345e-06,8.656246711050401e-06,0.00011150161806372867,1.223891381835136e-05,6.578574204548693e-06,1.2084292463489237e-08,1.605967466669019e-05,9.741258342267358e-06,1.917965283537972e-05,4.232227797940961e-07,3.548893139220274e-06,1.0577306377801148e-05,7.659572745965491e-06,4.331370344920013e-06,4.1926076532352965e-06,5.106704120569386e-07,7.627723184090468e-05,2.7498002032010587e-05,9.728635250894937e-07,1.3239568067488192e-06,1.5478773553391593e-05,2.7845224242400224e-07,1.9246971072926238e-05,0.000575497649606939,1.0063729113889083e-05,0.0002929457683629145,6.452749605554008e-06,1.3670059248323986e-05,1.5735769214962242e-06,1.2139095293321713e-05,5.079554918681138e-06,4.552365071109333e-06,7.825052836837106e-07,0.0001838836217460767,0.00010879394551673694,1.9132963494904915e-06,8.249529655699367e-06,1.2281547295493618e-05,1.0421236443463557e-06,1.0215106528177212e-07,1.5765917098237535e-06,1.2673029087623234e-05,7.059583771875207e-06,0.001028146859312007,5.435837637117847e-07,1.4867793101385242e-07,4.672272931650763e-07,3.1056795114923613e-07,3.677804591137655e-06,1.7998567454602366e-05,5.081509212288217e-07,0.0007003366638941109,7.51322568840279e-06,1.091094568664386e-06,2.9299355938464726e-05,1.8934847580579183e-05,9.13433526079509e-06,9.481304968818912e-06,9.645727184857065e-05,2.2765266466256426e-07,9.350481092928196e-07,3.882773082364033e-08,0.0,9.71103843961949e-07,8.571563762990948e-06,8.948319684294415e-06,2.437948704887037e-06,8.707295435795787e-06,7.653034197435157e-05,2.5772631443509414e-06,2.9183023531536294e-06,2.793821518749877e-06,8.241029055616573e-07,9.794324234142451e-07,2.3000808915765898e-06,0.00015990051675089802,4.796185601639253e-06,1.0861546378558357e-06,2.4244954198136785e-05,2.9760513126751666e-07,9.103261537903924e-07,0.0003430117784936382,1.0949049711094818e-06,0.00011740655174331661,4.0888333954916806e-05,3.192973046853779e-06,7.676992976084314e-08,3.594337939966914e-08,3.415385520552088e-05,5.659612175072779e-05,1.769674858100686e-06,7.694270016342858e-06,3.0053208399080868e-05,7.322411453825244e-06,4.7735121850517906e-05,1.418915085246146e-05,4.1648447818327556e-07,0.0002752651505834573,3.3471374518390185e-07,6.355443365922525e-06,5.211562017984001e-06,2.999087908978826e-05,2.2340603605915457e-05,1.0886836011911102e-05,1.8644687631070724e-06,1.555611048514379e-05,1.4357750868208194e-07,6.337827251551555e-07,0.0009817728273375506,0.00021996656152544606,3.070576106042291e-05,1.3184817382683124e-05,6.813207995217289e-06,2.9861547168839976e-07,1.192261267133925e-06,2.4305651397378727e-05,8.13066883339416e-07,3.2788821896802917e-06,2.234365822246234e-06,1.559920875407136e-05,0.0001358146426978381,9.782224249583479e-06,3.5676012638154033e-07,1.1800878776133093e-05,1.5415311778928305e-05,9.116441008521502e-06,5.5945290703678164e-05,4.572285679728139e-07,2.6061270087152926e-05,5.2745495989164545e-05,3.8574428430449285e-06,0.00039009351091263305,3.813169595479378e-06,0.0001451472394548484,1.059589993416292e-06
OJ973177,3.1246900617500226e-05,7.792048327794446e-06,2.1614499591338456e-05,2.7884195060741684e-05,1.0572469938712582e-06,4.2189819318398234e-05,1.0636900359400677e-06,1.21361701585049e-06,0.0002347670035662233,9.053842298269999e-06,5.358362818933308e-05,2.9586389873038633e-05,2.3169126202376735e-06,3.414809306011196e-08,7.09520175181858e-06,1.6718101700409525e-07,6.174362988900629e-09,1.0418624990132446e-06,3.444702366856138e-07,8.078113491047983e-05,0.00010129719288501336,1.15763690061487e-06,5.791245515571274e-06,2.2760092275500926e-05,6.56361297515399e-06,2.170020255967431e-06,6.413848349018714e-06,3.479090836827001e-05,4.343049922275425e-09,2.366468600293485e-07,5.360754823404506e-08,2.2417921531930238e-05,0.00038114814696998196,2.981126332591279e-05,1.9457061547891922e-05,2.703421767094961e-06,1.5699065158558928e-05,0.0003924356372298391,1.0840919908099436e-06,1.614685457960042e-07,0.00021869425751700427,1.524151954575805e-06,3.1321121327257086e-05,1.16321181423063e-05,5.715859906541312e-08,1.3440214274163966e-06,5.498590810161408e-05,0.00018276839782895178,1.511632844223049e-07,8.742374304384687e-08,2.2114572620569216e-06,6.362062208239642e-06,5.851812918321981e-07,2.088151889807854e-05,6.164382683703234e-06,6.47180371513913e-06,1.5377795501732062e-05,3.960986864723153e-05,3.867026964373335e-07,3.095788398816022e-05,4.8359546790887025e-05,2.3620989039426563e-06,1.8908040540181495e-05,2.8490154363481432e-05,1.0313973033060939e-05,9.189621703334618e-06,5.556038683215045e-06,1.8572638256167688e-07,5.089977020745764e-05,7.081490251715331e-05,2.3783625494566727e-06,8.095940481694706e-06,2.346698130926419e-05,1.2137835149183588e-05,3.402467771189054e-05,2.925609251350889e-05,2.9864538108162058e-05,9.71103843961949e-07,0.0,8.489117115688906e-06,5.085423057677106e-08,9.297790324209365e-07,2.6658353543340894e-06,4.363793033839348e-08,0.00010805822941372233,2.6576754195145173e-08,6.198194320826478e-05,8.26756357002443e-06,6.654828203239555e-07,2.5681616858376e-06,2.8725743528493707e-07,4.1724983772585515e-06,0.0005740725341608528,3.071733187940804e-07,1.8708326615530535e-05,3.715458287449613e-06,2.544258985470024e-07,0.00023597324691285426,1.8690041172048613e-06,4.776719666598574e-05,3.19149757828304e-05,5.791436889938373e-07,7.71432384355572e-07,2.634881998310398e-07,1.9346014665009714e-07,1.276531270213923e-05,1.109836130174491e-06,1.6714180167606413e-05,1.561947218260155e-07,6.104008429104498e-08,2.3097433816891246e-06,7.239565270086946e-06,1.1735925491447192e-06,4.4050810980209575e-05,1.8221391441359469e-06,4.2796690144312324e-06,3.9739303691384684e-07,1.386512928996385e-05,0.00014506068969113818,1.6477657616772716e-06,3.848731248940614e-05,4.1015875292075503e-07,4.5252148654648195e-05,9.395643932864099e-08,3.870946032863383e-06,3.713844128367667e-07,5.0345496627841905e-06,3.493659477328901e-07,8.113470355943805e-09,8.05895263318358e-08,3.114931036040702e-08,0.0006195699046795088,9.90970888107306e-05,3.4559992536596124e-07,6.777834002552373e-06,6.5224590359967e-06,3.172131524912429e-05,0.0002559969389542825,9.255072545197608e-08,9.786702867527902e-07,7.049060951152919e-05,1.017655746891427e-06,3.098032338503937e-05,1.0148314703073548e-06,3.443438672842455e-07,1.1269203324731658e-05,2.1805003657446407e-06,1.2387263213345862e-06,5.540623049670883e-07,2.465272001762601e-06
WP630067,6.011669168388176e-05,3.115318692316322e-07,1.9507517214597825e-07,4.332893281794368e-05,1.2709811629130067e-06,5.4137939094757526e-06,2.4368820387281984e-05,4.437886052873841e-05,1.8432610139966256e-05,2.111561762716632e-06,5.931208436741849e-05,6.765696205399367e-06,4.53279468184582e-06,1.7652423599868246e-05,1.368585152026747e-05,2.031703344837305e-06,1.4260441937156932e-06,3.6094053830541714e-06,1.1882619218965214e-06,1.60610870549946e-05,5.280792180222165e-06,3.1678313387144235e-05,1.6742502421912183e-05,1.7791174392021231e-06,6.459713005554549e-06,5.162455261397854e-07,6.124724488336475e-06,1.8934904161585007e-05,3.348477481019789e-06,4.379581932543775e-05,1.3939884657405873e-07,9.900589842314083e-07,5.145765959405605e-05,3.1558352062287526e-06,0.0003003297839654519,1.7993384245051335e-06,1.273666697781076e-07,4.95841507670806e-06,5.68882865205424e-05,1.929412577110032e-06,8.885719865713352e-05,3.729754296657602e-07,3.710846666046375e-05,3.869609474710732e-06,6.498327433877942e-08,5.70434322526603e-08,1.7231875195153664e-06,1.0945921795194106e-05,9.491820601138298e-05,6.530583760986645e-06,2.8773223792381267e-05,3.482430503563515e-05,6.601794153461576e-06,1.56063894276442e-05,1.4314031560616822e-07,1.5021289482637576e-08,3.4096498783154134e-07,7.219145544330663e-06,1.0985273383422676e-06,2.0593149599170987e-05,9.39955788610343e-06,6.439687384965618e-06,2.3978909127405342e-05,1.0341582290942045e-05,8.807849592118788e-06,9.65645197026209e-06,2.8540776612241253e-05,9.78801930232437e-07,5.2741891926286906e-05,0.0014690565964579647,3.4748275960966214e-06,3.723415481147885e-06,2.734948766629583e-05,3.248285774333844e-05,3.786310394884177e-06,4.972007761747433e-05,3.202021571223822e-05,8.571563762990948e-06,8.489117115688906e-06,0.0,1.4246346502764887e-06,2.7695317804182212e-06,7.542427137734856e-05,5.881519797151486e-06,7.640170691192532e-05,1.5814931237375596e-06,3.0478752472144172e-06,1.832114226024989e-05,1.2737421670573242e-06,7.396020167530155e-07,6.117011763112382e-07,3.842968852266977e-07,2.0591058570871907e-05,1.4279505594221917e-05,1.4766644791065243e-06,0.0001025579470833034,2.3038021753405536e-06,2.0646911402001216e-06,8.989770919715124e-06,3.078448625917013e-05,1.9165013600319778e-07,2.132611649187037e-05,1.2224090372551292e-08,5.377619660919633e-06,1.8406802707082664e-05,6.661925457404248e-06,1.3930174381366239e-05,1.23423006454787e-06,4.605148659747386e-08,1.0861225857641632e-06,1.768472232159547e-05,3.10313273223963e-06,1.3875561161643093e-06,9.546159659735902e-07,1.7351174860140856e-05,2.2148856242167143e-05,3.8998561218546123e-07,2.3801112292141741e-07,9.856486664578487e-05,0.0001412173040655828,2.5132281541250633e-05,3.246846482798837e-05,1.1847898003009348e-06,5.22166809971722e-07,1.5122242428086556e-05,1.1550751089430133e-06,1.1536936932037572e-05,0.0010748622036004267,4.2813767233687884e-08,3.1870444395906823e-06,1.786959948472372e-06,1.1843533567604707e-05,1.4627407266893933e-06,1.6508410398871494e-05,8.730085194474895e-05,1.1915627695656324e-05,1.3214196036947075e-07,1.488751187027227e-05,5.390626404252692e-05,5.961746452095339e-06,6.688624856436091e-06,4.1262163366270746e-05,2.6687467103840212e-06,2.1465271120118427e-05,0.0001341882438149812,2.133281994511393e-05,2.337824198536609e-06,1.1191796833613243e-05,2.2617043560560616e-05,3.3891466198111676e-06
AV875914,1.6950678761036347e-06,1.350802957797149e-06,6.096965170877469e-06,2.6037644439074245e-06,0.0010402059500687715,6.416079807618329e-06,1.264694543538282e-05,1.738012820119516e-06,2.595113895146206e-06,2.4029586892567022e-05,1.974357247343585e-07,3.4453189937662964e-06,4.7032670254926053e-07,4.5354820870195086e-05,2.7563699694356674e-06,0.0007277223372124691,0.0001802840590252216,3.114374758862763e-05,3.546122617018906e-05,3.614710860906726e-05,2.8554902977543907e-06,0.00018322817235739966,9.494411939704288e-06,8.581642556843802e-06,1.0043526367940532e-06,2.957103492890847e-05,6.334433104844951e-06,1.1104887404392832e-05,6.185465064094944e-05,6.624687489661206e-07,0.0007429950658656002,1.333469616068054e-05,3.575245348946434e-06,6.16504075137785e-05,3.3148901442123795e-05,0.000250207695331561,3.0469614537765103e-06,0.00013803398037768412,2.89958269150797e-05,4.4404501759501505e-05,4.419082160895341e-06,0.00013431623049259866,1.587862807495749e-05,1.4569096137633626e-05,0.00021366832715996898,1.9595558521909092e-05,3.3844696226612654e-05,1.4730006081643465e-05,1.734289963855752e-05,9.33500367976454e-05,9.701605372655033e-06,1.590235749430575e-05,0.00013018520690013608,2.1161133770159938e-07,1.535557178327544e-05,7.255762796576332e-05,1.047014266471471e-05,1.2855991384107628e-05,3.4118036678547087e-06,3.170104248753957e-07,1.6210991543591379e-06,0.0001648625799503582,3.7860712801463123e-06,7.489931247943793e-05,4.1276476890699266e-06,4.427071615058831e-06,6.907188832829183e-06,4.186358054047051e-05,1.0452968883417013e-06,2.2332142035967843e-06,0.00011590462193501673,1.9402521050686923e-06,1.0155927229442165e-05,4.352551460777319e-06,7.64402640490088e-06,0.00018469452529443057,3.4522845616795324e-06,8.948319684294415e-06,5.085423057677106e-08,1.4246346502764887e-06,0.0,6.922922898751038e-07,8.750831724749261e-06,0.00011016978912039649,1.7536074611270622e-05,2.2482368464878853e-05,3.84972941563969e-05,9.261204774279313e-06,8.772592795057618e-05,0.00021424201152771835,7.128459684373666e-06,8.143015632925142e-05,1.9224891323973548e-06,0.0008461756111223345,4.166305150503154e-06,6.54723605371804e-07,4.513251231630378e-06,5.534904584914295e-07,1.210569353218064e-05,4.0009141941567745e-06,2.8248086396641958e-05,2.934804814251348e-06,8.79824844476414e-06,1.359233846114087e-05,2.4383310480383244e-06,4.653814162267931e-06,3.0806578067160622e-06,2.769343227863216e-05,1.5015519565177094e-06,3.275030776915535e-05,1.955578800426268e-06,5.1805604578603885e-05,9.93424161684052e-06,1.8033834234188829e-07,9.3434202182615e-07,1.4014715727354226e-06,0.0001019539156715953,2.5209206773941158e-06,1.6118920866434227e-05,9.314222713572074e-06,9.476611972221321e-07,7.724981511996708e-06,4.020130084962451e-06,3.8238876767138115e-05,1.7144824073977555e-05,3.196429406194159e-05,1.2093162770444649e-05,3.2952842613460058e-06,2.069287179777838e-06,2.1144060236014218e-05,0.0001262252650110818,5.8432146996417845e-06,5.825719558232927e-06,1.925125464478906e-05,1.3718301427171961e-05,1.5297457620681396e-05,2.715392392774512e-06,1.3963126223655317e-05,6.117231737678802e-06,4.297090728400679e-05,1.6124017422089108e-05,4.883879417368679e-05,5.124823050708279e-06,9.479298934359288e-06,5.413612692477787e-06,1.1640010896147722e-05,1.6013154165874606e-05,4.905848078467586e-06,5.286478077148952e-05,1.545912330807663e-06
NY061123,4.218602508493192e-07,0.00013030953949984102,6.249923557389878e-05,1.5414163403297613e-07,6.851971001045675e-07,2.5136039355289323e-07,2.557286278182991e-06,2.6888188124811896e-05,1.4486404446121253e-07,0.00011171731901176008,4.705025318424281e-05,1.5400181485987708e-08,4.4456885033722926e-05,1.5179052580105745e-06,1.8461793787899142e-05,2.0714178400761738e-06,4.2539734893369114e-08,3.193412887630392e-06,5.301504730828353e-07,4.3965954065436654e-08,1.0644954127032817e-06,3.721941296334517e-07,1.2244233970520114e-05,1.6651969411590613e-06,2.312684300757013e-05,6.065388327103217e-07,0.0006569035659091838,7.954277213336742e-06,1.0845682596239357e-05,6.150808444801521e-05,2.7295042025090605e-06,1.1778967936331977e-08,4.6191411737297826e-08,5.296050747894424e-07,5.638771736214221e-06,8.355585370002609e-07,5.781198223219765e-06,1.93249865567436e-06,1.7859896725485605e-06,9.737929819602026e-06,1.5292539697406303e-08,2.1256760779919876e-06,3.0378515273303066e-05,1.105270299102492e-05,5.695181468702915e-08,5.553806234531146e-07,4.540236482223387e-05,1.387741019697997e-05,5.12433362660016e-07,1.154270961348291e-05,3.022160086213004e-06,1.2920373445192904e-07,2.247550680553864e-05,9.812856337230063e-05,1.4536725232652652e-05,8.801146944708483e-08,9.485004075095142e-07,4.4772691823392084e-07,1.40538458311052e-07,8.871735078739882e-06,6.250880037700819e-07,3.347215756245933e-07,8.582364664603845e-07,2.8013284778229997e-05,5.034593445284597e-05,0.00037357080941910085,2.685707106535474e-05,0.00014421264178689924,9.289496629289467e-05,4.1149786898126564e-07,2.61587743183399e-09,0.0007080146346244045,8.85814587786937e-07,9.386748859995758e-07,2.9809991113084756e-05,5.446145156883665e-05,3.3336613628119698e-06,2.437948704887037e-06,9.297790324209365e-07,2.7695317804182212e-06,6.922922898751038e-07,0.0,8.28866022617811e-08,3.2204398397100527e-09,5.464840977546103e-07,5.073418757843293e-06,5.965897077955411e-07,2.1553583132306035e-05,0.000147682060779444,9.434464783544198e-08,4.1383073508242913e-07,1.7678884192433947e-05,7.5478992347433076e-06,1.4419984381769763e-06,4.046061445343589e-05,6.423990322387045e-07,2.5070138970908344e-05,2.167969660992151e-05,9.805829868328167e-07,4.67751777732505e-05,7.670017713630052e-05,0.0001842673828754227,2.359553798716688e-06,1.6011632193600566e-05,1.0301082466092394e-05,3.828091796659418e-06,0.00019276573155384998,1.015503595031679e-06,2.8877469096333295e-05,7.376600425763422e-07,0.000143839675796904,5.327696530382311e-05,5.541160637326102e-06,5.2970548729312005e-05,5.719817943365838e-06,4.801439320496805e-06,4.6014878657165374e-07,9.647728325140669e-08,1.2832517453649167e-07,7.31750709250002e-07,3.512196994679703e-05,2.4631102608927033e-05,1.7389682643635246e-06,2.70978097180038e-07,3.2303969117399074e-06,1.7844061077737734e-07,2.0525708293055816e-05,2.580901731339906e-06,0.0001205245127434347,0.0008884938339017434,4.0923835282660585e-05,9.226420920514044e-08,3.1580456085644394e-07,5.41163518780677e-07,1.0633676540803083e-05,4.1370718593068525e-05,5.983828792309041e-07,1.7873201396632694e-05,1.2514964059535139e-06,4.2633779986353515e-06,1.9861820169481533e-07,2.48602908696038e-05,1.0525367842203839e-05,1.5716947024611868e-05,7.690092721016134e-07,6.600779899356741e-09,4.98829119294882e-06,1.7862255817254815e-06,1.395532827160679e-06,6.109992934089143e-05
PQ145431,0.0003474096176587141,4.359173215843252e-07,1.986049961665556e-06,7.696084769148719e-07,1.9127530430694856e-05,0.00020584893711801677,7.40811724848538e-07,1.1432831749369374e-05,4.921905891920256e-06,7.375449868819889e-07,1.8388408855652036e-05,1.0090412672379431e-05,2.25187632695225e-06,8.834183739550046e-06,1.3765375316069748e-05,2.615046389490814e-07,3.950893751073344e-05,1.2026576271101825e-06,1.3866870480847772e-06,2.1834796376166514e-05,1.1720727571988134e-06,1.3708526654550902e-05,1.915223403422707e-06,3.052914083307862e-05,3.2677064086005294e-05,3.702969637677947e-06,7.4390751579675006e-06,1.0479584187145963e-06,2.3906369227005877e-06,4.6344621431470276e-08,1.8748829256269283e-06,4.721243167839549e-06,0.00042611405970886205,1.840175981759696e-06,2.405727826679021e-05,7.12472813227952e-06,1.2474836191679926e-08,5.219891808479667e-06,1.1735998631261657e-06,2.1463842667184468e-06,2.590467577356739e-05,5.754949515221064e-07,2.2681870833232265e-06,3.2834340114601125e-06,1.6619657572316651e-06,7.989968010706419e-06,2.2972965282069074e-08,2.0370745258984272e-05,0.0001792767328212641,6.914759839075535e-07,3.618281790292767e-05,3.4617422854395007e-07,4.603583006134725e-05,6.510144505252318e-08,2.9600950819301274e-07,1.8649598311778242e-06,3.0005604327765362e-06,2.4551911282460536e-06,4.760713923774716e-05,8.736187628675947e-07,5.677664469224198e-06,3.4698499815451244e-07,2.9430531610339064e-06,3.4172272242618337e-06,7.403679554514102e-06,1.3932504203608528e-07,4.5351427457227626e-06,5.001653285066753e-08,5.200505486888745e-06,2.1977098208234408e-05,6.67652760748575e-06,6.631574138625458e-06,0.00010406178151750873,3.234249702359829e-06,4.859306415478848e-07,1.006953818160797e-05,4.702117188883358e-06,8.707295435795787e-06,2.6658353543340894e-06,7.542427137734856e-05,8.750831724749261e-06,8.28866022617811e-08,0.0,0.0001613503761779549,1.3606300720037352e-05,3.56049721437464e-06,5.057800898479705e-07,1.2085744445923846e-06,1.321501821577816e-06,1.3903114302608064e-05,1.975588381532304e-05,9.964445292744384e-08,9.2434537214424e-07,4.11038661798987e-06,1.9004517621799822e-06,7.272580163498049e-06,9.2780126206563e-06,1.5584025336306274e-07,3.855767847907154e-06,1.2699743733834542e-05,5.011210780756314e-07,7.263063768257755e-07,1.195894502931705e-07,8.128093293353888e-06,4.7314785252183015e-05,7.156373633150158e-07,6.381308662313981e-06,4.088922258523224e-07,1.9412165061458422e-06,1.1225671455899159e-05,2.619188340269029e-07,4.510453856426823e-06,5.024680284016457e-07,1.1435470204645402e-06,3.235714788063721e-07,3.479302570757327e-06,1.885676479512341e-06,1.785159649014363e-06,4.988799691119084e-06,0.00110530957556824,3.4500154840398803e-06,9.253494915212193e-07,1.5371503213048035e-07,3.207057100118539e-06,6.61136940690735e-06,6.833770854990461e-06,2.8498828168326523e-05,5.142898142423062e-06,1.1278209032968459e-07,2.2488598392656596e-08,6.561144065975878e-06,8.247499127630166e-06,1.3300412518794053e-06,0.00014250200805629635,5.9146613618503034e-05,1.6240754525166746e-05,1.7625072421452156e-06,1.114154735874448e-05,6.136178184474468e-06,0.00011007611462454844,9.301206095350727e-05,8.187388646703415e-06,1.0107036429814628e-06,1.5153038361304122e-05,7.87091453636741e-05,0.00027719315249831943,2.127901848117767e-05,0.0002677736525902343,1.4535194581025774e-06,4.6542411666351e-09
SJ510819,2.0342372200275947e-05,3.508001262885586e-09,1.4568174466180655e-07,1.991442106576338e-06,2.8063901825744573e-05,2.3242557821652844e-05,7.461697265718328e-05,1.2973689167078753e-06,9.114570607143371e-08,4.519090522680853e-07,2.031565441453667e-06,8.528440430337655e-07,1.2138446598550629e-06,2.344336397199133e-05,1.1043112207414395e-06,1.1748918189503063e-06,9.277119416435566e-05,4.66142778772203e-06,4.1021738397153404e-06,3.6737774743217385e-05,1.9054612024324165e-08,2.616486391839211e-05,1.344157824580253e-07,5.287297294513926e-06,2.5718823469078656e-06,8.490039836122679e-07,1.4973578008120027e-06,3.1808568306787815e-06,5.6364148585415135e-06,2.748193040078869e-07,7.402769912556825e-06,1.5092908735646736e-06,3.010473527358477e-05,9.209298981488782e-06,3.134181171959889e-05,1.7224476022555222e-05,1.0292458007807593e-09,3.351258624844033e-05,5.108685452695718e-06,4.232221851645728e-07,6.346808311059822e-05,2.342621412192494e-06,7.789721667056766e-06,9.612845840861303e-06,1.569261826227547e-05,8.5013836022007e-07,2.091150237320927e-08,1.0866322074229718e-06,0.0009263363266318669,0.00018607812836781567,3.945610769791979e-05,3.0416409786030316e-06,0.00024038890804427637,2.2545572340066048e-09,7.0013667996174004e-09,5.256378513052115e-06,2.538399585865074e-06,9.315314260230329e-05,3.2024770634744654e-05,8.484957699781996e-07,1.124504249511252e-06,8.390536461315313e-08,6.787392799175975e-06,9.194197839841591e-06,2.5803737108779573e-06,1.8614821068998232e-07,2.4630501062887665e-06,1.5944753145595363e-07,4.52696682109298e-05,1.3540231859797503e-06,5.727806338415351e-05,4.2773368061490105e-08,1.5603043583168652e-05,3.1523276271723816e-06,4.512653478813263e-07,1.0908514969385419e-05,7.254746419088474e-07,7.653034197435157e-05,4.363793033839348e-08,5.881519797151486e-06,0.00011016978912039649,3.2204398397100527e-09,0.0001613503761779549,0.0,7.087400733721134e-05,7.415407988667413e-07,1.2826789368879505e-07,7.92851849026728e-06,4.761641964399276e-07,3.3397110002766836e-05,3.058112668305844e-05,7.89852702164987e-07,7.043346495174964e-08,1.0013311424536308e-05,1.0715697415006611e-07,1.3450665921330394e-05,2.191758675898119e-05,5.699964064568592e-09,4.978980562719632e-05,4.419382729703723e-06,6.004437595620829e-10,2.3255132984861657e-08,1.0690830480183771e-09,3.124156881653127e-05,9.753722125205667e-05,8.146708996470446e-08,5.883403997003524e-06,1.737040512901175e-07,1.3471057042885032e-07,0.00020866955685022484,3.5716439053713826e-07,3.9703070185642205e-07,1.5794614612933651e-06,2.624550586118223e-07,3.801425653570166e-07,4.513226711161002e-05,0.0001803538410409561,5.6165755338732535e-05,3.1166323455775607e-06,2.630691315491333e-05,3.123870812126111e-06,4.5031907191947607e-07,4.999473546381948e-07,1.1251046222318651e-05,5.594075772677712e-05,1.5248487269015208e-06,0.00041191337018553996,3.389910779030345e-06,5.578302344771234e-07,7.8036284511846e-09,1.3614203598901117e-05,8.741699066337618e-08,1.366634316466811e-07,1.912328926990047e-05,0.00012200858355921694,4.585313553680213e-05,6.755141823378723e-07,5.6381614028554775e-08,2.5537799382061507e-05,1.8975564575045792e-05,1.499809502789903e-05,0.00014098066242897164,3.735094108924664e-07,3.478004772061051e-06,8.277002090374761e-05,4.5428579257553964e-05,3.867812414913159e-06,3.3817870950658884e-06,3.7371338548066194e-05,2.802492082871724e-08
EN213213,1.608270181221893e-05,1.101018958542397e-06,7.447776427720912e-07,9.559183879811561e-05,7.262153996127917e-05,1.1807999207151367e-05,7.011058928735745e-05,8.581724455685538e-06,2.3004883765691347e-05,0.00018284775962212562,1.8736378751209928e-05,1.8965948473467262e-05,2.5274818450866354e-06,5.455054085020839e-06,2.7287163935555336e-06,1.660193333837711e-06,3.32482012568652e-08,3.584050495663498e-05,7.623597776775265e-05,2.3573432576111165e-05,5.269916643157533e-05,7.732990605074236e-05,2.5862335780132232e-05,3.1192332137031384e-06,1.1184610278264824e-06,1.5907965223752672e-05,4.5188210461275115e-07,2.5753326995595022e-05,2.49905873367767e-06,4.404528263540406e-06,7.558195981377918e-06,8.252242482703608e-05,6.995921861867774e-06,5.603349015944485e-05,4.7229411360468825e-05,0.00046288538365808237,4.606962387041036e-06,0.0002337041109985573,1.2432486837743879e-05,1.6171096877599233e-05,0.00015548140145928317,5.168413303614189e-05,0.00019736648986550282,2.3637041170936077e-06,1.2517045100510782e-07,9.325061438932133e-06,3.6415996655830784e-06,7.115428878831335e-06,2.4221668980624932e-05,5.093230434598802e-05,1.0052497854444381e-05,0.0005894538263790584,1.271511001971326e-06,2.1181953452727326e-06,2.827691665674809e-06,3.079767041419921e-05,1.957958620210401e-05,0.0009955272070478738,2.618260090473294e-07,4.6315573520553585e-05,1.741106366511329e-05,5.039196393915957e-05,1.5006353015962438e-05,0.000421486407216812,7.4013390864575455e-06,4.598377965336729e-05,5.06321600906739e-07,6.534901184583496e-06,1.1789626538148267e-05,0.00013671329729792698,8.504367823830513e-06,1.1509756284520507e-07,1.8915206593638204e-05,1.7584346186012365e-05,9.289572322100209e-05,6.385892845133388e-05,3.0503833441956287e-05,2.5772631443509414e-06,0.00010805822941372233,7.640170691192532e-05,1.7536074611270622e-05,5.464840977546103e-07,1.3606300720037352e-05,7.087400733721134e-05,0.0,4.5625003694531455e-07,9.970393315374216e-05,7.390049058664944e-05,2.299960595640079e-06,0.0006138968975653755,2.1198875596992758e-06,2.2832066885544244e-05,0.00011611233959996091,4.93177595967481e-06,6.045947401948593e-06,0.00017101884721232584,3.003039149983304e-06,3.900832477988494e-06,0.00011347035471276399,1.11443222861668e-05,3.2400797313432313e-07,0.0001053134183413173,1.2654355004088092e-06,2.319979301735654e-06,1.2539671119759444e-05,6.90729434006012e-05,5.644111072255485e-06,8.037059542202977e-06,2.55801005000924e-07,7.716184726409162e-06,2.123091557895614e-05,4.5554086996585e-06,7.656737753323114e-07,1.780749175284125e-05,0.0002231677181876369,0.00036695714371660573,1.5793344616265245e-05,4.390149544536283e-05,0.0007744058260530203,2.7138321810541956e-06,7.820252952087087e-05,0.00017419405128691617,4.3390546730148414e-05,8.027532280212907e-07,8.258956477473123e-06,6.949292909588586e-07,4.658442873685166e-05,4.643677963034381e-06,1.1573088211686881e-06,4.99181184002085e-07,2.8250018836337905e-06,8.59580626408741e-06,3.3041889752654707e-06,1.8215289099711927e-05,0.00011635842262709348,1.4587769992879393e-05,2.3255383625354308e-07,4.3498376507499897e-05,1.0392160331647544e-05,3.2628766480096186e-06,3.4198903273306946e-06,2.0675804332894303e-05,1.024486178806769e-05,8.976866091246511e-07,1.0155234964568722e-06,9.87558652846753e-05,2.55372155833652e-06,2.2227718585764816e-06,3.1017411771651415e-05,1.8239504647280946e-05
SF197707,1.6336775993284106e-06,1.5662129318316733e-05,1.6287562015361538e-05,1.4259773680303833e-07,1.1778285472130883e-07,4.780741216525072e-07,1.7883195538726058e-08,2.122877584973571e-05,6.066984282841377e-07,2.5371853636044675e-05,6.767682485743442e-07,1.845775623769239e-08,3.69820250590904e-05,2.8470613556748394e-05,2.0575088059110087e-07,2.3948282165172027e-07,1.0218866997744573e-05,0.00011427542786664263,5.551787664284747e-07,8.928816207393988e-07,1.053187991753283e-08,2.4528912305442115e-06,3.176927240616471e-07,6.4882999972917614e-06,1.2818409461848676e-07,1.661794152087473e-05,0.00010027299285781002,1.742221174125667e-06,6.881811918107085e-05,1.145014732048362e-05,0.00023690413073843795,5.7630653825614844e-09,7.842931013704343e-08,6.42823871622179e-07,4.6432671153110894e-08,1.968422686278659e-06,2.3332153488013138e-07,3.7300177785007208e-06,0.00021490336454178046,5.819082917091068e-06,8.297879157517084e-07,5.940560398679e-06,0.00012748950368540998,1.90207797571765e-05,3.446503657338087e-05,4.993024755649244e-07,5.1868039768083965e-06,8.467096205441277e-07,3.9075846578961834e-05,1.8208269522865842e-06,4.983456149119356e-07,3.034387688491596e-07,0.0009330177172226974,1.4093460298480351e-07,2.4405519225554746e-07,3.432494140722123e-06,7.66473118131736e-05,2.4154279283611236e-07,2.599511224912641e-05,2.7927243403798874e-08,3.287314296211237e-06,2.34949542032527e-06,1.8328801733242976e-08,2.629997416259095e-06,3.3238509123903732e-06,0.00011701813330641224,3.172437758796017e-05,1.7273759156740786e-07,3.90739867148774e-06,2.4089076158693537e-05,8.333124252438597e-06,4.33804432204096e-06,1.8601422681506471e-06,2.2084184166892219e-07,4.800794331513559e-06,0.00039288266107732233,1.5375655098991422e-07,2.9183023531536294e-06,2.6576754195145173e-08,1.5814931237375596e-06,2.2482368464878853e-05,5.073418757843293e-06,3.56049721437464e-06,7.415407988667413e-07,4.5625003694531455e-07,0.0,1.1231784093041823e-06,5.259022205026539e-07,6.223870512418315e-05,5.513358377917887e-06,0.0003515480478730016,8.368435533932751e-05,2.2732414913132344e-06,1.6019168687239352e-06,2.654212610679866e-06,2.8798629137614064e-08,2.2624261553405215e-05,5.747307098071559e-07,1.2452368285479087e-06,3.82764065180336e-05,5.353220973762677e-06,7.358792394761424e-06,6.805412006019557e-05,2.7256891362346798e-06,2.045363444508739e-06,1.3713697937255284e-08,6.342673551035809e-05,8.753531876918641e-06,7.219634781574624e-05,0.0001650024542671802,8.054763212297808e-07,3.2206968201295216e-05,0.00017719759315982703,3.904622250202391e-08,6.365870416256001e-08,9.255514828500084e-07,4.6538371373825525e-05,3.352226565161135e-06,6.9950082507244225e-09,2.4773128280415905e-06,9.708569974685764e-07,2.8744478892205253e-07,2.5284636814038025e-06,8.467521717389546e-06,3.962868487013029e-05,7.577136263102432e-05,1.791659984645219e-06,3.5732171780711446e-07,0.00012122365671537361,1.0521166277936287e-06,4.323927107875959e-06,4.468584497057349e-09,1.3582693018876426e-05,0.000123388447224681,6.527666339370925e-05,1.3549568995455377e-05,0.00011850057535194663,5.2869800687487455e-08,3.0193439702070995e-05,0.000279881800392002,1.103755162969689e-05,2.3644450748428715e-06,4.050352241318102e-06,7.197690679798801e-07,1.1057097684344466e-07,1.0891846583152505e-06,5.467145342904423e-06,0.0001834552527823758,2.439472503540851e-07,8.188633409264148e-08
WW135442,2.8058447747470677e-06,4.993180164463837e-06,8.426581998120672e-06,8.926037158372034e-06,3.538546939697226e-05,7.827141226512923e-07,1.0731015120601314e-06,0.00012066250689276083,0.0004104190092617399,0.0001383448316726675,9.098379332296472e-08,0.0004578496053314012,1.3809801484744005e-06,8.313221102645863e-06,2.4797676277159702e-06,5.675291032422464e-06,8.832947448458252e-09,1.3276718941132784e-05,0.0004146227414493974,1.0453029151526121e-05,4.306418527115073e-05,3.600061959273973e-05,0.0015612529421277373,3.4843240644712386e-06,2.17778684394171e-07,6.597241623474091e-05,6.030580724776116e-07,4.760703450253418e-05,1.909194569061822e-06,1.4045673368462198e-06,2.1300576277439037e-05,3.77413026576806e-05,1.4301936418766509e-05,4.120082571802177e-05,2.11049852596813e-06,0.00031777091103745336,7.520468862638045e-05,4.219742262433383e-05,8.11051151271268e-05,2.465352002340982e-05,0.0002014223894834196,4.032067001817698e-05,0.00012847113250403125,2.8329050629640683e-06,8.83431420922505e-07,2.0412544565586286e-05,7.238901948657021e-05,1.1316109255199395e-05,8.174500668133058e-07,6.156568788690943e-07,3.436777974961098e-06,0.0003072449092984113,3.3497600434091224e-07,1.8074198239443622e-05,1.118593929582645e-05,8.492676786017524e-07,0.00011555569237391622,4.110128727522739e-05,9.917609562302405e-07,8.530066390290437e-07,3.303898669841363e-05,0.0001589117623573792,3.4455090370447665e-06,1.9761387785367026e-05,1.095141524940327e-05,3.5877729098088445e-05,3.228557409348031e-06,7.382038528033887e-06,1.0600646954123091e-06,0.00011297259983986524,7.753113717679622e-07,3.957795217565973e-06,1.8356279252729988e-05,9.349459063681623e-06,8.512838033076652e-05,0.00011484023779686752,3.2520212183126626e-05,2.793821518749877e-06,6.198194320826478e-05,3.0478752472144172e-06,3.84972941563969e-05,5.965897077955411e-07,5.057800898479705e-07,1.2826789368879505e-07,9.970393315374216e-05,1.1231784093041823e-06,0.0,2.052926465914877e-06,2.8198214344138562e-05,0.0003228474841204537,7.461659335344713e-07,8.620988795044755e-06,1.5428052974623798e-05,7.360115905430806e-06,6.135744537343935e-06,4.5484071046175667e-07,7.370156862431883e-07,7.756191064443391e-05,4.241775058363782e-05,3.606490182163865e-05,4.490401708625573e-05,1.8329473519570153e-06,9.37412309600505e-06,3.7239951131393337e-06,4.191416537356578e-06,3.564053701318148e-05,8.264558298680687e-07,1.8735514958351242e-05,1.6155819417262772e-06,2.944847263274148e-07,3.980722951257234e-05,7.397839887673648e-06,9.815012754449615e-06,3.222272927004605e-06,2.0502228125866184e-05,3.8265445123946464e-06,4.574024405966371e-05,1.2386573465976347e-05,2.957125849878596e-05,1.2345646719035886e-06,2.265864586568853e-05,1.1879031849353749e-05,1.2706867297422351e-05,4.6477345657376084e-07,2.108943745517204e-05,1.2519731583895477e-05,1.0078466786394e-06,1.6884077999352654e-06,4.7461479241091835e-07,3.5589410970730104e-05,6.524688871338364e-06,8.94628219774996e-05,3.3217771716680146e-05,8.568867590467088e-06,1.143530666177765e-06,6.997574368997098e-05,4.5476830108718073e-07,6.888297389165875e-05,2.7077918124826746e-07,5.5562665953964466e-08,7.140457081076673e-07,9.815597872458771e-07,1.0938444437219563e-05,6.957183614949996e-07,2.699843013689658e-07,1.2174722149435483e-06,1.5984911706749932e-05,5.133620697008654e-07,4.236881081218761e-05,1.736537878538165e-05
PA751345,2.8304543998880748e-06,4.898169678897168e-06,7.489277837267045e-05,2.149045139897293e-06,1.0596827584403955e-05,2.936389479766056e-07,0.0003737186528253646,3.6708469448512576e-06,2.5180579694755604e-07,6.8167837331948174e-06,0.0001233744148538337,2.705137952148352e-07,7.968851639013307e-05,6.23599791561588e-06,1.3918589149369484e-05,4.7639334054798906e-07,1.4589195465023724e-06,4.801312670961482e-07,3.1530275382035736e-06,5.027017701330973e-07,1.657772567713449e-05,2.841560165633645e-06,1.8227257526800622e-06,2.491405443597427e-07,2.973206825834873e-05,9.249174890921189e-07,1.5055516430768455e-05,1.8622336945458082e-05,0.00025449716501955776,9.726061861875507e-05,1.7516321653943087e-05,1.2918756390786533e-07,4.345869435578892e-06,1.8346751231297414e-05,0.00017671943591025295,1.1357917465108254e-05,4.820070039553109e-06,1.541029954429461e-05,3.5536842238402704e-07,6.326496520062113e-06,5.453694662277443e-06,0.0001445658422017512,7.070667437610934e-06,5.172094425626713e-05,8.30510938509695e-08,1.8448076183912473e-07,5.47257863610036e-05,9.28458102460419e-07,4.446586149601136e-06,7.991499757325928e-05,9.691747576804307e-05,2.2110314707699975e-06,9.223500313082685e-06,4.307132575298081e-06,2.9257961451421676e-06,3.801246577176364e-06,6.270785640906946e-07,0.00030636086486558604,1.3508877198102158e-07,1.5499306781160342e-05,3.924381854538465e-06,2.9272238280502144e-07,4.263156491323879e-06,4.7964763759666155e-06,0.00046028355104225704,2.3210816549305747e-05,4.929220219077431e-07,8.290424748662739e-06,3.48066376978087e-05,1.0184791733855089e-06,4.159748193144795e-07,1.885285172868101e-05,5.722648574033683e-06,1.0699647835556781e-06,0.00010841070417157627,3.8509633064340255e-05,3.44580584260938e-05,8.241029055616573e-07,8.26756357002443e-06,1.832114226024989e-05,9.261204774279313e-06,2.1553583132306035e-05,1.2085744445923846e-06,7.92851849026728e-06,7.390049058664944e-05,5.259022205026539e-07,2.052926465914877e-06,0.0,4.35887305751689e-05,5.7862558850316536e-06,1.1605117543824149e-07,0.0003081099317503539,7.02758360327048e-06,0.00015592397212240225,2.2974964468146468e-05,0.0003925754325806174,4.959468573387184e-05,1.2024585212860285e-05,1.8290647134791257e-06,1.6405310701414207e-06,4.790271126105037e-06,0.0003097153145226939,5.76478996630775e-06,1.0706696710829613e-06,3.944331588336822e-06,1.1823869799462857e-06,7.576684743531378e-06,4.6500447930521783e-07,2.2906878155719775e-06,2.7321644730550887e-05,1.8694535040580553e-05,1.0077736241527347e-05,6.767882696144065e-06,4.3912756822093326e-05,7.660803057370963e-05,9.390161831434553e-06,5.0368122168652015e-05,1.469403191981392e-05,5.078163644197934e-06,4.957881447238634e-06,0.0016610641345670273,4.119158301475588e-05,1.8336634132757903e-05,5.947242725373475e-07,4.977242199251584e-06,7.985749823969588e-06,8.235756176155719e-06,1.6926165968112553e-06,8.822834710777297e-05,2.151639571448132e-05,7.678732472591022e-05,1.6366617403133585e-07,4.934927127340673e-07,4.693317305145235e-06,9.486928904331717e-05,1.462398778247656e-05,4.5292185505254316e-07,1.026547581076389e-06,1.3984216133885668e-06,6.639015795937282e-05,8.936410232267143e-06,4.938424682403774e-05,6.12724727658067e-06,5.340158257656922e-06,2.786458232827857e-06,6.23265360658354e-07,9.10417416035601e-06,1.8057476001787257e-06,7.381951280642762e-06,1.5294078747612804e-05
II067440,6.151302342957767e-06,6.762313347923456e-05,0.00010374263475971704,1.720438528343255e-08,4.625076001693624e-06,2.5023683579543536e-06,2.8513161622118155e-06,8.957535492710459e-06,1.775101386265483e-06,2.3386354504075e-05,1.6174492789701697e-06,7.102161616893478e-07,5.2883131313343745e-05,1.1821935393923997e-05,9.76859909072704e-06,1.6865489237207994e-06,2.204506434297905e-05,4.163732544410695e-06,3.0505723809716248e-05,5.180252435771674e-07,2.685054372902075e-06,2.101682210274641e-05,5.84566939782114e-06,5.465371532775908e-05,1.9501542100109043e-05,0.00023542623947504055,2.4356838816558163e-05,8.276246098846915e-06,0.0004699672096098981,5.989044209938006e-05,3.938464662981097e-05,2.2452099833209679e-07,2.1622383853492622e-06,4.632099521344009e-06,2.0727304332287378e-05,7.483868982162221e-06,3.255185461588605e-06,4.4611741545361035e-05,1.4341082755458919e-05,2.7250769717188084e-05,4.599523042743781e-07,0.00010772022805723979,7.354795903837471e-05,0.0001511501281920075,2.984781623565953e-06,9.873237612687447e-05,7.624394762878763e-06,0.00012603023535621315,5.4120676980694976e-05,5.765683872332183e-06,7.113333813841332e-06,1.458907872745206e-07,5.2644922622465616e-05,6.875218308635537e-06,1.9830346548879215e-05,3.7689381419225157e-06,4.5822376162007265e-06,9.284802278225667e-07,1.1729924430368456e-06,7.942428780612736e-08,5.513046106023429e-06,2.7276278930263515e-07,1.1188031648997468e-06,1.5831338576070925e-06,0.00010729669462327301,2.961293709211567e-05,1.9285011591542844e-06,7.147869825206025e-06,3.709873974855266e-05,1.4291919211232486e-06,5.081403571861679e-07,0.000116778952195546,9.258156955677318e-06,3.7280621269255994e-08,1.1698296780351324e-05,4.3516317728633105e-05,5.627460887472919e-06,9.794324234142451e-07,6.654828203239555e-07,1.2737421670573242e-06,8.772592795057618e-05,0.000147682060779444,1.321501821577816e-06,4.761641964399276e-07,2.299960595640079e-06,6.223870512418315e-05,2.8198214344138562e-05,4.35887305751689e-05,0.0,1.0117133787637703e-05,2.627910582477716e-06,0.00035307100618426577,8.493276522453328e-06,2.6144842442005132e-05,3.1676190927306205e-05,1.0209853788524041e-07,6.46777100800748e-05,1.3951462273903865e-05,9.036252482725068e-07,5.4389264382643405e-06,0.0001267685903697655,3.0224208360712954e-06,1.2342796064289205e-05,2.1824344019972607e-05,4.24025505037818e-05,5.111668592907381e-07,5.3851138713275895e-05,2.175471211171637e-06,5.70183053331625e-05,2.7100202351198955e-06,1.8097133142273356e-05,0.0018881550042606995,1.3246675751189546e-05,6.708999070055385e-06,1.5531903456288367e-06,8.265694873200385e-06,7.733890493547078e-05,2.914508758479123e-06,3.449758516204612e-07,3.3397472707040264e-06,5.780708213854605e-06,0.0003603221583700384,8.641326859853747e-06,1.9965004215593242e-06,1.5198893259387916e-05,5.699576420381932e-05,6.530178277353682e-06,2.6384217427078686e-07,1.8785553936743216e-05,0.00011430500526977211,8.263104428057053e-05,2.6350270281200687e-07,4.123176177378108e-06,8.009657369358968e-05,2.8240273994568412e-06,2.81939831314943e-05,0.00012995837445559224,6.620454549362133e-06,1.2130140054135258e-07,3.377226697028676e-06,5.100577205024352e-06,7.47842873821311e-06,5.48561767169056e-06,2.5384281158452586e-06,6.381791475410787e-07,2.9146406936212007e-07,3.0031102901429186e-05,1.6342926508328866e-05,2.763872962848221e-06,4.5740174999654446e-06
VP052641,1.1568722242508542e-05,3.97793654721671e-06,1.5269923483320097e-05,3.45293731854147e-06,0.00013152428919433362,1.9258374760551128e-05,5.539797529973365e-06,0.00013283633779515773,0.0002689396362067253,3.222202139770208e-05,1.0516205270483415e-06,5.468698424549428e-05,1.3201610340009501e-06,4.1790410326941646e-05,9.580172073005216e-06,7.904201496908954e-06,2.5895287959858374e-06,4.121513482849139e-05,0.0003517843982569178,1.206711347570545e-05,8.775816970945581e-05,0.00011046693379044274,2.827519419066487e-05,1.9562271443565525e-05,2.071562132533871e-06,0.0006265869464026273,6.700962483480289e-07,3.3332716173766503e-06,3.659946354917785e-06,2.51350555121654e-07,0.0004147050428686205,8.563098194581624e-05,3.6050670083338714e-06,8.701010165762376e-05,1.9595260289334807e-06,0.002018577465500559,1.4459581129396591e-05,4.889847852394423e-05,4.508581028311891e-06,3.5315560248679124e-05,1.866921570622563e-05,0.00037869713346750034,1.4972286899384502e-05,4.021411913851169e-06,3.333577438990523e-06,0.0002541547687965636,2.383320276946069e-06,2.735882444292111e-05,5.91591348472106e-06,6.272832751259289e-06,5.381321394924073e-06,2.2889656869032512e-05,2.10619532212538e-06,1.6128255947263546e-07,6.800683611889448e-05,0.0001609014394823386,5.8394613041469155e-05,0.0003335128078205784,3.218592117813046e-06,3.1862638562478394e-06,1.5436845312937502e-05,3.2589563205861826e-05,6.996036532242452e-07,2.8863342674829763e-05,3.9729168088857945e-06,4.8506129575843656e-06,1.564930213001363e-07,1.180030676555392e-06,1.9508402817385025e-06,8.259004767324558e-06,7.730777235597474e-06,1.0759651701163379e-06,1.206067208364092e-05,2.1925335210812983e-06,2.9109319110017956e-05,8.178928559162814e-05,5.6473971702215564e-05,2.3000808915765898e-06,2.5681616858376e-06,7.396020167530155e-07,0.00021424201152771835,9.434464783544198e-08,1.3903114302608064e-05,3.3397110002766836e-05,0.0006138968975653755,5.513358377917887e-06,0.0003228474841204537,5.7862558850316536e-06,1.0117133787637703e-05,0.0,2.0352090474113167e-05,7.846279351177274e-06,5.906293211608486e-05,7.868031759077388e-06,1.614295068611569e-05,2.100811028455963e-06,1.587319673023284e-06,3.5360145762364396e-06,3.660497266343602e-05,8.483368969627437e-06,7.886621446130604e-06,1.7270625113033835e-05,4.0597041100462224e-05,3.998294582591828e-06,7.1469655837914885e-06,6.7295204445037565e-06,1.1315828187810625e-06,2.8860305225039685e-05,2.2798921056144634e-05,5.669949692083281e-05,5.968265506142436e-07,1.3008156722118596e-05,1.006961533831088e-06,1.4213185147290978e-05,3.6184828066169315e-05,3.660285272248131e-05,0.0003445982512230428,0.00036506378652887295,2.1797771191979117e-05,1.8468939876685692e-06,4.457591706822087e-06,0.00013848794016143172,3.27471116862264e-05,5.767193131290172e-06,1.0130997745488102e-05,1.4510435040780194e-05,4.723635545168327e-06,8.086033373558917e-07,3.7402272167036805e-06,5.593585138539051e-07,2.3352351530315483e-05,4.359525873628366e-06,1.7637277827761713e-05,0.00012800618517362107,5.854442481210587e-05,8.366628716013307e-06,3.442424606392378e-06,8.202916536039591e-06,5.936226137590168e-07,4.892931386787502e-06,9.674239023809793e-06,6.532103145712241e-06,1.6104547660107948e-05,1.6192805001951652e-06,2.9059152728052476e-07,2.5578648736381897e-05,6.70226700318718e-06,2.2210628725211364e-06,5.709621693161329e-05,2.830543144151322e-06
HM132375,1.7189433801640391e-06,2.9435784429391414e-06,3.9534112698896766e-07,1.8700399206985795e-07,8.823644052810582e-06,1.3654710336327977e-06,1.9500437134796002e-08,2.2690929556328122e-05,9.533505958944748e-06,1.919856154992881e-05,3.7944945877660117e-07,6.496324055672709e-06,5.130975263202682e-06,3.539733294427639e-06,9.251586023194326e-08,2.551793712558405e-06,0.00010434172728147393,0.00012158506487517443,6.261089000522606e-06,3.5173143590824628e-06,5.819860668770829e-08,5.227262444295552e-06,1.126247396558471e-06,4.272906368120492e-05,2.92383813724343e-07,3.31508847754572e-05,1.5869111105962581e-06,1.2320765867475536e-06,1.9390216714978274e-06,4.998788211615239e-08,1.4322971547191685e-05,1.0990399957877344e-06,5.542222386092512e-06,6.62913588593604e-06,1.3235161291139812e-07,3.3492258746881407e-06,5.249486243527671e-08,8.648334128232219e-06,0.00011484108582666959,4.346655472352414e-06,1.4363730643975843e-05,1.2536997565349829e-05,4.6680309965117665e-06,1.1668616630375021e-06,0.00011628021705113289,4.941757687500205e-05,2.0590074228784578e-07,3.6371694329527106e-06,0.00011824619792866873,1.9675809511296084e-05,3.9926829003884413e-07,3.637336177159013e-07,5.319717663702247e-05,5.868211372177366e-08,2.0196390014435734e-07,5.746989433691322e-05,0.0015216118788701535,3.728356839001006e-06,0.000252209713672193,4.2079018532306747e-08,8.88247186251316e-08,1.708332370451962e-07,2.6349419644012895e-08,1.6303699986647794e-05,6.027472306108418e-06,7.594291607691289e-07,3.565168249491079e-05,5.038275355736548e-07,8.119521898378614e-07,3.547489181408819e-05,4.105720157787171e-05,1.9260184562337424e-06,6.01451122351704e-06,1.0771864816902705e-06,4.442398084516108e-07,1.6292549942127243e-05,1.309111267647894e-07,0.00015990051675089802,2.8725743528493707e-07,6.117011763112382e-07,7.128459684373666e-06,4.1383073508242913e-07,1.975588381532304e-05,3.058112668305844e-05,2.1198875596992758e-06,0.0003515480478730016,7.461659335344713e-07,1.1605117543824149e-07,2.627910582477716e-06,2.0352090474113167e-05,0.0,4.333237710819949e-06,1.2429804343498642e-05,6.732782021325593e-07,3.850254812838303e-06,8.830794251939048e-09,5.559365915837051e-05,1.4193426916523582e-06,9.492964985069215e-05,9.77465068418452e-05,2.1547405291234075e-06,1.085184058667638e-06,1.535278304815409e-06,3.0286300372396892e-05,1.337252773962576e-06,4.201498006152712e-08,4.874751823168424e-06,1.0826754436464067e-05,1.2356335806582392e-05,0.0001382426044259933,2.496884944120078e-07,7.81013456359899e-06,5.784037788277663e-06,5.482886784302709e-08,2.2802877572676604e-07,1.187606233030769e-05,2.8589370415473468e-05,4.57130476515967e-05,1.8923914250929394e-07,6.976633950987682e-06,1.7263831235820037e-07,1.8750175380759187e-07,5.647806765216664e-06,2.0114020078791397e-05,9.62051116592238e-06,3.479342808082317e-05,3.355062971380734e-05,8.142979384043666e-07,9.49256776451344e-06,1.867528609390729e-09,1.0405530365333102e-05,5.410704640796073e-07,1.1439217756849843e-05,7.64339824677289e-06,1.1926454236407171e-05,1.599253529724757e-05,0.00046046868425951494,1.8151352598919752e-07,1.3473431119830148e-05,3.137930702721348e-05,4.0163168101742055e-05,8.78038534471669e-07,7.485464211247447e-06,2.4386044587818907e-06,4.964975983092598e-07,2.6289109633100323e-05,1.2896352976271675e-05,0.00013318177499226967,2.0613534356835253e-05,9.7903148959934e-10
LI971013,5.979613514903383e-07,6.338576241537811e-05,6.389323669601405e-05,1.6223073669946225e-06,1.70435083811252e-05,4.1372298699261457e-07,3.9500093993977465e-06,7.100295453934859e-07,1.0973580195895156e-06,0.000138646235446208,8.61899832013682e-06,3.6401463061168003e-07,2.6640356831562083e-05,6.756119052019276e-06,1.0404529953042338e-06,3.232185982124539e-06,3.0578106010302886e-06,2.5582455392098895e-05,2.014317920898637e-05,3.4183119012929915e-06,7.417408305084247e-07,5.318372710306635e-06,2.024700853471375e-06,6.654730262494409e-06,6.772927043073984e-07,3.6518788186337354e-06,1.1478350495205719e-05,3.52591149320889e-05,1.827424618757375e-05,6.0002186909707485e-05,0.00013385869999794475,3.5148488328472814e-06,5.320424174095095e-07,5.0336987563804465e-06,3.870699954932396e-07,2.2047934466656728e-05,2.4345070122083675e-05,0.00039089982813691343,8.259757779337985e-05,3.393765373122594e-05,1.3483516034463853e-06,0.0007669108371460102,8.987933071423959e-05,6.179501378142134e-05,1.2931123562511125e-05,7.014030895009949e-06,0.0017235666877557605,1.1093376546643065e-06,6.578287326741069e-06,0.00014570703051644565,3.825835878439366e-06,2.1058317097357645e-06,2.7670872762383774e-05,1.0571629839582001e-05,1.411080960329996e-06,3.859503086785021e-05,2.2182305383124772e-05,3.067670086724405e-05,5.595843143229215e-07,2.2963965487538063e-06,6.397610379230153e-07,6.654716228278743e-06,2.4553700372093788e-06,3.8529505788380894e-05,2.8732864271446025e-05,0.00014673184622975493,1.4377714773104184e-05,7.501335833979251e-05,5.590654643904821e-06,1.7840550346256437e-06,1.3311775576961068e-05,3.647754552656067e-06,1.0934881058037395e-05,1.897489674751963e-06,1.4394551238360638e-05,1.0357896194521425e-05,2.1788064684434606e-07,4.796185601639253e-06,4.1724983772585515e-06,3.842968852266977e-07,8.143015632925142e-05,1.7678884192433947e-05,9.964445292744384e-08,7.89852702164987e-07,2.2832066885544244e-05,8.368435533932751e-05,8.620988795044755e-06,0.0003081099317503539,0.00035307100618426577,7.846279351177274e-06,4.333237710819949e-06,0.0,3.4212149756874264e-05,4.952135541683918e-05,1.2561932835597842e-05,6.93550743411949e-07,3.9615177260096615e-05,4.360354726088827e-05,6.214286333503182e-06,2.056697492787615e-06,1.628135455629348e-05,1.9241017523586e-05,0.00022931881778739634,3.260398360392929e-06,5.819816790123614e-07,5.050513219602155e-07,1.2042109272264115e-05,4.9381755613339016e-05,3.892980307819302e-06,6.11422494095575e-05,6.293321151764831e-05,2.467694223199083e-05,0.00012665913547511902,2.380409385423297e-06,2.5101800711728715e-05,1.2428277634043409e-05,0.00011816024988254029,7.437646965528831e-06,1.2099641252124058e-06,3.6430265198412616e-07,2.5888981758839437e-05,1.2936903618232558e-05,5.5990961135269366e-05,1.5103444513550008e-05,1.6885381830647753e-05,5.204914559083485e-06,9.260082491581294e-06,1.9061880007683593e-07,0.00032143898568450825,4.323167838500648e-06,2.5356232394999555e-05,2.0305854407785725e-08,1.0851664488786383e-05,7.62854428745605e-07,3.9326369283090776e-05,1.5315041470202857e-05,0.00033735362486215283,9.728903241419577e-07,1.0812689380371128e-05,1.4797715517661338e-05,4.789805454057338e-06,1.665296704202479e-05,4.690263109123162e-06,4.318325060557338e-06,1.8407976702875173e-07,1.4202666530745737e-06,1.2218164034788007e-05,8.351063459004461e-06,2.641984997398051e-06,1.677713992079413e-05
TZ848437,1.681308675433501e-05,5.505504298129534e-05,1.382971412398704e-06,1.0400175571468434e-05,3.065130860826387e-06,4.345191451393557e-06,9.080177386080928e-06,1.391948297601045e-05,0.0015722694695505673,0.0001418268691964928,5.895043712718807e-06,1.55949938619317e-05,2.0448283654217663e-06,1.6393644691766752e-07,4.777518281967662e-06,3.317758013969322e-06,5.042816508169647e-07,1.4592320855639265e-05,5.89635381345418e-06,4.532725203851072e-06,0.00033241751036490236,1.3288880711950617e-05,7.545062117868409e-06,1.559567379814585e-05,1.7965279773420908e-06,5.8544413659424254e-05,2.2510117088623683e-06,5.292178952908815e-06,1.541596336313274e-07,6.29448569682948e-07,7.959918573453103e-07,2.0198789812847037e-05,4.271227318101379e-06,2.2533301519631426e-05,5.914670734914608e-06,1.9622235618034235e-05,2.4605064095046005e-05,0.00018666835484846674,4.491155192040425e-06,7.273640396911399e-07,3.091720117041373e-06,7.932743868567938e-05,1.5295067773583944e-05,9.720506355016029e-06,2.6528518098915493e-08,3.458471655428927e-05,1.349242628815031e-05,0.00040279038725983817,6.585759678194161e-07,2.612294238319877e-06,7.162643297706122e-07,8.860485456560413e-06,1.5680638913696033e-06,4.9084123083167036e-06,5.823002947416831e-05,1.353679966988939e-05,4.635361742302918e-05,0.0001648888203813427,2.1745998223856903e-07,3.941119377105416e-05,6.8286774879729144e-06,9.824749792253223e-06,5.241830105992447e-07,0.00013328310900595735,1.6131399097801875e-06,4.9430342181218865e-05,4.115103053575594e-07,2.3124304100921585e-06,1.1863295879304821e-05,5.993728515919991e-05,3.0802021013238315e-07,8.975655260681e-06,4.691805467271553e-06,2.876538926243489e-05,4.398247620629621e-05,0.00021599194060900254,0.00021547852518218993,1.0861546378558357e-06,0.0005740725341608528,2.0591058570871907e-05,1.9224891323973548e-06,7.5478992347433076e-06,9.2434537214424e-07,7.043346495174964e-08,0.00011611233959996091,2.2732414913132344e-06,1.5428052974623798e-05,7.02758360327048e-06,8.493276522453328e-06,5.906293211608486e-05,1.2429804343498642e-05,3.4212149756874264e-05,0.0,6.341118427206216e-07,5.585841166649134e-06,1.9862268467988867e-06,5.797393724325775e-07,0.0004075206615249626,6.569803791186159e-05,3.223930539959375e-05,3.712345799813298e-05,0.000126078863015448,3.04676198654598e-05,1.4762480884299212e-06,2.0425427435492487e-07,3.087802600691302e-06,1.5464233393011786e-06,5.096834556553651e-05,1.633121126794961e-06,2.7907768344990926e-06,3.0013753572065118e-06,6.175031836355193e-05,1.7992409079552982e-07,1.704061407850342e-05,7.2039958298923e-05,4.99368564804335e-05,5.741220232130648e-07,1.995933220467093e-05,2.4717610933563942e-05,1.8199237626210885e-06,3.3362715440831306e-06,0.00014835007818812676,3.614275059239507e-05,1.5953023166858837e-07,7.31673814646292e-07,3.620537868875646e-07,1.3663263359858585e-06,5.9381913689722585e-06,5.995504704102365e-07,2.3830386441458914e-07,2.5083088163480738e-06,6.749806665189849e-06,9.245882335630856e-05,3.964490146911516e-07,1.4334310223299898e-05,6.309617305918368e-07,0.00010257954215626447,0.0002333282449580297,5.986174853945109e-07,2.772504954767904e-06,9.075106532000895e-06,8.489564059479724e-07,7.763962860356802e-05,3.292196713022257e-07,2.9883872958793837e-07,1.7672541634607455e-05,8.922303366544735e-07,1.2311323880094551e-06,3.556054629301383e-06,4.422135145213731e-06
ZR069649,9.408883164793413e-07,7.713387674775555e-07,1.391944233450958e-05,4.531160594141827e-07,1.0430743454745266e-05,2.157933349815903e-06,2.795247843978651e-05,2.4126078065040952e-05,3.7146141453888588e-06,1.1760076490696318e-06,2.7760092289065362e-05,3.253230854971155e-06,2.2522742562692713e-05,0.0006125256521383038,1.3575191839250428e-05,0.00020333873081957777,0.00016587294257210212,7.68886781693372e-06,2.7456843361624846e-05,2.550812630067031e-05,9.181451495432292e-07,0.00027481752564310994,4.1283311309231504e-05,2.0448418092000567e-06,1.675639619533761e-05,5.511220739963797e-06,1.0997729755426438e-05,4.269423277014471e-06,0.0002303697071741582,3.325693517703803e-05,7.47416875344203e-05,3.182060148481461e-05,5.55123695822448e-05,7.779089009432786e-06,1.3444193845309188e-05,3.141502882684121e-05,5.47747166508232e-05,1.3449895288152605e-06,9.112859769907926e-06,0.0002726781199473328,3.549655812656263e-05,0.00010275811888303149,3.3309728005981636e-06,1.8438451571698883e-05,5.5516345465092414e-05,5.140961159571483e-06,7.83087913188853e-05,1.9864141041428115e-06,1.9512766506259755e-05,0.00010181954135540387,2.9553791603686928e-05,8.44115307668492e-06,4.2444841491682425e-06,3.957746875881003e-06,7.839829527786829e-07,1.7952705230705889e-06,1.9504478661159853e-07,9.882075353611249e-06,1.2620717574541317e-05,1.0443379767468717e-06,1.0934775745610185e-06,3.635660538396094e-06,3.46101233246735e-06,2.531232562470017e-06,2.0975245320166597e-05,2.12289826119869e-06,5.22936067243199e-06,0.00010547490624359113,2.371916435712533e-06,3.158432943385879e-06,7.784045216955912e-05,5.121902486505274e-05,6.877790573051072e-05,2.005277048042826e-05,7.671334141315621e-06,7.842574943321338e-06,8.974235950676843e-07,2.4244954198136785e-05,3.071733187940804e-07,1.4279505594221917e-05,0.0008461756111223345,1.4419984381769763e-06,4.11038661798987e-06,1.0013311424536308e-05,4.93177595967481e-06,1.6019168687239352e-06,7.360115905430806e-06,0.00015592397212240225,2.6144842442005132e-05,7.868031759077388e-06,6.732782021325593e-07,4.952135541683918e-05,6.341118427206216e-07,0.0,5.105380642972129e-06,3.0934869979776194e-06,0.00015820153455382429,7.340727399099965e-07,8.45259587055754e-06,1.0001741913850625e-06,3.516716884750495e-05,6.34856418658019e-05,4.541987493692905e-06,3.499732137646159e-05,6.947262522852258e-06,2.9432270902097722e-06,1.534577794103022e-06,2.831227754634017e-05,7.258965567698493e-06,5.0879995919843466e-05,3.953773308097438e-05,3.275589862658277e-05,5.7644580142666646e-05,2.2421703666397464e-06,1.8444043808399628e-05,1.7048553348446085e-06,6.640513803899904e-05,3.5463428930861406e-06,3.62463157291796e-05,4.908835711352131e-06,2.848810210213406e-05,1.0861116549283105e-05,1.0319836311428476e-05,9.504245256325352e-05,1.2784078977469968e-05,0.00029662517435068554,3.965164893736567e-06,9.563477443071479e-06,1.138737571345494e-06,0.00010344390996238328,6.44436719891611e-05,2.139542586759207e-06,1.8835925465474866e-06,2.3134240386632308e-05,5.070340159325165e-06,1.0656027203507548e-05,7.148504026681358e-07,1.1374087386603016e-06,7.810890042285224e-06,0.0003221411951009934,2.4725836986035426e-05,2.6192635234957798e-05,3.907491418869466e-06,1.2288683062401702e-05,2.1765623721518162e-05,5.40359848197004e-06,0.0011829353875194234,1.9190245266319194e-05,0.00016024595750369574,9.47016096422035e-06
FM460543,2.10935779271125e-05,8.953015150884843e-05,0.0008922548756300107,2.3500193123457607e-06,1.6063525301711006e-05,2.0747150359147164e-05,2.8204061567057225e-06,4.096494899326931e-05,7.182152324008164e-06,1.5757147616185445e-05,0.0003602413990411186,2.9684946142199747e-06,8.838931915977998e-06,1.2001311268974076e-05,2.5337489271601185e-05,1.1965146786788573e-05,1.7322865827509588e-06,7.823066881174863e-06,0.00018028273234064506,5.250943353285986e-06,7.891617751438346e-05,3.719973338618179e-06,7.675890148384998e-06,1.5868842110027047e-05,7.890286116763236e-05,4.209833334204412e-06,3.7083576267682604e-05,3.383293138761236e-06,3.185314960577862e-06,5.827940840463575e-06,0.00016224188394554912,2.6111314961952104e-07,1.8610311190908304e-05,1.1680376549818985e-05,6.934191643922015e-06,3.827884375902312e-06,3.2030871288176986e-05,6.554779459730153e-06,1.1847427935505881e-06,7.265347987421732e-05,3.2648727235687167e-07,2.5866070979597694e-05,5.972754638611834e-06,1.0275662500271125e-05,8.924941381491361e-06,7.06976728370321e-06,7.509193038316523e-05,1.9299502088725837e-05,1.6787465908794416e-06,3.053157850186169e-07,1.311594518466061e-05,2.651336330840175e-07,2.5712153506891118e-05,0.00029611956884905495,0.00017279165380293675,0.0001346620129561088,2.2669281678439375e-05,4.606949545156121e-06,5.25380705729647e-07,2.4268936303847048e-05,6.291329094749134e-06,1.406826642108247e-05,1.382192931016243e-05,6.97402889400636e-05,0.000113012498691507,1.0759501220982048e-05,1.0937698790693864e-05,8.205618591501283e-06,8.986083586217339e-06,1.6550528067413458e-06,9.318365565861837e-07,4.479365338690316e-05,3.5119287118589924e-05,1.0210961232886356e-07,8.963830138941741e-06,9.916448270475194e-06,1.581369422364647e-05,2.9760513126751666e-07,1.8708326615530535e-05,1.4766644791065243e-06,4.166305150503154e-06,4.046061445343589e-05,1.9004517621799822e-06,1.0715697415006611e-07,6.045947401948593e-06,2.654212610679866e-06,6.135744537343935e-06,2.2974964468146468e-05,3.1676190927306205e-05,1.614295068611569e-05,3.850254812838303e-06,1.2561932835597842e-05,5.585841166649134e-06,5.105380642972129e-06,0.0,6.759334428718053e-06,7.0349268487456306e-06,3.3679624273864426e-06,2.2353379368242554e-06,0.00018972626120341012,0.00035299371769758443,0.0002494839702454541,0.00014551462811299978,3.3066226153562707e-06,4.216681801743229e-07,0.00011346484742081245,5.541761978045107e-05,6.013588000140363e-05,8.229001932843539e-06,7.501880085509083e-07,6.159452182469057e-07,9.592594592320962e-05,5.984859396317369e-07,5.527698903064204e-05,7.461504917371954e-06,2.608211061818282e-05,2.857053878161254e-06,1.8878906320257055e-05,1.9175814747922303e-06,6.396403775392267e-06,2.7157300980290683e-06,7.263557035602798e-05,0.0008906336631141633,3.392425074538772e-06,1.2841279659961616e-06,3.8489527937746515e-06,7.490146895244162e-06,9.52106701576258e-07,3.9160417568297754e-05,2.7272858154056488e-06,1.91331195286842e-05,5.836290367958889e-06,2.7241270126718996e-06,4.4237568012836524e-05,8.706459998106129e-06,3.2160136054040473e-06,8.405377459708297e-06,1.7004170489643956e-06,7.058579359003004e-06,5.369638441434337e-06,1.2718294218131396e-05,1.8783123463559332e-05,0.0002114801576087213,0.0002817852435554492,1.0785273139342305e-06,4.0274719251860555e-06,1.0599919342304424e-05,0.00013282778561843738,1.8918765810076602e-05,9.819522950531542e-06
CF470157,3.8178908498412946e-05,3.5672456347676184e-08,1.2820903153589189e-06,3.149100933746655e-05,2.816893354785771e-05,5.704233479651594e-06,0.000283345318446848,1.6529349345506565e-06,1.2052525551222017e-06,1.7967200989113864e-05,9.260753033180584e-05,1.2925001573273617e-06,1.2966991792331495e-05,3.884362899419209e-06,9.287203610670336e-05,3.701178828454032e-08,4.7990860543033416e-08,2.2136754960358893e-07,8.98169917488419e-07,1.9294794948393176e-06,1.026823827340658e-05,4.759436180821243e-06,1.0411369800023217e-05,6.756204055952022e-07,1.0349559748483514e-05,9.34834401320245e-09,9.815559797924714e-06,6.3199716442950196e-06,5.585092131516028e-07,8.119166326523426e-07,7.828635031103816e-07,2.307668533534337e-07,1.303666846387598e-05,3.8357266125008785e-06,0.00037285245811822566,1.3530446080660358e-06,7.903318913105785e-08,4.860444105394864e-06,1.1901035730544527e-07,2.433294557030101e-06,1.4518204223375787e-05,5.770946253781647e-07,5.557390568047027e-06,2.1256507410689408e-05,6.062578799901767e-10,1.9225444218407688e-08,8.344504285152588e-07,5.145569933967976e-07,1.4940882313427612e-06,8.615973561471444e-07,0.00023285638473379987,2.4609308506525634e-06,1.9957591237556805e-06,2.3456080119668017e-07,3.0307834427806145e-07,8.92166635200532e-08,3.0928219929598064e-08,0.000376039389454002,1.7913161018383406e-08,6.0861695564657696e-05,8.862400098583858e-05,2.4542967715926717e-06,8.812167771029612e-06,4.3483877530276035e-05,3.2344017082300554e-05,8.599171747702829e-07,1.1698880240900348e-07,2.332231767978035e-07,9.367815340933033e-06,7.114211070038528e-06,4.7032139027074964e-07,1.0092159096992888e-06,2.7668889767402514e-05,2.8840607951212196e-06,2.868110133271076e-06,4.656319302122331e-06,3.150753526118139e-05,9.103261537903924e-07,3.715458287449613e-06,0.0001025579470833034,6.54723605371804e-07,6.423990322387045e-07,7.272580163498049e-06,1.3450665921330394e-05,0.00017101884721232584,2.8798629137614064e-08,4.5484071046175667e-07,0.0003925754325806174,1.0209853788524041e-07,2.100811028455963e-06,8.830794251939048e-09,6.93550743411949e-07,1.9862268467988867e-06,3.0934869979776194e-06,6.759334428718053e-06,0.0,1.6848567203079345e-06,1.1261650348739605e-06,5.118538744458035e-06,2.980805181178674e-05,2.144588620038818e-08,9.134026228429159e-06,8.587015788180548e-08,1.2278383746796782e-07,1.0839719867483906e-05,9.980975498042952e-06,7.870470738227252e-05,2.6722728297829884e-07,5.596174992198428e-09,3.4195155536721307e-07,1.055915552223055e-05,5.952553726739789e-08,2.1348849706774717e-08,6.698280948064785e-05,7.909461908985411e-05,0.0002685793251813298,2.408477477540722e-07,1.0803906946184355e-05,4.6977067225405395e-06,2.0984947864194656e-05,0.00028375496429738076,1.8917866814618044e-05,3.2322361907802727e-06,1.972003085476952e-08,2.499827796955312e-07,3.2433198183732266e-08,8.009459612653389e-06,1.3713847396821898e-05,3.4750906056629303e-07,5.620751322423033e-07,9.246649452175357e-06,1.1694215741749505e-07,2.951146330416828e-08,1.7274083439729182e-06,7.542193048043487e-06,3.6567532286002622e-06,4.5804177125635735e-09,1.7364322511130006e-06,9.90326834613071e-06,5.813163029643827e-06,8.621415883771618e-07,6.483043487789181e-05,3.6955648226473846e-06,4.127688682449397e-06,3.965987199588935e-05,3.52733904743612e-05,7.829639525301532e-07,5.352590030015327e-07,1.7760379422495467e-06,2.1302368949367877e-06
VP273159,6.135361386950096e-07,1.7053086524115178e-05,6.071596108061227e-06,2.4428975538468094e-08,3.0998129572866383e-06,4.996854882541167e-07,2.516022376133637e-06,9.29382562819848e-06,4.387252333164204e-07,8.842190737046045e-06,9.89250026949376e-05,4.966208403736553e-07,0.0006924058651861762,3.6462622747257046e-05,7.328796639858836e-06,8.318076539999752e-07,2.09839442595512e-05,6.865381304415547e-06,1.9905526595718003e-05,3.1718109442747877e-07,5.0084421084604e-08,2.8715908881972762e-06,6.772543884184555e-06,4.706351497745005e-06,1.041166911441184e-06,3.380189125499983e-06,4.9756532171691814e-05,9.153634094825477e-06,0.00039304760668895796,0.00013552586195706776,4.582413775190964e-06,6.351136962755387e-07,3.7567933295838515e-05,5.548433271456366e-07,1.0663114938140253e-05,2.300979736924035e-06,6.68153062049638e-07,4.135454843430394e-06,4.6924827117758026e-05,3.190664998854205e-05,1.923659174818255e-05,6.2260767705612015e-06,2.048422400780267e-05,6.181812385578732e-05,5.803552103792453e-06,3.558746546963624e-05,3.16905590033967e-06,5.952253652333527e-07,0.0015526745255403714,3.406409857194717e-05,1.1951149393412532e-05,1.0022155194881506e-06,7.75499646099915e-05,1.9748864534892596e-06,1.0217643246115546e-07,8.114519128631933e-06,6.988425367681839e-06,3.4641620064306996e-06,4.454400702785545e-05,2.631262766198725e-07,8.93127308743236e-07,2.062380807053744e-08,1.591010665326186e-07,8.957964514677979e-07,0.00025257682407699703,2.9002384257499754e-06,1.2712577492541002e-05,1.3357054595463117e-05,1.2135406915847864e-05,4.299352981071328e-06,3.937262624629868e-06,8.907743123527865e-05,7.800993087313997e-06,2.5271500205651947e-06,8.618974625494564e-06,3.496260743918591e-06,7.190994703135126e-08,0.0003430117784936382,2.544258985470024e-07,2.3038021753405536e-06,4.513251231630378e-06,2.5070138970908344e-05,9.2780126206563e-06,2.191758675898119e-05,3.003039149983304e-06,2.2624261553405215e-05,7.370156862431883e-07,4.959468573387184e-05,6.46777100800748e-05,1.587319673023284e-06,5.559365915837051e-05,3.9615177260096615e-05,5.797393724325775e-07,0.00015820153455382429,7.0349268487456306e-06,1.6848567203079345e-06,0.0,5.005600773727784e-06,2.479105038700881e-05,1.4203226015483004e-05,1.174120652033355e-05,4.794281947022391e-06,1.2960000977452651e-06,4.129563193756092e-05,3.20027919004101e-05,4.975270014415488e-07,3.655164295402509e-05,1.013397741070695e-06,9.285905743502989e-05,0.00011613988311548935,4.27930829527837e-05,2.891774071768196e-05,7.244291971602527e-05,1.382730906517608e-06,1.725914010150858e-05,5.80211948790392e-06,6.941589323083326e-05,2.0883576220568246e-05,1.0848553675040888e-06,1.7136959537837124e-06,6.329344004940398e-05,1.1328554065129204e-06,4.8325466826964996e-06,3.0313351894036214e-05,3.334031201748444e-05,7.950280935760016e-05,3.96965838141588e-05,3.9580289814727067e-07,4.5178962779956474e-05,1.8637199693751451e-06,6.841163058440451e-05,5.543469306318938e-08,2.2962311349627925e-06,6.403134174819731e-05,4.729230204997225e-06,8.222382637726584e-05,3.818975623708344e-05,1.340147708541841e-07,4.429927417639697e-06,0.00011657772137233885,5.613436457115836e-06,1.3271898042794582e-05,1.786166866510773e-06,1.9267745922008985e-06,1.1660573047387478e-05,8.036168874670431e-07,0.0010932524184502886,3.408218208319056e-05,6.329715411608096e-06,3.754430942052811e-07
ED654757,1.9934321616540198e-07,0.0008647585385519086,6.483948980826879e-06,1.9323513570554285e-06,4.286743253912441e-05,1.5594213671305078e-07,1.5713548512219384e-06,5.961713937191402e-06,0.0004546840424830208,7.084640073958917e-05,2.2319275553923993e-06,7.836637492008473e-06,1.9556764561375575e-05,7.448366790235584e-08,5.643558590411596e-07,2.6615738417481096e-07,6.853084609472342e-08,2.67603838583653e-06,1.5383248399023657e-06,5.21616738424321e-07,0.0001204748271019906,2.476419282254241e-07,8.717099511790834e-05,6.788848931868904e-07,2.6314348780269126e-07,1.4460377450231086e-06,5.6938056892789595e-06,2.898473690829896e-05,5.9383440427919593e-08,2.693882300691701e-06,3.0805455258292046e-07,1.2637762267122158e-06,1.2213454866082344e-05,2.981524858208327e-05,7.800988766794606e-06,2.401611217463451e-06,0.0003695065136913704,1.0558803617178412e-05,7.225724333371654e-06,1.281254892230632e-06,9.201139039320065e-07,6.002535514877668e-07,3.151451365902849e-06,5.79330710678612e-05,6.87108478232957e-08,7.084645102262736e-06,0.00029672150485474997,2.4966121209247013e-05,3.1285297802068073e-07,9.802298147147042e-08,1.1961976822229264e-05,1.059079412571949e-06,2.4391267089042724e-06,4.586833743194571e-06,4.3985433983827444e-05,3.1684756354596357e-06,1.868784740956538e-05,6.227474277572212e-05,7.885345883431637e-08,3.3974426840371764e-06,1.4060126594753393e-05,1.1831628483890988e-06,1.9726387310421536e-07,3.243158119620957e-05,0.00010591271940411679,1.9070155677056883e-05,4.3579355369676076e-07,1.8368090988389206e-06,4.9999616428713495e-06,0.00012195523299185519,1.7698024030844454e-07,0.0001344200129007687,3.604556918512435e-06,2.553151773248328e-06,0.0003015423418025786,3.9615289501561523e-05,2.6795166141138546e-05,1.0949049711094818e-06,0.00023597324691285426,2.0646911402001216e-06,5.534904584914295e-07,2.167969660992151e-05,1.5584025336306274e-07,5.699964064568592e-09,3.900832477988494e-06,5.747307098071559e-07,7.756191064443391e-05,1.2024585212860285e-05,1.3951462273903865e-05,3.5360145762364396e-06,1.4193426916523582e-06,4.360354726088827e-05,0.0004075206615249626,7.340727399099965e-07,3.3679624273864426e-06,1.1261650348739605e-06,5.005600773727784e-06,0.0,4.074207526790316e-06,0.00016414557522774262,1.7949806303193104e-05,4.807900423499514e-06,7.250390849642737e-05,4.538102046098484e-07,2.714511567434082e-08,4.298214981060639e-06,3.677320723970066e-07,3.9731289059180374e-06,1.1600257993233154e-06,4.71362583884716e-07,4.4159326266625596e-05,4.502537854329771e-05,2.965574304938776e-07,1.3506160759719458e-05,3.6117114340684476e-05,4.322420461941643e-06,3.03208096291603e-06,1.7445043497907787e-05,2.410667315959535e-06,1.9134787073942692e-07,3.84464764974067e-06,2.167284654058669e-06,6.339825268705304e-05,1.9783076989892998e-08,7.181898969957731e-08,4.983209416436462e-08,5.258779890622182e-06,1.1306866102041832e-07,1.4718352969402106e-05,1.5676621103232992e-06,8.532668837890642e-06,1.975762248856866e-07,0.0003833490979151565,2.4807422659247282e-08,1.301712391798148e-06,1.2126024638604036e-06,1.3967551797337407e-05,4.7890623042917914e-05,3.348103828219807e-08,1.619493513779093e-07,2.369172929223141e-06,4.1857749608798523e-07,0.00010296705158781267,7.897336463975531e-08,2.148732522559941e-07,3.375494692149771e-07,4.069238415736582e-06,1.6815780400565377e-08,3.759166055646035e-07,3.325747283497411e-06
KI810400,7.959587937451448e-06,6.230950366885986e-06,4.241715473056639e-08,3.573737801245427e-05,4.879202823194883e-05,1.7109614778007586e-06,7.4247563889328e-05,2.5571157522691264e-05,3.371339322456129e-05,0.0006150996789332958,1.957755086116711e-06,0.000683395760920582,3.5382636335882184e-06,5.7541893531084165e-06,1.5168916996490906e-06,3.530136004789831e-05,2.0500488247584945e-07,2.3235910205364473e-05,0.0004398727917742906,4.333628583666916e-06,5.381985473607579e-07,3.434849330563011e-05,0.0002723365770818719,1.705431739340711e-05,4.694840560809178e-07,3.358634808772425e-06,1.0499857263562229e-06,7.410415024807881e-05,1.6090055385439365e-06,2.230996078149505e-06,7.79074056825835e-06,6.54035254179533e-05,1.8726823675664228e-05,2.6401071852885096e-05,7.621343090040231e-06,5.1247585411844576e-05,2.1408983926682846e-06,0.00017264596182047987,0.00012470683541163113,1.0991510615680245e-05,7.019520946455124e-05,1.3392529984567203e-05,3.8550106920417136e-05,2.9526206874395966e-06,1.9084578110547056e-06,9.669714885953714e-05,2.0095290440481156e-06,5.7141587718267185e-06,1.532221017442154e-05,6.377894980276878e-05,5.732764726427668e-07,0.000581277482953337,5.51576773912486e-06,1.5650672555917243e-05,6.15184930986277e-07,1.1323822856370244e-05,0.0003221517516941815,0.0005573369528939519,4.138558538744653e-06,5.855109749143705e-05,4.2472794657711705e-06,1.2605770882960643e-05,1.7054609621722751e-06,0.0003671268952312549,8.888372562363952e-06,2.163292665060128e-05,2.2126000606808882e-05,0.0006295166162188364,3.0005899502448314e-06,8.764424419120017e-05,5.115032277134916e-06,8.568375198954224e-07,3.948907256260049e-06,0.0009322778730067562,2.1847926699297248e-05,3.470757420618693e-05,1.2076586711324902e-05,0.00011740655174331661,1.8690041172048613e-06,8.989770919715124e-06,1.210569353218064e-05,9.805829868328167e-07,3.855767847907154e-06,4.978980562719632e-05,0.00011347035471276399,1.2452368285479087e-06,4.241775058363782e-05,1.8290647134791257e-06,9.036252482725068e-07,3.660497266343602e-05,9.492964985069215e-05,6.214286333503182e-06,6.569803791186159e-05,8.45259587055754e-06,2.2353379368242554e-06,5.118538744458035e-06,2.479105038700881e-05,4.074207526790316e-06,0.0,0.00010358764385879624,6.305636043355289e-07,1.9205654581592875e-05,1.719427037737245e-06,5.27395566465667e-05,3.444679462785264e-06,9.053656235390818e-06,5.741462025455611e-06,8.913827139072035e-06,4.298221524205612e-07,3.0358528140417373e-06,0.000143121309166817,1.8517147593086997e-06,2.8055723841858645e-06,5.123491839061924e-07,0.00019351954934904476,0.00012989932756822222,2.7649914593465536e-06,1.9544566116638293e-05,8.343645852461082e-05,8.851911360638823e-06,1.472108213316133e-05,1.818366263014157e-06,4.6035336319263565e-05,3.3052076655237525e-06,1.9610651307192644e-05,7.367553456846085e-07,4.136406004154097e-06,3.3371063908709585e-05,1.331713580476468e-06,8.970523974912671e-07,0.00018762834801227111,8.7263236455446e-06,3.234622397772155e-05,4.6206954349288603e-07,6.353172382951879e-06,4.9426765834677925e-05,1.384801376397229e-06,1.5110741944997352e-05,0.0001921849061001094,1.4431573027606016e-06,4.7560827086241277e-07,1.5757610380897076e-05,1.9180175392177323e-05,3.265969813809403e-06,7.14951966122041e-06,6.439923831737102e-06,7.319307182894636e-05,1.1288996610408399e-05,0.00015434552913432347,3.1329775512843743e-06
CK003570,1.2896423090076764e-05,5.653708239071718e-05,4.923871139961493e-06,2.3245256911858302e-05,5.400362347819404e-05,7.278002348840446e-06,2.9779900544155e-06,0.00019334345858870367,7.5720901678757e-05,0.0008857004895558429,1.0846952698352458e-05,3.5146987885920005e-05,7.751374542612382e-05,2.2299675168974337e-06,4.245341832030286e-06,2.3804273680500184e-06,4.436570571420904e-07,0.00012222442387259836,5.552343951631589e-06,1.9622253437838596e-05,1.2257936341203001e-05,1.0444594648687955e-05,0.00012877425767712235,1.9811868291569498e-05,1.5902224430372305e-05,9.32213809047548e-06,5.1519594128444656e-05,4.59629828193229e-05,1.3224974683971386e-06,3.021162835964235e-06,7.747125742926817e-06,1.5202244058295188e-06,0.00010951027429018578,0.00013374077237744453,1.8241436264170897e-05,1.9468244826971033e-06,2.756100543405463e-06,1.3214603482057427e-05,5.6696473696181185e-05,4.831083528758106e-06,3.4282800238409224e-05,6.84619162555245e-07,5.5039144028138136e-05,2.4081315963394177e-05,1.1085591661990919e-05,1.0770567360510115e-05,2.8925446172084923e-05,1.110581428476452e-05,1.534013270251743e-05,8.590148044602035e-07,2.888510388099265e-05,2.8994306906514466e-06,0.00018952485992972126,4.256095614961986e-06,9.831981679297181e-06,4.0313513819650834e-05,0.0005967431921747303,1.4052156667254528e-05,2.1038622453190557e-05,1.2264941298153597e-05,0.0002827350875155213,1.2984722240321402e-05,3.7244728403905883e-06,0.00053729848066104,0.00030415729552965104,1.659773004268713e-05,0.00018473698820135523,4.967964965590687e-06,7.172321029205525e-06,0.00037012513391563353,1.7036141247437294e-05,0.00011030331104093567,9.508252765687653e-05,4.400670849859485e-06,1.4086749095549276e-05,0.00014144435925066785,1.216520928950301e-05,4.0888333954916806e-05,4.776719666598574e-05,3.078448625917013e-05,4.0009141941567745e-06,4.67751777732505e-05,1.2699743733834542e-05,4.419382729703723e-06,1.11443222861668e-05,3.82764065180336e-05,3.606490182163865e-05,1.6405310701414207e-06,5.4389264382643405e-06,8.483368969627437e-06,9.77465068418452e-05,2.056697492787615e-06,3.223930539959375e-05,1.0001741913850625e-06,0.00018972626120341012,2.980805181178674e-05,1.4203226015483004e-05,0.00016414557522774262,0.00010358764385879624,0.0,5.257223067857971e-06,1.1943617922281337e-05,1.1140370104020386e-05,6.826659788692747e-06,2.9156504712355725e-06,1.9875388142774742e-05,0.00037758224784994896,3.066677216524995e-05,2.687219266176651e-06,2.9403238707266776e-06,0.00011331153677168202,8.455237109563672e-06,3.092253528300037e-06,8.372147811149478e-06,4.816170300456636e-06,0.00012750371863201536,6.445543461753971e-06,0.0003241983141563202,7.889941634255323e-06,3.668599601192688e-05,4.5890814855483085e-06,1.2341471831621254e-06,0.00011698611185122156,1.9430387606727363e-06,1.5884206493239663e-06,2.8448392790947573e-06,8.682139043471817e-05,4.443177672339749e-06,0.0001745733791233573,2.7472893769060575e-06,2.214303786656762e-05,3.0994626371215077e-06,5.557764569131494e-05,3.133560781862504e-06,3.8766892778927105e-06,4.8868965195304066e-05,5.85745408482444e-06,9.87280221512631e-06,0.00010300358474857572,1.0454719664816186e-05,2.415088001394856e-05,3.615619363994938e-06,0.0014037982972610885,4.408606813218165e-06,5.929915455899365e-06,2.0237669056839e-05,1.8963603570106754e-05,1.3771128478192358e-05,1.6830087845176415e-05,9.416985399481607e-07
JC160232,1.5445938852145135e-07,6.645360989180276e-05,0.00033415339426259643,5.5011237303802893e-08,9.492881916471897e-07,6.189599368448506e-07,2.7890019666910898e-08,1.5224058800557917e-05,4.4670522989738075e-05,1.0930270793531802e-05,4.819713109915577e-06,1.3000496966580083e-06,8.688753768568547e-06,3.0978280111542715e-07,1.0435969926461229e-05,7.27460172925102e-05,3.024284348242704e-06,9.712944552838932e-06,2.4318675699563976e-05,3.0572163652927586e-07,1.1836366132713525e-05,1.1698783796142342e-06,2.876621129837767e-06,7.257517688660133e-06,8.127175706827188e-07,2.3475937168095502e-05,4.442325241557626e-05,1.2485498501227918e-06,7.469934101566999e-06,7.317453342324548e-07,4.368658853203187e-06,1.8191567768956221e-06,4.270341973312138e-06,7.696570096635304e-07,1.189424716858045e-06,2.4935509553485412e-05,0.0006537078301372942,5.92162855513842e-06,7.66001109590931e-07,0.00017225829514298452,1.7035384413069305e-06,0.00011397831789945937,2.294105154460467e-06,2.5163259055372465e-06,1.163028655775133e-06,2.598661791522684e-05,0.0001949221599653076,7.748670202559304e-05,5.818605662649375e-07,1.7792410524502472e-07,6.53557860870366e-07,1.0148733444528595e-06,1.3127100972009995e-06,0.00010153741308288983,0.0006231551859330427,6.867698046838145e-06,2.4923585553725985e-05,5.948646484126652e-07,4.158891320822871e-06,1.718142601651718e-07,8.504609009812718e-08,4.4155038330251104e-06,9.271670635686808e-08,1.956668641866873e-06,1.800512000183416e-05,4.288401614301979e-06,7.4578819827706995e-06,1.3678342042749086e-05,4.1844964926915794e-07,4.154865900430268e-06,1.263767565048141e-07,0.0001091815687653809,1.3155468836757386e-06,2.4988022033658947e-06,3.744739181308708e-05,3.0029542850414248e-05,1.995957755660933e-06,3.192973046853779e-06,3.19149757828304e-05,1.9165013600319778e-07,2.8248086396641958e-05,7.670017713630052e-05,5.011210780756314e-07,6.004437595620829e-10,3.2400797313432313e-07,5.353220973762677e-06,4.490401708625573e-05,4.790271126105037e-06,0.0001267685903697655,7.886621446130604e-06,2.1547405291234075e-06,1.628135455629348e-05,3.712345799813298e-05,3.516716884750495e-05,0.00035299371769758443,2.144588620038818e-08,1.174120652033355e-05,1.7949806303193104e-05,6.305636043355289e-07,5.257223067857971e-06,0.0,2.89045263021497e-05,0.00010241638765724942,5.4776791826327744e-06,3.6770142256233603e-07,3.4165277822432895e-05,3.464261611803029e-07,7.112341347534022e-05,0.00033352530564762433,2.7285055287202642e-06,2.820869235142421e-07,0.0006961374729396401,1.3093865107488053e-05,7.030888003331483e-06,1.9331200517248376e-06,9.926349112972953e-08,4.9375266206222196e-06,8.470725502825705e-07,1.2050896190014032e-06,2.944724735576499e-07,9.552372529243426e-06,2.157371015690863e-06,3.3363846501100854e-06,4.316731293577e-06,1.0674316783299594e-05,0.00010713489762576166,1.266258692323441e-07,1.284087148718368e-07,1.3403731160267398e-06,2.0523791238243768e-05,8.990899639828317e-06,0.0001223476054269539,1.6639490710751216e-05,5.592639059151513e-06,1.4577745157398837e-06,1.153115552008046e-05,0.00010714237961198909,6.973963905308545e-06,1.4209240528618867e-08,3.500157981850793e-05,2.2326779919120432e-05,1.2222835577726155e-06,4.270486014498231e-06,1.2893035442328056e-05,2.738109121429707e-07,3.4180247259829703e-07,0.00011760741102216882,5.209832374515508e-06,9.47669313944413e-07,3.1656322216283215e-06
FG684647,1.4871622754732447e-06,0.00014501026348460577,1.5839674378089276e-05,3.883125135827428e-06,7.349766460278604e-07,2.8875368029105153e-07,5.0637778856432965e-05,0.00022028080840531724,4.718004253248478e-06,4.382146578220246e-05,0.00044350601575783685,2.7941331617913577e-07,7.247078807494503e-06,1.1399094987811889e-05,1.7516455894163755e-06,6.990397030520847e-06,3.4420633798883836e-08,5.151216199489974e-06,6.299490387120432e-06,1.7735701642182685e-07,1.756469336245036e-05,3.303222850476964e-06,2.9204166158791946e-05,5.336596854230214e-08,1.731454085271083e-05,1.2090056154242078e-06,7.804777735612904e-06,1.1424874669828478e-06,8.004640747944867e-06,4.033855465331043e-05,5.1889302370069986e-05,2.4358827351937377e-07,3.448606008066498e-07,5.5776879665739755e-06,1.3011063801506285e-06,2.602681468682503e-05,9.02749458668417e-05,2.7952431824163695e-07,3.538066652310693e-07,3.891393759847003e-05,1.2679571140873252e-07,1.874387567869726e-05,1.5294761446896527e-06,1.994942839036143e-06,8.822256297313407e-08,6.44932143803712e-07,0.00010032947079759903,1.1583425114763789e-06,4.44440131178789e-07,1.0541451308934058e-05,8.218106113434196e-07,5.285327927219698e-06,1.6892674568374718e-06,2.8029949852514438e-05,9.881636898304857e-06,6.723357881041792e-06,3.6081674093745815e-06,1.9356646992357868e-05,3.862245778633288e-08,0.0002518908817181862,3.981318471066957e-06,1.0249878681093712e-05,5.322184751705968e-07,0.00013012654853128378,1.3973242264026853e-05,0.00015135158654421186,7.341299069951835e-07,0.00015247766140687486,1.8930728510874236e-06,2.653220137880521e-06,1.109906189581591e-07,2.5985150544457505e-05,2.207845787121264e-06,7.2083628371513284e-06,0.00043718435572787724,0.0004473870019942436,1.8248886961775424e-05,7.676992976084314e-08,5.791436889938373e-07,2.132611649187037e-05,2.934804814251348e-06,0.0001842673828754227,7.263063768257755e-07,2.3255132984861657e-08,0.0001053134183413173,7.358792394761424e-06,1.8329473519570153e-06,0.0003097153145226939,3.0224208360712954e-06,1.7270625113033835e-05,1.085184058667638e-06,1.9241017523586e-05,0.000126078863015448,6.34856418658019e-05,0.0002494839702454541,9.134026228429159e-06,4.794281947022391e-06,4.807900423499514e-06,1.9205654581592875e-05,1.1943617922281337e-05,2.89045263021497e-05,0.0,0.00010123911749141536,3.788617880361335e-07,3.542663544279629e-08,5.962416052583243e-06,2.1367901589150756e-06,2.5935149246799715e-06,6.027588968427767e-06,1.8262272019152035e-05,2.0989407549629297e-05,1.3567261559001524e-05,8.727381556819245e-07,7.236799712956102e-06,0.00021903439374001377,6.493284795859269e-06,1.7903794793820835e-06,1.1161012027191336e-06,1.8064390236775418e-05,2.444935992201261e-06,5.6309736133618186e-05,9.154562002129157e-05,8.432713724783802e-05,3.144618024841146e-07,4.961163685254144e-07,8.251097308710165e-07,1.1591285089391845e-06,8.719368038707495e-06,0.00027728985392544376,2.481091596134053e-05,7.682471434873963e-06,3.7628911443554016e-07,1.8397845825743562e-06,1.618692760007377e-06,7.954189558604589e-05,1.6645123535415494e-06,4.892676128454178e-08,6.314226761067294e-06,3.209085464095553e-05,0.00021534166167128102,2.814972142591032e-06,2.049822333517137e-06,0.00029025406360021097,1.670884365185377e-06,1.0643903423814652e-07,4.1066860213625946e-07,2.911637760059108e-06,9.125933841206801e-06,5.11508066371333e-06,3.4086778961382036e-05
IM106625,3.8011940105660556e-07,0.0008045309674052669,0.00019151515466408147,8.845953044408117e-07,7.320066549259662e-06,1.3790272882376679e-06,9.761373358182448e-08,4.329636727932608e-06,9.067027735811702e-06,5.7513406840509506e-05,3.819500252159169e-06,7.648090241311277e-07,2.5664199123214544e-06,2.8924040428893487e-06,1.531960671491147e-07,6.020012283489164e-07,7.480314843879955e-07,2.1752847895636306e-05,2.9930990589938608e-05,1.4140554033224352e-06,7.274639390079859e-05,8.034971855170622e-06,3.775771107475765e-06,1.1720842641461145e-06,3.2740747106392153e-07,1.1181804258551802e-05,3.085382415170117e-06,2.3227482655429827e-06,2.1103942168355996e-06,2.863306185094398e-07,0.000291438862969175,6.64823481563504e-07,1.6884242343067448e-07,1.0360194518803467e-05,1.5884185180248556e-08,1.1969778994878686e-05,0.0001454096470378409,1.2552805548604466e-06,1.1882554142387216e-06,8.580077811813592e-06,1.615576780418296e-08,0.00017781961759773187,6.699212073174704e-06,1.3176146352751215e-06,5.030958589444543e-06,6.904096342276036e-06,0.00010610676007675138,1.6343843097803485e-06,1.0737826272246169e-08,9.931954753305887e-08,4.831201408166512e-06,7.026306490154844e-08,2.9884431562195034e-06,8.974341468624005e-07,0.00035599888732880007,1.4985144368240954e-05,2.8999917700033896e-05,2.3829506473881472e-05,3.562720509517236e-07,7.897356756968437e-07,1.2798339705906704e-06,3.269397490052261e-05,2.5797778947650276e-08,1.7321362361294185e-05,1.527130445596979e-06,6.452719015208673e-05,1.857882441028173e-07,5.499022888903596e-06,1.8636795735408457e-07,2.7237307252286415e-06,7.817384340605334e-08,6.042217739915166e-05,8.853874290355153e-06,1.1651880448978628e-07,8.994820160975492e-06,2.7538702333454225e-05,5.6957788938577345e-06,3.594337939966914e-08,7.71432384355572e-07,1.2224090372551292e-08,8.79824844476414e-06,2.359553798716688e-06,1.195894502931705e-07,1.0690830480183771e-09,1.2654355004088092e-06,6.805412006019557e-05,9.37412309600505e-06,5.76478996630775e-06,1.2342796064289205e-05,4.0597041100462224e-05,1.535278304815409e-06,0.00022931881778739634,3.04676198654598e-05,4.541987493692905e-06,0.00014551462811299978,8.587015788180548e-08,1.2960000977452651e-06,7.250390849642737e-05,1.719427037737245e-06,1.1140370104020386e-05,0.00010241638765724942,0.00010123911749141536,0.0,2.0815782448013544e-07,2.393617552989144e-08,1.6234729145434508e-06,7.011214373298942e-07,0.000340155954247321,1.5828576165349363e-05,3.31606416041071e-06,9.55475062833441e-07,2.707244830299189e-05,8.561392693041689e-07,9.925941066364257e-06,1.8883791210679936e-05,6.104174425683729e-07,2.0130083122170845e-06,2.2116239167910516e-05,1.1277604472294322e-07,2.4474106692961253e-07,1.5863503992047507e-07,3.177194102499466e-06,3.985679938786443e-05,9.417786078549418e-07,6.45451371532809e-08,1.245679611420573e-06,1.297720200399208e-07,5.818170524778104e-09,0.0002720495104515882,6.247228758632528e-07,8.73596274765262e-06,8.207188400000436e-09,0.00017551410585001212,5.612579222106727e-07,1.4211603118633381e-05,8.012803602480388e-08,7.486275204672488e-06,2.8314347780868317e-06,2.6026943137323024e-06,1.6099812718221788e-05,4.997718421899789e-07,6.010569352670433e-07,0.00021008399216179826,9.96295381231411e-07,7.481271283978504e-09,5.896687904385253e-07,1.0447885023168436e-05,4.5371243159221245e-06,6.77426782521927e-07,2.565704892009663e-06
XP575260,5.5457633599100845e-06,3.738678336713288e-06,3.234733616813743e-06,1.9718379938765482e-06,6.6586221355316246e-06,8.251539566260487e-06,6.668870216140407e-07,0.0009747272229954127,4.62477530918999e-06,8.351140181176896e-06,1.0112086311410327e-06,7.207115059905283e-06,1.4783444056752334e-06,7.61316112511563e-06,4.102082639905657e-06,0.0007833756867073033,0.00021156306372162648,4.240076887091465e-05,1.6456255299557126e-05,3.1574182618914646e-05,2.4281940927240423e-07,1.0434422037989865e-05,7.5804500746066726e-06,7.343621063834038e-05,4.88222067711784e-06,6.600772556799226e-06,9.006856599966643e-06,5.2197191930398964e-05,3.641972616000611e-05,3.015075245240315e-06,9.170245052806545e-06,7.394661874242602e-06,1.6917921336144395e-05,5.992101731038529e-07,1.5892170705971752e-06,2.0154700629791787e-05,1.3907290493991942e-06,5.1558213160338174e-06,4.166293317610871e-06,5.3877233946313384e-05,5.353771324277765e-06,2.0496529199103783e-05,4.12175914976627e-05,2.4510922231513224e-06,0.00023770178685011018,0.00017376460243571568,1.9122654576523575e-06,2.537245686746676e-05,4.947063088264817e-05,0.0003453484986115546,0.0001108573603488695,1.0362948937831965e-05,1.2884166565783826e-05,3.170410822415024e-05,5.419520332734427e-07,2.078475215484114e-07,1.750209013309024e-05,3.5182567035133316e-06,0.00023503599917990147,9.135619284103684e-07,2.1945654426654736e-08,1.3551055553278874e-06,7.176082076748759e-05,2.483001189903808e-05,5.63683510959407e-06,2.3320464158833073e-05,4.3607670633123407e-05,6.508448058442336e-06,0.000435550516309283,8.0006346536043e-06,1.1402237785054953e-06,1.3794681735746675e-06,1.7268435825322827e-05,5.806159041227891e-05,1.1847589747395782e-05,6.889218548517969e-06,2.662428831791175e-06,3.415385520552088e-05,2.634881998310398e-07,5.377619660919633e-06,1.359233846114087e-05,1.6011632193600566e-05,8.128093293353888e-06,3.124156881653127e-05,2.319979301735654e-06,2.7256891362346798e-06,3.7239951131393337e-06,1.0706696710829613e-06,2.1824344019972607e-05,3.998294582591828e-06,3.0286300372396892e-05,3.260398360392929e-06,1.4762480884299212e-06,3.499732137646159e-05,3.3066226153562707e-06,1.2278383746796782e-07,4.129563193756092e-05,4.538102046098484e-07,5.27395566465667e-05,6.826659788692747e-06,5.4776791826327744e-06,3.788617880361335e-07,2.0815782448013544e-07,0.0,0.0008062917453022685,4.218225661982294e-06,9.94243335534461e-06,2.6818083171424707e-05,7.860317176816459e-05,0.00011415346092063058,5.098586929452683e-05,6.347674512177158e-05,1.4681265236180342e-05,2.1528991567879476e-05,3.219739205995517e-06,1.4858311043329169e-05,1.1437876534650365e-05,4.558781444931175e-07,8.193091945296126e-08,8.717429335632108e-06,3.9488328437767834e-06,2.2093452607076804e-06,1.8843710394957948e-07,1.607870089542583e-05,8.846490795034974e-05,7.754612495283161e-06,0.00046595980764691127,4.8100967177755457e-05,7.652161491951707e-06,2.082030796807736e-06,0.0005813594770906915,2.5725727584354038e-05,2.9044047353594118e-06,1.1534239223291341e-05,2.139326038399398e-05,0.00015922678086914059,3.664314852389813e-05,1.3229314875488306e-06,9.905919137347935e-06,1.7019497240956918e-06,4.741242385889668e-07,1.4212220415577517e-05,2.8035599363000566e-07,0.00022018386801143138,0.0005450515978247718,6.6877058436378375e-06,4.394984419732527e-05,0.00015834700107545744,5.99809288743813e-05,2.550189739756201e-06
DK585616,4.570527761474471e-05,4.556310635098087e-08,6.9959654023034505e-06,6.891503381519695e-07,1.053627376597162e-06,0.00010922521034216634,4.929946037321056e-06,0.00010132003405589315,6.059070232641428e-07,5.949621960129995e-06,5.455927092381089e-06,1.6886099683761103e-06,3.765817792562378e-05,0.000103650568954846,0.000280418893282213,1.6664585603384052e-06,3.3991135636658255e-06,9.511876392309471e-06,1.8923226666119615e-05,4.023887846446145e-06,9.650688863501972e-08,0.00010698529260510216,6.395802586164585e-06,0.00031535141890148783,2.9508784240667858e-05,8.330361406137808e-06,1.535428365548067e-05,1.9191564107100376e-05,0.0002591884625470116,1.2574583537683959e-05,1.6093454412162416e-06,4.413915423759514e-06,4.65659295627847e-06,1.3733195209540398e-07,9.953889295704389e-06,6.349606210989442e-05,1.0600360043199394e-07,5.724857329898622e-06,3.349787548538978e-06,0.00010451898841404739,7.161992975110465e-06,8.215146861423506e-06,0.0003886055800345205,5.069322623502206e-06,3.0083511982357343e-07,6.555650817669815e-06,5.2922353051655867e-08,2.6635813278875886e-05,0.00011403188037679914,3.9554913519394544e-05,0.00017390195409884435,4.269245485099936e-06,3.949917327655228e-06,6.065735086309786e-06,9.042924330898143e-07,2.0697969875619162e-08,1.70167759129756e-07,3.007309589084238e-06,0.0001465064961374446,1.3842735813158664e-06,2.4322105752201677e-06,5.818573394077701e-07,1.9335536399917065e-05,6.01229242943361e-07,3.999525425689474e-06,6.078317113663983e-06,4.859700138067505e-06,6.432224468125632e-07,0.00028995050209721567,3.641044168344886e-06,1.7514660374207314e-07,3.880043999826349e-06,1.3847963684533368e-05,8.787742790780627e-06,1.414745665039443e-06,2.3575264688019362e-06,4.124982847583799e-06,5.659612175072779e-05,1.9346014665009714e-07,1.8406802707082664e-05,2.4383310480383244e-06,1.0301082466092394e-05,4.7314785252183015e-05,9.753722125205667e-05,1.2539671119759444e-05,2.045363444508739e-06,4.191416537356578e-06,3.944331588336822e-06,4.24025505037818e-05,7.1469655837914885e-06,1.337252773962576e-06,5.819816790123614e-07,2.0425427435492487e-07,6.947262522852258e-06,4.216681801743229e-07,1.0839719867483906e-05,3.20027919004101e-05,2.714511567434082e-08,3.444679462785264e-06,2.9156504712355725e-06,3.6770142256233603e-07,3.542663544279629e-08,2.393617552989144e-08,0.0008062917453022685,0.0,1.0263172007397322e-05,0.0001394829415668362,2.366948878263472e-06,3.989454514286375e-05,6.584257135279456e-06,4.635280832352987e-05,6.3710342212783494e-06,1.758967276278672e-05,0.00028044041213151275,4.895512180817543e-06,0.00010844755770087589,1.0633295526159233e-05,2.5055138691062207e-06,5.072605464287181e-07,1.0425141282573029e-05,0.0001024407527372116,5.766885625261532e-05,4.850151004772671e-08,1.4928759921362021e-05,0.000544215123189365,5.842600751504879e-06,3.648850784780398e-05,3.463003426399852e-05,2.855109472063381e-07,2.4849361687181987e-05,6.828787770169295e-05,1.493398578459033e-06,2.0389646056376847e-07,0.00021245224368846155,5.287924287133145e-05,0.0003727064457804226,3.5300036485222864e-07,2.95977969550734e-06,2.349906886459658e-06,4.663603676367298e-06,5.66225942924392e-07,0.00019289010083432546,1.128775261616681e-07,7.152690029687264e-05,0.0002074870464563728,5.988308459211245e-06,4.55873757990965e-05,1.3879670633277337e-05,2.065043187202222e-05,1.3638765644536372e-05
ZN135607,7.41118664758766e-07,6.330107019519297e-07,2.8519558100840582e-06,3.390605003506995e-05,2.185855658481247e-05,4.496190763273051e-05,1.1516006005940634e-05,2.4084468929359527e-06,1.783679127930435e-05,1.6216211841097085e-05,5.744704781198451e-05,4.998212095577411e-06,1.0196778467651177e-06,5.661851598893498e-07,6.4301207032966325e-06,8.182095343371396e-05,1.6053006607067908e-08,1.5935993974890225e-05,0.00028629107145687827,1.5054509001748928e-06,3.190515901002563e-05,1.2304535875510616e-05,2.1585642879696175e-05,2.6839406336665295e-06,3.487046137602022e-07,4.036131763608361e-08,8.469044383611829e-07,1.5979783579029564e-05,1.139177900829739e-06,1.0738087375064542e-06,1.0159146911165683e-07,2.7318862709283086e-05,1.3508566155864318e-05,2.2171524921065225e-07,1.036750385918278e-05,0.00012595047549407348,0.0001775811576978116,4.073630879057546e-06,1.2921181594862994e-06,0.0003759464417005093,6.25934763129334e-07,6.994709603679863e-07,1.127309588880233e-05,1.0918071960953137e-07,5.945450780961891e-08,6.230747975778956e-07,2.8865556988249518e-05,2.8634295703244782e-05,7.196193153153105e-07,3.197545731713184e-07,5.3168050173873895e-05,5.240559348202441e-05,2.2137635380430841e-07,0.0011449719723141366,0.00044258771916333065,2.469371439733785e-07,7.29009248342683e-07,8.454429632955843e-06,3.958889102437706e-07,9.249959402399905e-05,2.6516533862745735e-07,0.0010403459246507137,1.9901112955174644e-05,6.0429396359301425e-05,5.886986244669944e-07,3.912893133303349e-06,3.118644306778749e-06,7.73580104429378e-05,2.744607678823556e-06,0.00010755258373162245,1.6130494455666908e-07,1.8022335047390353e-06,2.9145891698429596e-06,4.342588809708407e-05,3.3646124693241995e-05,1.6423092816059661e-06,9.228375748253935e-06,1.769674858100686e-06,1.276531270213923e-05,6.661925457404248e-06,4.653814162267931e-06,3.828091796659418e-06,7.156373633150158e-07,8.146708996470446e-08,6.90729434006012e-05,1.3713697937255284e-08,3.564053701318148e-05,1.1823869799462857e-06,5.111668592907381e-07,6.7295204445037565e-06,4.201498006152712e-08,5.050513219602155e-07,3.087802600691302e-06,2.9432270902097722e-06,0.00011346484742081245,9.980975498042952e-06,4.975270014415488e-07,4.298214981060639e-06,9.053656235390818e-06,1.9875388142774742e-05,3.4165277822432895e-05,5.962416052583243e-06,1.6234729145434508e-06,4.218225661982294e-06,1.0263172007397322e-05,0.0,2.8005885047600403e-07,3.921266051956742e-05,1.3664616657695325e-07,5.804549318714726e-08,1.044089295814772e-05,5.2650739918865225e-06,5.082062657019978e-08,0.00024489045053922127,5.55795636373251e-05,1.612830733860569e-05,1.330012702530272e-07,4.827740197588165e-07,0.00028944620967098056,1.6646802578248238e-07,5.8552776272162635e-06,2.011338593046504e-05,2.4208839141650095e-06,4.2724900899577545e-07,1.705544825200651e-06,5.527121964753107e-09,2.316300263541741e-06,3.3089905084036704e-06,8.246842790558254e-07,5.8509303361817785e-06,1.8168123418419553e-06,9.968606816152488e-05,4.362902798061681e-06,1.5006421536222173e-07,7.136961966758509e-06,2.336105284391437e-06,1.9526357916238335e-08,0.00013394760552628318,5.8625429098739795e-06,4.441650329388213e-07,1.3419361017417698e-07,2.9537952135589158e-05,6.213542150670059e-06,5.945996285070222e-05,4.2320549336723176e-06,7.67369543546235e-06,5.806090959981857e-06,7.667971354019211e-08,9.604226430610066e-06,0.00012344201234404625
PX024382,4.9727986094585036e-05,1.100540113240729e-05,1.4273239146020012e-05,3.6101116708613166e-06,5.889113471378011e-06,1.8103643675352686e-05,2.9380601164693994e-06,1.160171810019587e-05,2.646933811879927e-07,0.0003010086034895111,2.391638611722586e-05,7.930980586709481e-07,4.548772588542651e-05,2.6828141950832695e-05,0.00016717512894940173,3.526608354693309e-07,8.431147734436828e-07,6.695076546340182e-06,8.252248504936119e-07,8.201512777934326e-06,5.685478411662452e-07,1.1899902064219783e-05,1.2967855509208092e-05,0.00023519084997029958,2.699713216694327e-05,3.7655174462438876e-06,0.00043733346841596865,0.00012697828897327869,6.222712227467665e-06,1.3114666699643734e-05,5.195351320584622e-05,7.399490913960232e-08,1.416817246278969e-06,1.263762812877723e-05,7.756107115186016e-05,3.6620055059563825e-07,1.1627768706172219e-08,3.2938074806905945e-05,1.9095404602937077e-05,5.749475829070462e-06,4.778375539823037e-06,1.6564034481689995e-06,0.0010372643023025196,0.00034542600287392996,7.357195966916533e-07,4.022431818882614e-06,1.7343409816832313e-06,3.859256872459103e-06,3.9960115405413406e-05,7.974627869222163e-06,2.3611927470109402e-05,3.627619534080334e-07,0.00020440963343634096,1.2199669196213524e-06,3.314173215864925e-07,4.847891522474643e-06,2.4203660897016684e-06,2.7064535792903113e-06,1.5414104302478098e-06,2.4785588984810364e-06,0.0003116936300487803,9.56588298713869e-07,1.5745026777420568e-05,3.5126035445371934e-05,0.00012158845851137942,2.3481793326968243e-05,3.95120357343803e-05,1.98492592349096e-06,0.00013220991160598947,2.133634885950685e-06,7.786894202342278e-06,6.876674888399071e-06,2.1436691013836527e-05,2.3412138798766536e-07,5.090644698768349e-07,2.130627808058904e-05,1.4150417184897273e-06,7.694270016342858e-06,1.109836130174491e-06,1.3930174381366239e-05,3.0806578067160622e-06,0.00019276573155384998,6.381308662313981e-06,5.883403997003524e-06,5.644111072255485e-06,6.342673551035809e-05,8.264558298680687e-07,7.576684743531378e-06,5.3851138713275895e-05,1.1315828187810625e-06,4.874751823168424e-06,1.2042109272264115e-05,1.5464233393011786e-06,1.534577794103022e-06,5.541761978045107e-05,7.870470738227252e-05,3.655164295402509e-05,3.677320723970066e-07,5.741462025455611e-06,0.00037758224784994896,3.464261611803029e-07,2.1367901589150756e-06,7.011214373298942e-07,9.94243335534461e-06,0.0001394829415668362,2.8005885047600403e-07,0.0,3.7758530766995867e-06,1.9482599559012534e-06,1.1537062801974847e-06,8.851767988441398e-05,5.52377676203653e-06,1.3130734504452114e-05,6.076642318184337e-06,3.010294940941448e-06,0.000492152366059196,1.8091451823495933e-06,1.1133905024777048e-05,1.6801820911514265e-07,5.376607259840747e-05,1.1625174769573442e-05,1.6449098510498005e-05,1.2188833129979799e-05,3.0968774650602815e-06,2.4402994009029083e-05,4.352697357520223e-06,0.00010963972495342269,5.6643333673103424e-06,3.590834146290921e-06,5.9786424558897185e-06,3.0110711220068866e-05,1.0317809701092492e-07,5.291599757657041e-07,0.00020058972868677646,6.025150638910845e-06,0.00017282910916437526,5.143905136528024e-06,6.389898614096954e-07,6.676549260384364e-05,1.0002875430857248e-05,3.0803919914767907e-06,0.00011005445600224608,1.6339979153701835e-05,2.0522799846189807e-05,1.3590974053674504e-05,3.36987198232697e-06,3.308755184922623e-06,0.00011945541103362086,3.3748621664280767e-06,1.6855745775469173e-06
VK309827,3.3651088397387306e-06,3.1244059098136415e-06,7.395758163284637e-06,1.2603902763666955e-05,1.1304421561209095e-05,4.6526703141290325e-05,1.1978221059336432e-07,2.750045967414786e-05,0.00012571946092991364,4.148777164731728e-05,2.322284481565324e-06,2.4673111905363904e-05,1.015675317111885e-06,3.291710100408623e-05,2.419312601429864e-06,0.0002303628579331951,1.6393690466370267e-05,0.002009426606164701,7.018862127736077e-05,0.0002744536846795417,8.978825078365826e-06,0.0004834949245781191,6.664879493669884e-06,4.769072244523604e-05,1.5072397016306106e-06,3.935863405462803e-05,1.9859186979365833e-06,7.596126872155558e-06,7.933432328270275e-07,3.232467868893463e-07,1.1436216148069092e-05,0.0002751644176379914,5.914951462965007e-06,5.478113833317296e-06,1.0841230397196204e-07,3.116822592149967e-05,3.98003778511184e-05,3.0738154630886386e-05,3.476772421951649e-05,2.2666747199859307e-05,5.649839334928196e-06,0.00034763670625038165,3.778722628531558e-05,3.303347581505325e-07,9.018425454857649e-05,1.8342340033664357e-05,0.00027171306282612725,9.544141160928838e-06,3.315426430835431e-07,1.1868288812518193e-05,7.74278928385998e-06,2.7963573933974054e-06,1.5408929138937108e-06,5.4154934572745585e-06,7.936219117236653e-05,6.986604088014568e-06,1.3668457145098205e-05,1.4292663973811528e-05,5.625921405807065e-05,1.5227705210147612e-06,3.2499632057612826e-07,0.0004413769147334388,3.7160231165138505e-06,6.774457590914998e-05,8.986651277076428e-07,1.0637553085713984e-05,2.9371968214614522e-05,3.1899955993784875e-06,1.8054750531680824e-06,6.746903168959039e-05,2.4249542364489482e-05,2.8559982681160964e-06,7.997165132493791e-05,8.742952838165383e-06,7.0897298297822e-07,2.7392390524113935e-06,1.253644143987311e-06,3.0053208399080868e-05,1.6714180167606413e-05,1.23423006454787e-06,2.769343227863216e-05,1.015503595031679e-06,4.088922258523224e-07,1.737040512901175e-07,8.037059542202977e-06,8.753531876918641e-06,1.8735514958351242e-05,4.6500447930521783e-07,2.175471211171637e-06,2.8860305225039685e-05,1.0826754436464067e-05,4.9381755613339016e-05,5.096834556553651e-05,2.831227754634017e-05,6.013588000140363e-05,2.6722728297829884e-07,1.013397741070695e-06,3.9731289059180374e-06,8.913827139072035e-06,3.066677216524995e-05,7.112341347534022e-05,2.5935149246799715e-06,0.000340155954247321,2.6818083171424707e-05,2.366948878263472e-06,3.921266051956742e-05,3.7758530766995867e-06,0.0,4.250770915630157e-06,1.1983995821298767e-05,4.282643442236098e-06,9.266325610860363e-06,7.898900432625105e-06,1.641829409527408e-05,1.5120676709264765e-05,1.4164234184513407e-05,6.630802666115204e-06,3.369704290395123e-05,4.1486386894143995e-06,5.941401653834371e-07,1.6511023950766279e-07,7.151204207237336e-06,1.0402244813333784e-05,0.00016576855305232846,5.647755517012358e-06,9.126391218148138e-06,3.123188722790151e-06,1.4201855749918336e-06,1.307541918963396e-06,4.54642642890919e-07,4.902910357984577e-06,2.6253301279483417e-06,0.00019703615469219115,1.2867445166309784e-06,1.9971138773145277e-05,6.664401237517766e-07,8.17029405295844e-05,3.34685993762062e-06,2.4830962722149184e-05,7.930131254899289e-06,4.463780423936855e-06,9.47056911111434e-06,1.9070787132107292e-05,8.11746579148983e-05,2.4834152329124696e-06,6.523705994395916e-05,1.2607207701194617e-05,1.9762681021655086e-05,0.00010155101152523045,1.4697054130123176e-05
LT464099,2.0808326686173681e-07,2.179352491694307e-05,0.0005335082563621838,8.290128426490558e-10,1.0879412472480334e-07,4.520363506149889e-07,1.093122741731473e-08,0.0008940126916798409,6.710405633314242e-06,1.3392884067557337e-06,8.587765114809141e-06,4.417433804586234e-08,0.00010406505467063266,8.367844302384118e-06,2.869794087920728e-05,9.455749984879988e-07,2.130964594616838e-05,8.573985571437658e-06,4.174297174547533e-06,1.3322686014264601e-07,4.905292507653735e-07,5.956189884657165e-07,5.650092302577605e-07,5.362071219776212e-06,2.8947993901279087e-06,7.680615418811353e-05,0.000129378426892677,2.2125965089283875e-07,3.742025551236698e-05,4.669465586489312e-06,3.7637500456554973e-05,2.1570088051948798e-07,3.7616828080158674e-07,1.2673746158708418e-07,4.572201110334331e-08,4.26642032712232e-05,1.4760445627913406e-05,2.8810559704375224e-07,3.31919303515592e-07,3.198194850013824e-05,4.348978122787063e-07,3.579648811667871e-05,2.3224235191048685e-06,5.9075469998128565e-06,5.162795104694992e-06,2.9563143046717593e-05,2.074332814667028e-06,5.376686712021853e-06,8.039689368495246e-06,7.840189958809538e-07,5.3880052892624726e-06,2.1056006207232055e-08,7.6264310154609595e-06,6.876939638793511e-07,5.329843323375495e-06,4.1372725683448287e-07,4.852565169232838e-06,1.1647656508506508e-06,0.00017526821410265337,4.2370800280572165e-08,4.063926037317401e-08,2.135265919346449e-08,8.901973678716958e-09,2.2435083360220588e-07,9.197671790415504e-06,5.874197171939897e-06,1.2931206245203535e-06,4.66220920261546e-07,7.543100168949015e-06,2.9791090512883615e-07,3.61115421484313e-08,8.814633126752707e-05,2.157939628873527e-06,3.3341765735551095e-07,1.0146628203502554e-05,1.2088786498718844e-05,4.998027626444707e-07,7.322411453825244e-06,1.561947218260155e-07,4.605148659747386e-08,1.5015519565177094e-06,2.8877469096333295e-05,1.9412165061458422e-06,1.3471057042885032e-07,2.55801005000924e-07,7.219634781574624e-05,1.6155819417262772e-06,2.2906878155719775e-06,5.70183053331625e-05,2.2798921056144634e-05,1.2356335806582392e-05,3.892980307819302e-06,1.633121126794961e-06,7.258965567698493e-06,8.229001932843539e-06,5.596174992198428e-09,9.285905743502989e-05,1.1600257993233154e-06,4.298221524205612e-07,2.687219266176651e-06,0.00033352530564762433,6.027588968427767e-06,1.5828576165349363e-05,7.860317176816459e-05,3.989454514286375e-05,1.3664616657695325e-07,1.9482599559012534e-06,4.250770915630157e-06,0.0,0.0006741532364128151,3.549900734073808e-07,5.9101889474672785e-05,6.115870755754263e-05,3.9320100952275446e-05,2.203129378396101e-06,5.323820872180275e-07,8.844866200481795e-05,9.85870082697789e-06,7.797827284159183e-09,1.1737330538761945e-07,1.3017315419587578e-05,3.5270281863902076e-06,3.21507759358255e-07,3.218215223127666e-05,2.1198476563709833e-05,0.00012215668751890726,1.632561313984186e-06,3.079805202180453e-08,6.695443938006979e-05,7.213700869326062e-06,4.915193734005831e-05,6.077731496681915e-08,8.471524894122478e-07,0.00011990507799717064,3.740860121941706e-05,2.6785281096312238e-05,3.327701911958701e-05,3.8511059340008576e-08,4.660806563688991e-08,3.930547097506667e-05,2.628092876466416e-06,2.41136197571343e-06,3.4460636795338446e-07,4.535677085923368e-06,7.538612962164668e-07,5.2675646596637754e-08,0.00014940596927184033,6.768424761296384e-06,8.431654726644705e-07,7.927264542552535e-07
SW138007,4.952145700871288e-07,2.526052751432866e-06,2.5093907734566318e-05,2.662517181125244e-07,2.0470293805652305e-06,6.828350730763759e-07,3.873869789627582e-07,0.00019559249075217855,2.7007447180682997e-06,1.6698621317841963e-06,1.0148385423361665e-05,7.106752936468893e-08,1.0688587306640639e-05,2.1331723617797613e-05,1.566988715910616e-06,1.2544673650061812e-05,0.0003993316268315815,0.00010780513345488839,2.0103333157214585e-06,4.18793009852796e-06,1.3612138709482238e-07,2.1132915076763706e-06,1.5378847483162812e-07,6.73623825930755e-07,1.3726725355205543e-06,7.175158359800646e-06,1.8888929393945582e-05,9.875428429947543e-07,2.3741164430755363e-05,3.471659743867676e-06,4.5601424349810715e-05,1.7975931612897831e-06,2.130974059265525e-06,7.574059144776592e-07,6.531653626820936e-08,8.348129787566877e-05,9.214341193183334e-07,2.3295843529392686e-06,1.734710708152745e-06,7.5671025310398985e-06,1.0369128682101443e-05,7.731969278782393e-05,2.2757610692971006e-06,4.174480436457045e-06,0.00010511186949453505,6.273432291624968e-06,1.763110335495452e-05,2.2094179698807092e-07,8.188694530382829e-05,0.00023473394444543754,2.9875112540336616e-05,7.734980610334325e-07,5.40566045998918e-05,3.442190065496494e-08,1.5601352905963448e-07,9.536400575873537e-06,2.4659366025643533e-05,1.7783413634878006e-05,0.00023194831963546824,4.974195233270639e-07,3.566705120454252e-08,3.020516798918498e-07,3.7422365909066954e-07,5.534541376371892e-06,6.225620469492846e-06,3.874149385309492e-06,6.8908535036261555e-06,3.1142557659346847e-07,7.541245271976285e-06,1.3990342639682173e-06,9.340122538311172e-06,1.2413241913137961e-06,1.26123500555802e-05,9.194397120541697e-06,1.017496335146157e-05,2.0367183805667037e-05,1.3133099477992936e-07,4.7735121850517906e-05,6.104008429104498e-08,1.0861225857641632e-06,3.275030776915535e-05,7.376600425763422e-07,1.1225671455899159e-05,0.00020866955685022484,7.716184726409162e-06,0.0001650024542671802,2.944847263274148e-07,2.7321644730550887e-05,2.7100202351198955e-06,5.669949692083281e-05,0.0001382426044259933,6.11422494095575e-05,2.7907768344990926e-06,5.0879995919843466e-05,7.501880085509083e-07,3.4195155536721307e-07,0.00011613988311548935,4.71362583884716e-07,3.0358528140417373e-06,2.9403238707266776e-06,2.7285055287202642e-06,1.8262272019152035e-05,3.31606416041071e-06,0.00011415346092063058,6.584257135279456e-06,5.804549318714726e-08,1.1537062801974847e-06,1.1983995821298767e-05,0.0006741532364128151,0.0,9.180120317049237e-07,3.4363997935380944e-06,9.871016366666355e-05,2.7047159744890114e-06,5.075957748741841e-06,2.1657189808318195e-06,0.0012841441861958687,3.2945687087414576e-05,8.96299020310513e-08,1.4796242944137007e-06,1.482556101812279e-05,4.102466117021841e-07,2.71190386669371e-07,0.00012653179080513355,4.027585544794701e-05,5.7277904145887304e-05,9.246603168686647e-05,9.484976660307623e-07,0.0004840752121888754,1.0809471712475565e-07,2.856048822378335e-05,3.620631560295794e-08,1.8488434034385405e-06,1.9522556431389524e-05,0.000691866538641678,3.1306338031007924e-05,7.03557200025942e-05,1.2710420047413544e-08,9.881415493288622e-06,0.0008079476791325381,3.143548285226071e-05,5.9880571654861705e-06,6.863903033435392e-07,7.305248247050832e-06,8.499381447914937e-06,5.376775807020166e-06,1.2457689697196613e-05,1.5545651006835947e-05,5.065075134403062e-06,2.4568628773580927e-07
KO231913,1.2340558987244671e-06,2.6908680585630896e-05,4.516977657490112e-07,9.248944108209073e-06,1.301524277748969e-05,6.433443784933447e-07,3.742910703985755e-05,3.6850117390465995e-05,2.053739723658331e-06,0.0008425424936576586,5.802413467732535e-06,1.3404078533219786e-05,4.4629981336912104e-05,8.212224750813013e-06,3.3884969754712387e-06,3.240141835946872e-06,6.8897303090996725e-09,1.3201802111397851e-05,9.90356852547203e-06,8.133859435492114e-07,2.0142299830170505e-07,2.6537704225374457e-05,0.0008539078200756242,4.489379547145821e-06,3.1398891788452386e-06,3.8583960185101766e-07,4.433228381058791e-06,0.0005052093069105647,1.6962903798508684e-05,0.00016086486432462298,1.233776937761087e-06,6.875397418266395e-06,6.8573772827942596e-06,2.0703437240107257e-06,7.183354330833897e-06,5.845830342688958e-06,3.95321057922009e-06,1.8673756532651533e-05,2.9852519581276954e-05,4.275268097870604e-05,5.231566697700218e-06,1.3546613296235318e-06,0.00021703390551885087,8.959388926797953e-06,2.6940633143158616e-07,1.0432912718947573e-05,8.240359187576593e-05,6.938283342247591e-07,5.6450352595060576e-06,6.248995708014209e-05,2.2944457007476756e-05,2.5248155038288637e-05,2.398120507875807e-06,4.460161773921352e-05,2.3082111776496324e-07,1.1534370619853736e-07,1.9789914724704014e-06,7.403319359473056e-06,7.048480705702095e-07,2.3708561381174105e-05,1.5696144166119747e-05,5.078171486769096e-06,1.345014663972094e-05,5.0519689529289896e-05,0.00013062901359605844,7.869700774644108e-05,2.9770257917612653e-05,0.00025216882778173746,2.668109129364684e-05,3.633750506916663e-05,1.4894492055034774e-06,1.286145546330614e-05,1.4623018760129338e-05,4.9102954886302447e-05,3.632859467871243e-05,5.066385508389305e-06,8.69945823489048e-07,1.418915085246146e-05,2.3097433816891246e-06,1.768472232159547e-05,1.955578800426268e-06,0.000143839675796904,2.619188340269029e-07,3.5716439053713826e-07,2.123091557895614e-05,8.054763212297808e-07,3.980722951257234e-05,1.8694535040580553e-05,1.8097133142273356e-05,5.968265506142436e-07,2.496884944120078e-07,6.293321151764831e-05,3.0013753572065118e-06,3.953773308097438e-05,6.159452182469057e-07,1.055915552223055e-05,4.27930829527837e-05,4.4159326266625596e-05,0.000143121309166817,0.00011331153677168202,2.820869235142421e-07,2.0989407549629297e-05,9.55475062833441e-07,5.098586929452683e-05,4.635280832352987e-05,1.044089295814772e-05,8.851767988441398e-05,4.282643442236098e-06,3.549900734073808e-07,9.180120317049237e-07,0.0,2.3883376947233007e-06,1.2973693522908624e-05,1.1626068436408601e-05,0.00010458651112555622,8.342202542829269e-05,4.373722886677583e-06,1.2281434803403231e-06,1.0769460370261543e-05,1.723054404213759e-06,8.762122245615001e-05,5.427336116061598e-06,3.6830446190362385e-06,5.239394892608829e-07,6.179476625946694e-06,1.76164729428502e-07,2.8879749983715762e-05,8.55636004931353e-06,4.326099387331829e-05,0.00010830899664371155,9.056773932038341e-05,2.2016630759486697e-07,1.2516469560968562e-05,1.9891858232825536e-07,1.9777272261190585e-06,0.00010652183737756234,1.4283550088317098e-07,1.4691134218798385e-05,5.607011780792346e-05,8.003570973583976e-07,5.2162595857043204e-08,7.356047600500342e-06,1.4511442860276971e-05,2.2218278353726156e-06,4.7639480972082444e-06,2.9345722014183525e-07,3.5670433427736636e-05,1.8650062775964744e-06,1.0650045206337064e-05,9.216260212987523e-05
YI881281,5.591864246273186e-06,0.00014156548246073786,3.265877124204404e-05,3.681451838388522e-08,2.554591601363934e-06,9.990834989306206e-06,2.2708551049649187e-06,1.2226726568348876e-05,1.4723806024608861e-05,8.817497408910056e-06,5.096989319145284e-06,6.74164843012616e-07,2.223310904333485e-05,2.163557133335564e-06,2.7598401760733953e-06,1.2944497562118726e-05,0.00011118498842433188,1.1604137611685496e-05,1.0164715876442916e-05,1.980095920766792e-06,1.0451271241892628e-05,1.247225973443802e-05,1.914270610843764e-06,4.1942075833849114e-05,9.75650902714313e-06,0.00020480518566669354,2.304807254890795e-05,2.949834829000562e-06,9.874980977652943e-05,1.2232030440614989e-05,1.4514156834104953e-05,4.258427337741799e-07,8.072338916618562e-06,7.330413135782634e-06,6.055916632314342e-05,6.108986938592057e-06,7.447780823487762e-05,1.777330375095237e-05,3.3455162339443336e-06,2.4467021030554073e-05,4.2243599611875555e-07,2.269393288466207e-05,1.5292799475268456e-05,6.0944938797179634e-05,8.146746657359997e-06,0.00013499219469935154,4.346185690689879e-06,0.0012545908909860656,2.951829541804181e-05,1.5682220803482806e-06,4.819483766315564e-06,5.392340466022226e-07,6.4502587372504e-05,1.2087481230788925e-05,0.0001623093017729985,1.7451230437182387e-05,6.554338568983327e-06,2.0490439526846804e-06,1.700922998705545e-06,1.9281625798238487e-07,1.8815630675960877e-06,6.849505696778136e-07,4.969669326433212e-07,6.960178427306422e-06,3.424014373988171e-05,4.079063894090146e-05,6.510339534817967e-07,3.912880254992058e-06,0.00010754391178871244,1.4206231547057631e-05,1.3404474976126464e-06,7.055846792829013e-05,3.992572043200553e-06,2.3754870464915614e-07,0.00015409691200364916,0.0001168976233170241,4.241879775729473e-05,4.1648447818327556e-07,7.239565270086946e-06,3.10313273223963e-06,5.1805604578603885e-05,5.327696530382311e-05,4.510453856426823e-06,3.9703070185642205e-07,4.5554086996585e-06,3.2206968201295216e-05,7.397839887673648e-06,1.0077736241527347e-05,0.0018881550042606995,1.3008156722118596e-05,7.81013456359899e-06,2.467694223199083e-05,6.175031836355193e-05,3.275589862658277e-05,9.592594592320962e-05,5.952553726739789e-08,2.891774071768196e-05,4.502537854329771e-05,1.8517147593086997e-06,8.455237109563672e-06,0.0006961374729396401,1.3567261559001524e-05,2.707244830299189e-05,6.347674512177158e-05,6.3710342212783494e-06,5.2650739918865225e-06,5.52377676203653e-06,9.266325610860363e-06,5.9101889474672785e-05,3.4363997935380944e-06,2.3883376947233007e-06,0.0,7.258484956131351e-07,1.3427930054545958e-05,9.384586466606601e-07,5.087248616374327e-06,1.3305882251825575e-05,3.1591190530882777e-06,1.2406325075269594e-06,1.1865761178443289e-06,1.242935485231158e-06,0.00011160879152416619,4.630510009500193e-05,5.653620570356288e-07,2.390967453216939e-06,1.7220867355938938e-05,6.191622160477637e-06,2.2627432417860049e-07,1.0521564998045512e-05,1.331968654167573e-05,4.336337314382979e-05,2.7785340038885604e-06,4.16276436087431e-05,4.3596935193093146e-05,4.4736258128623285e-06,2.1227869997943744e-06,0.0003208564769249825,1.90967679616285e-05,1.0275068788725764e-07,1.0934316277541545e-05,1.7877860206524147e-05,4.694698234282169e-06,1.4287226323135069e-05,1.6453507762749688e-06,1.0295987141736812e-06,2.75800895364314e-06,4.446280465497269e-05,2.0323782370766295e-05,1.5445171604673716e-06,1.5106980002687802e-06
RF082219,1.7448434185256252e-07,1.3415589754917337e-06,3.235831862158391e-05,1.460306434109617e-07,3.4847132743784154e-07,1.4189335325909874e-07,3.1327643841370575e-08,2.0811166762513186e-05,3.703834121342615e-07,4.545080589863828e-06,3.0075782237155888e-06,4.107532374258417e-07,4.285047677757888e-05,4.1803346088012306e-05,4.418761664831929e-06,1.5978028448760833e-06,2.4489277488002105e-06,1.2492875156287393e-05,2.0142143290890027e-06,5.0704714229618625e-06,2.2522595251272035e-08,2.773030244020863e-06,2.9570273670072316e-06,3.966150087483536e-06,2.660727828185004e-07,4.157213631133293e-06,6.488939129196394e-05,1.664461396780722e-05,3.1423457861920775e-05,2.746679225774659e-05,3.5360514855261106e-05,1.1416870596480018e-06,9.06634887346587e-07,9.84837158778468e-07,1.3487110475629433e-07,8.907816598704632e-06,5.06651516098006e-07,4.273763477194758e-06,0.00021619444135198614,1.337294265582014e-05,8.365443189379965e-05,2.4706435716443676e-05,7.004835175767399e-05,7.444508359282065e-06,6.848229471996934e-05,5.858871223927206e-07,6.0907298882023756e-05,1.0701882025502522e-07,2.000534523864443e-05,3.568265277518877e-05,1.7602563204077634e-06,2.503688408823121e-06,1.4391885385822394e-05,1.9809245355356583e-06,2.432237841369028e-08,1.8964183817468842e-07,1.202971085577973e-05,1.1080871146589646e-06,0.00016884405349857213,4.572923959236469e-08,2.1649712682037046e-07,5.177778961717299e-07,3.9573328301545105e-07,6.054104148623467e-07,1.0897256838812158e-05,1.4846590743733661e-05,0.0007033921596947229,8.130924813244253e-06,2.585059344685907e-06,2.8676812635935655e-06,8.684474710241146e-06,6.978296981497005e-06,5.885624009400489e-06,5.5856471458402336e-06,8.738036903057357e-07,8.512828905687542e-06,1.3291334503829302e-08,0.0002752651505834573,1.1735925491447192e-06,1.3875561161643093e-06,9.93424161684052e-06,5.541160637326102e-06,5.024680284016457e-07,1.5794614612933651e-06,7.656737753323114e-07,0.00017719759315982703,9.815012754449615e-06,6.767882696144065e-06,1.3246675751189546e-05,1.006961533831088e-06,5.784037788277663e-06,0.00012665913547511902,1.7992409079552982e-07,5.7644580142666646e-05,5.984859396317369e-07,2.1348849706774717e-08,7.244291971602527e-05,2.965574304938776e-07,2.8055723841858645e-06,3.092253528300037e-06,1.3093865107488053e-05,8.727381556819245e-07,8.561392693041689e-07,1.4681265236180342e-05,1.758967276278672e-05,5.082062657019978e-08,1.3130734504452114e-05,7.898900432625105e-06,6.115870755754263e-05,9.871016366666355e-05,1.2973693522908624e-05,7.258484956131351e-07,0.0,1.8777282506840643e-07,9.798897459238608e-07,4.2215294136636767e-07,0.00011381206399922123,2.0228543078317966e-06,3.5339697789566536e-07,7.906802119974284e-07,6.73210710850193e-05,1.3673232019607085e-07,5.291077271280238e-07,0.00033641339206656956,0.001010577514490555,0.0005641497294782864,3.4042190181172235e-06,3.7718819622176146e-07,4.23866632964952e-06,1.3960243373394305e-05,4.906718891291601e-06,4.3036387399883154e-07,1.2691750733854489e-06,2.8320502031129924e-05,3.2414575252124864e-05,0.0005223274620113739,1.4348080963555818e-05,5.44999358082284e-08,9.95160071414451e-06,3.729561819586049e-05,6.033842956920896e-06,1.45365269260223e-05,2.0241478652256538e-07,1.3113964903880598e-05,1.0552073189805515e-06,1.023974453824732e-07,0.00011325652221969987,2.1884401574258505e-05,8.789478891952854e-06,9.102677070613541e-07
VD549560,1.619696065513872e-05,1.7404690686636553e-06,0.0006592181270746736,2.4825288977696244e-06,2.0358681049952825e-06,0.00017303911297826506,2.4660586490596327e-05,5.735920022342091e-05,2.0753938232575253e-05,6.156877094738288e-06,0.00022845067138243903,4.92641919334702e-07,2.2384605381357546e-05,2.693323338010609e-06,0.0002162973257821894,1.3179601452344368e-06,3.6440873741723275e-07,3.31728399413613e-06,1.4578400615384516e-05,4.136383396454469e-06,0.0002177450831611725,9.369250901231296e-06,6.248174159031009e-06,1.6096951125500665e-05,0.0002692797242447613,9.221456301265938e-07,2.745845330425931e-05,3.1885451744175663e-06,1.0526495967022505e-06,1.2349553474178258e-06,1.6026425262505297e-06,5.015701087447511e-06,4.703337342578992e-06,8.009383925791745e-07,2.402598993025568e-06,5.000449898534958e-05,9.256622330216125e-05,9.74057089695953e-07,1.2200820183683993e-08,4.643027474700721e-05,1.4939383645164412e-07,1.8375271260980176e-05,8.651619200314304e-06,8.527868477440034e-06,1.887223632330215e-08,2.119916842840752e-06,6.384182159776408e-06,0.00013419134831363136,1.23588035517028e-07,8.626639535672917e-07,0.0010960697290200835,3.0841411381650274e-07,3.05681416122578e-07,2.520485088787466e-05,0.00025010827566436853,7.160633524444918e-08,1.2236005608425888e-07,8.968826037793545e-05,1.7209593766123129e-06,9.026860861378716e-05,4.341145944464129e-06,2.4929208851037117e-06,2.5304580289012504e-05,1.4897631244225317e-05,2.006435013041227e-06,1.2670457154215986e-05,8.114982094217714e-08,1.6905969513633064e-06,0.0001784036200180976,6.907682208162491e-07,6.67564442829161e-09,7.06292624124877e-05,4.474943641811437e-05,5.09932780036426e-06,2.662578633821899e-05,4.539536792276161e-06,0.00011401181845798974,3.3471374518390185e-07,4.4050810980209575e-05,9.546159659735902e-07,1.8033834234188829e-07,5.2970548729312005e-05,1.1435470204645402e-06,2.624550586118223e-07,1.780749175284125e-05,3.904622250202391e-08,3.222272927004605e-06,4.3912756822093326e-05,6.708999070055385e-06,1.4213185147290978e-05,5.482886784302709e-08,2.380409385423297e-06,1.704061407850342e-05,2.2421703666397464e-06,5.527698903064204e-05,6.698280948064785e-05,1.382730906517608e-06,1.3506160759719458e-05,5.123491839061924e-07,8.372147811149478e-06,7.030888003331483e-06,7.236799712956102e-06,9.925941066364257e-06,2.1528991567879476e-05,0.00028044041213151275,0.00024489045053922127,6.076642318184337e-06,1.641829409527408e-05,3.9320100952275446e-05,2.7047159744890114e-06,1.1626068436408601e-05,1.3427930054545958e-05,1.8777282506840643e-07,0.0,9.882991249312118e-05,0.0002104402391179166,1.4766850966581144e-06,3.167536040845886e-05,7.247161387688016e-07,7.871494810870586e-07,7.238476346005198e-05,0.00038061947448546395,1.9094772641666777e-06,2.8274827653242094e-07,1.031413298054744e-06,5.891385935725364e-08,2.375444989921957e-05,2.3582805844810235e-06,1.502975437501364e-05,9.024005906922709e-06,8.907855475504212e-06,9.369898412074152e-07,5.794779556988893e-07,8.629498438257702e-07,2.9671809613776676e-05,4.333316237342835e-06,3.238886843616761e-07,2.494701967919512e-05,2.9532969022181027e-07,4.12503476915737e-06,1.1757027279887647e-06,2.0786169618606504e-05,1.0507838848347392e-05,2.4774490597359358e-05,1.0048885056924097e-05,6.1144802934197e-06,4.811962024465341e-06,1.9422736620938322e-07,3.1753616026207963e-06,9.075108958479687e-05
QN407818,1.1405261288208684e-06,3.3164748847433e-05,3.026918349534315e-06,1.5683404133230297e-05,1.1451346002137927e-05,2.3864620067204604e-06,9.52379609940564e-05,2.0701886672811573e-05,4.658888974866857e-05,4.379093229638998e-05,0.0001709093011369522,3.9705374302066684e-05,5.121498419376315e-06,1.5945328653082685e-05,3.917768390818383e-05,8.232551425138817e-06,1.6747917348748515e-07,1.2541669058373712e-05,0.0006768401998808028,8.803807050785775e-07,0.00012235713705059922,2.586973330429692e-05,8.910985544918834e-05,1.1419232941196335e-06,9.001845477282929e-07,8.367288970960144e-07,2.4138540989967134e-06,4.781583484052416e-05,2.778056381145579e-07,1.159121828854343e-05,1.2121529128519875e-06,8.80512023039072e-05,1.5591296860306367e-06,7.120770468747479e-06,1.0689459229889634e-05,0.00010388048378062254,3.0065612697171875e-05,6.158501849475044e-06,3.6105896685488253e-06,3.527408483332259e-05,4.915059578545646e-06,2.5428786365694265e-05,3.0026949311239847e-05,4.655081018872252e-06,1.1703126145476611e-08,1.2715926822525624e-05,4.723690913333444e-05,2.1443509838492445e-06,2.184190111518594e-06,8.947677161820274e-06,3.292823515035629e-05,3.466139161487915e-05,9.68390227582684e-08,1.8532374048339206e-05,1.8759703233708602e-05,4.799397062178377e-07,8.402386219410804e-07,0.0013504244177998926,1.2129333654619893e-07,0.00016203652285056615,2.915330843044392e-06,9.759326366089101e-06,2.193178513555738e-06,3.647530438788378e-05,8.00416014273341e-06,1.3370082331343041e-05,3.85228556912932e-07,0.0003118230644291761,6.918825264195461e-06,2.0241265143529045e-05,1.087809682777425e-07,1.8891578928274644e-06,1.029919171819672e-05,9.659775982436433e-05,1.3714932079791262e-05,3.1465786340951107e-06,1.1729523749349076e-05,6.355443365922525e-06,1.8221391441359469e-06,1.7351174860140856e-05,9.3434202182615e-07,5.719817943365838e-06,3.235714788063721e-07,3.801425653570166e-07,0.0002231677181876369,6.365870416256001e-08,2.0502228125866184e-05,7.660803057370963e-05,1.5531903456288367e-06,3.6184828066169315e-05,2.2802877572676604e-07,2.5101800711728715e-05,7.2039958298923e-05,1.8444043808399628e-05,7.461504917371954e-06,7.909461908985411e-05,1.725914010150858e-05,3.6117114340684476e-05,0.00019351954934904476,4.816170300456636e-06,1.9331200517248376e-06,0.00021903439374001377,1.8883791210679936e-05,3.219739205995517e-06,4.895512180817543e-06,5.55795636373251e-05,3.010294940941448e-06,1.5120676709264765e-05,2.203129378396101e-06,5.075957748741841e-06,0.00010458651112555622,9.384586466606601e-07,9.798897459238608e-07,9.882991249312118e-05,0.0,0.00026660625855141386,3.972576512830441e-06,1.7998820294439338e-05,7.81525476054157e-05,4.896684577108833e-07,4.483169895345115e-05,0.00033330331686847456,1.2822866323931543e-05,1.511270630059146e-06,6.405734880431838e-06,9.140665829892903e-08,3.064762798929523e-06,3.0113203763411595e-06,1.3999628431640077e-06,3.9895915226877055e-06,2.1543839182409228e-05,2.630011367742305e-07,8.890098676020567e-06,7.286180906512256e-07,4.3497421504906615e-05,9.239729198953513e-06,2.97832466133513e-07,3.290557074728223e-06,6.566935486966495e-06,9.788383264330246e-07,1.4177358458033007e-07,0.0001376872583201779,9.378730432149597e-06,1.4062883729290962e-05,6.029041660920231e-06,8.056057336753845e-07,9.41718485193619e-06,1.1751810831235232e-07,2.0353607811906288e-05,0.00015032539303971976
VO771577,2.3488838927744293e-05,1.6493546326630587e-06,1.679763216248664e-06,3.7542069115300947e-05,5.0416823508101696e-05,0.00013995373967978393,4.69533158963159e-05,1.2063840000330677e-05,2.3496195139792837e-05,0.00029205011099192016,1.5204158430812015e-05,3.946974204596524e-05,1.5630960206236365e-05,1.2846054762597738e-05,2.079708613254103e-05,5.634923726267617e-06,2.9171310226397806e-06,4.4058689243818456e-05,7.640804465579571e-05,1.0924562792024801e-05,1.1757141965860103e-05,0.000231252785216864,3.413267187876361e-05,0.0007231238864537545,4.17764243219175e-05,3.2388536866795245e-06,3.0912912501379823e-06,7.005495472859847e-05,1.362640756915714e-07,1.5506162943744528e-06,4.069330192660649e-06,2.0100056601325332e-05,4.230927369404351e-06,6.0851156738841494e-05,3.6492583310829166e-05,1.3555336502127935e-05,1.2234105766344544e-06,3.214443160421718e-05,5.2092835392936705e-06,0.00034661808252514246,1.529164728922638e-05,9.939155785760877e-06,0.0001736535698493325,4.0768786230186194e-05,1.1316841680000484e-07,4.24918699520874e-05,1.0158104079851601e-06,4.2078465800805634e-05,2.4447951788145482e-05,3.8798970064568234e-05,5.859597262963921e-05,6.058054147316219e-06,6.943029773058105e-07,3.603663945828131e-06,7.648259239236906e-06,6.874444038477676e-06,3.2744736390819267e-06,0.00034700779644160806,8.974456643580742e-07,3.724190973116901e-05,5.89905630767826e-05,3.746296622875277e-06,3.402782302850594e-05,0.00030814091010612424,1.8098966874051687e-05,2.348605488968088e-06,8.965117515724329e-07,1.1977181411978756e-05,3.088629151443963e-05,4.7569937898277425e-05,9.592431543044188e-05,2.598112040951171e-07,4.401695677470952e-05,5.4175520645649805e-06,1.5897894094321814e-06,3.0591166474519425e-06,7.16397966624681e-06,5.211562017984001e-06,4.2796690144312324e-06,2.2148856242167143e-05,1.4014715727354226e-06,4.801439320496805e-06,3.479302570757327e-06,4.513226711161002e-05,0.00036695714371660573,9.255514828500084e-07,3.8265445123946464e-06,9.390161831434553e-06,8.265694873200385e-06,3.660285272248131e-05,1.187606233030769e-05,1.2428277634043409e-05,4.99368564804335e-05,1.7048553348446085e-06,2.608211061818282e-05,0.0002685793251813298,5.80211948790392e-06,4.322420461941643e-06,0.00012989932756822222,0.00012750371863201536,9.926349112972953e-08,6.493284795859269e-06,6.104174425683729e-07,1.4858311043329169e-05,0.00010844755770087589,1.612830733860569e-05,0.000492152366059196,1.4164234184513407e-05,5.323820872180275e-07,2.1657189808318195e-06,8.342202542829269e-05,5.087248616374327e-06,4.2215294136636767e-07,0.0002104402391179166,0.00026660625855141386,0.0,8.557343267411897e-06,0.0002532501985548037,1.3048745748607133e-05,9.219898797585753e-06,7.79016389343891e-06,0.0008670350047595639,0.00010435463078881708,9.556222970322826e-07,6.836539300177659e-06,2.6272967713229084e-07,0.0003305400768530592,2.5496700139642945e-05,1.4269763288354607e-06,2.3569741102139844e-07,1.0955842144657545e-05,2.0227239608166717e-06,2.346246602553475e-06,3.1534654963531786e-06,7.0967619081198525e-06,5.354930598438899e-05,5.505306430228546e-06,2.6164779125492833e-06,2.823758671634468e-05,3.830487268782916e-06,1.0410581254473224e-05,9.09605321642945e-05,5.733634881873296e-05,1.6899917845215757e-05,9.573119420220677e-06,0.0001403724372823203,1.0605181069228234e-06,1.9528888387178646e-06,5.338650560047394e-05,5.133616195361141e-06
AW127455,6.152302846228737e-07,3.778359870836569e-06,3.2373207247346e-05,8.782868963291089e-08,4.512033391343258e-06,1.0248655546106738e-06,2.087309262961104e-06,7.359625630559805e-05,2.343484734094489e-06,4.154160112521156e-06,4.735217063184279e-07,2.182097394415181e-06,3.6580140924140174e-05,0.0001479146240315812,6.569885847762699e-07,2.9770329142106615e-06,1.905986143578915e-05,0.0002639239092038516,7.541988456021077e-05,1.2129141430535863e-06,7.933483858207462e-08,3.2012336802375856e-05,1.5628904948544048e-06,2.315100636796233e-06,5.939200722306369e-06,0.00020409718279434943,3.525220613676157e-06,2.428272935355113e-06,3.114776400310129e-05,1.0801840244063855e-05,0.00010169473352482928,2.59466168998607e-06,2.5187746926429116e-06,2.7696211334709996e-05,9.063496608010501e-07,0.00018554832728670997,3.6688647904799616e-06,5.8345082081073415e-05,1.2576553923770579e-05,2.084274178122937e-05,4.232757437554e-05,0.00015530684257619425,1.0840754301930714e-05,1.1961853386616143e-05,5.1496610834298185e-05,3.391503951355582e-05,4.3735334539832326e-05,1.1004968700824724e-06,6.485126379702853e-05,5.65879451289134e-05,2.85511884363649e-06,1.4180781975405657e-06,1.96995284302519e-05,4.465586223690005e-08,2.65531436970351e-06,4.3622485170970365e-05,2.816925518257295e-05,2.4746190616033208e-05,2.427418516829844e-05,1.4571307823620995e-07,3.6368754848293713e-06,1.5647348703278528e-07,2.188844171434121e-07,1.4397107755614587e-06,0.0003475271797351631,2.627093478729784e-06,3.3222100307722483e-06,7.985563601712349e-07,7.929977553100083e-06,3.258068817691807e-06,8.013568404789299e-05,1.166169756419099e-06,8.638316081832961e-06,3.7919029157905713e-07,2.4366923155033238e-05,2.2203967884218885e-05,4.131067846532068e-07,2.999087908978826e-05,3.9739303691384684e-07,3.8998561218546123e-07,0.0001019539156715953,4.6014878657165374e-07,1.885676479512341e-06,0.0001803538410409561,1.5793344616265245e-05,4.6538371373825525e-05,4.574024405966371e-05,5.0368122168652015e-05,7.733890493547078e-05,0.0003445982512230428,2.8589370415473468e-05,0.00011816024988254029,5.741220232130648e-07,6.640513803899904e-05,2.857053878161254e-06,2.408477477540722e-07,6.941589323083326e-05,3.03208096291603e-06,2.7649914593465536e-06,6.445543461753971e-06,4.9375266206222196e-06,1.7903794793820835e-06,2.0130083122170845e-06,1.1437876534650365e-05,1.0633295526159233e-05,1.330012702530272e-07,1.8091451823495933e-06,6.630802666115204e-06,8.844866200481795e-05,0.0012841441861958687,4.373722886677583e-06,1.3305882251825575e-05,0.00011381206399922123,1.4766850966581144e-06,3.972576512830441e-06,8.557343267411897e-06,0.0,0.000672222004229342,1.442428655762353e-06,4.378979791639665e-07,1.3032273703586474e-05,2.813279024611559e-06,1.7183905232682743e-05,2.9012518085912742e-05,0.0001778329766454111,0.00020254360286354185,2.2002770034825485e-05,5.190740961030158e-08,0.00016201886994651637,1.9909311949772797e-06,3.566392770892305e-05,4.232795721290666e-08,3.32149821077623e-05,4.2360297837142584e-05,7.553887443093152e-05,0.00010030168257850025,8.20567723364298e-05,2.0080109498213676e-08,1.4394170542385054e-07,3.0495903261414868e-05,6.497502692356694e-05,2.2153017180867138e-05,5.2097356530187685e-06,1.729247828970809e-06,3.9431975491136193e-07,4.0991763921371416e-07,2.646844778101941e-05,1.3850685588184218e-06,1.7849678916362295e-05,1.2302416677645088e-06
IL262189,1.4324608104018117e-06,2.0798134365745386e-06,1.3587852398249841e-05,7.661613498801297e-07,7.689183924754948e-06,7.412062282914552e-06,3.037642145876472e-06,1.7301728903769942e-05,3.893913128027212e-05,3.160853235872731e-05,4.9456065623815075e-06,1.0100350607577603e-05,0.00014662180785478832,8.155029882686888e-06,1.6979319191580076e-06,1.0266463675110148e-07,4.117074894882284e-06,8.497583572101547e-05,3.577364372397118e-05,1.161300276994715e-05,1.3831195552427453e-05,6.84021305701106e-05,2.9907200550379077e-06,1.705419103110522e-05,7.223689667348246e-06,0.00021099248011176573,2.416063607871426e-06,2.6732361750561546e-06,1.125408855729395e-06,3.619685198480216e-07,3.60267301682597e-05,9.25405853161129e-06,1.2112196150732366e-05,0.0005440645407937609,1.3312462199617901e-06,1.835235998808144e-05,2.5846738182378694e-06,6.721730468834033e-06,4.85208589586976e-06,3.85594559677216e-06,4.551579759894644e-05,8.847064153249768e-05,1.4433773125527794e-05,2.0501013261678237e-05,4.2784154902449234e-06,2.4660427017868535e-05,1.9423661282578353e-06,4.082566794799744e-06,6.448912675360915e-06,1.4768052399516884e-06,1.0010373335120335e-05,3.344004109042456e-07,4.57759518273895e-06,9.939149387407132e-09,1.2163465485938345e-05,0.00021215481350008716,5.9831766146093606e-05,0.0005730835777180659,2.6778436341572317e-05,8.774260222311318e-07,8.050597880333369e-05,1.3782245055581295e-07,7.826947478097365e-08,1.0085550698206486e-05,4.4705947364913534e-05,6.733706298797803e-07,3.249216845024215e-07,5.469200802937844e-07,1.6079528889714548e-06,8.195022044712593e-06,2.6956234414604146e-05,1.0091398422600386e-05,3.316419965788444e-05,1.3936757584485078e-07,2.148531135040256e-06,1.5677679327013962e-05,3.9089980752413215e-06,2.2340603605915457e-05,1.386512928996385e-05,2.3801112292141741e-07,2.5209206773941158e-06,9.647728325140669e-08,1.785159649014363e-06,5.6165755338732535e-05,4.390149544536283e-05,3.352226565161135e-06,1.2386573465976347e-05,1.469403191981392e-05,2.914508758479123e-06,0.00036506378652887295,4.57130476515967e-05,7.437646965528831e-06,1.995933220467093e-05,3.5463428930861406e-06,1.8878906320257055e-05,1.0803906946184355e-05,2.0883576220568246e-05,1.7445043497907787e-05,1.9544566116638293e-05,0.0003241983141563202,8.470725502825705e-07,1.1161012027191336e-06,2.2116239167910516e-05,4.558781444931175e-07,2.5055138691062207e-06,4.827740197588165e-07,1.1133905024777048e-05,3.369704290395123e-05,9.85870082697789e-06,3.2945687087414576e-05,1.2281434803403231e-06,3.1591190530882777e-06,2.0228543078317966e-06,3.167536040845886e-05,1.7998820294439338e-05,0.0002532501985548037,0.000672222004229342,0.0,6.236622226225569e-06,7.278932223945015e-07,2.508597146406044e-06,6.77114005718042e-06,0.00045402380204920777,6.882345216394404e-06,1.5863373730612186e-06,2.434197047936772e-05,9.921523174248839e-06,2.024198140860321e-08,4.178205716353204e-05,4.1255473625362224e-08,3.3566937455231043e-06,3.3466924554904214e-08,2.4668999815764056e-05,8.717957059644255e-06,7.528971778000878e-06,4.875624077126005e-06,2.0581397547055122e-05,7.659944818865801e-08,5.70344296834353e-07,2.271318430624123e-05,0.00010392690934030062,3.89559964590402e-06,0.00045434635761753227,1.642419507551154e-07,1.5128542262589336e-07,1.448854133075475e-05,2.9523588479787542e-05,3.292549496337757e-07,4.518372751247433e-05,2.269031660949005e-07
GP748023,1.205730234570537e-06,8.810767358569069e-07,1.0787779156496889e-07,3.2689885089600486e-05,1.556698964980963e-05,2.9395680723764895e-05,0.00015496498884595312,4.0666337690974836e-07,1.8033249888911482e-05,4.482099825131115e-06,9.220125621868725e-05,6.575435347439299e-05,1.0074042488151701e-06,2.8198626233432838e-06,1.9526848382369784e-06,6.575142909815334e-06,2.4033493344986288e-08,4.4282534679156234e-06,9.397323419082513e-05,6.246927399204791e-06,2.2427553019156487e-05,0.000253457491579781,3.1360635970240335e-05,3.0379281971732202e-06,1.4688550363628937e-06,2.117987826753493e-06,1.2626919037045135e-07,1.8636504235275644e-05,2.532934314355067e-07,1.5469995290026763e-06,1.025659939645009e-07,0.0007708421348683499,4.5320349601824174e-05,5.467475655194017e-05,7.059633090905302e-05,0.00011379692860203272,4.51122566654375e-06,2.878559352143723e-05,3.3415683444731565e-05,9.927088188375624e-06,3.30741329574452e-05,1.4342994824732926e-06,1.1682005519303916e-05,4.710484460332683e-07,1.2943981215846505e-07,3.014470298618738e-06,5.878212026316984e-06,1.5371238605957457e-05,7.655531576270588e-06,4.231533491962275e-06,7.062250141315108e-07,7.814463179930343e-05,1.9458025434057568e-07,6.955259423866438e-06,1.0011212182341253e-05,1.430293611350191e-05,1.2792463971855163e-06,2.5967801553320707e-05,1.6881611756037042e-07,0.00016571992483921174,1.1391934652185987e-05,2.1388632674298844e-05,3.486820833789556e-06,1.5153700581988303e-05,1.2451036012094024e-06,4.645123793493023e-07,4.5450670654581256e-06,0.0004173013197188343,5.718480085641963e-07,9.470459562361753e-05,3.053375324582511e-05,2.2954572964079823e-06,4.402508766009622e-06,3.061739707886451e-05,2.6456576496337343e-06,5.041008705431348e-06,2.9765451557688122e-06,1.0886836011911102e-05,0.00014506068969113818,9.856486664578487e-05,1.6118920866434227e-05,1.2832517453649167e-07,4.988799691119084e-06,3.1166323455775607e-06,0.0007744058260530203,6.9950082507244225e-09,2.957125849878596e-05,5.078163644197934e-06,3.449758516204612e-07,2.1797771191979117e-05,1.8923914250929394e-07,1.2099641252124058e-06,2.4717610933563942e-05,3.62463157291796e-05,1.9175814747922303e-06,4.6977067225405395e-06,1.0848553675040888e-06,2.410667315959535e-06,8.343645852461082e-05,7.889941634255323e-06,1.2050896190014032e-06,1.8064390236775418e-05,1.1277604472294322e-07,8.193091945296126e-08,5.072605464287181e-07,0.00028944620967098056,1.6801820911514265e-07,4.1486386894143995e-06,7.797827284159183e-09,8.96299020310513e-08,1.0769460370261543e-05,1.2406325075269594e-06,3.5339697789566536e-07,7.247161387688016e-07,7.81525476054157e-05,1.3048745748607133e-05,1.442428655762353e-06,6.236622226225569e-06,0.0,1.0750817522968598e-06,2.9739156317618215e-06,1.9172811038737843e-05,4.5279950043013766e-05,1.9065939709854343e-06,5.7446876773571e-06,1.1504057472220327e-07,1.624209084835794e-06,1.3240055385953317e-06,2.0331771772627356e-08,5.801552603239754e-07,9.383447255664911e-08,0.0001091482124848041,2.7083411924086463e-05,4.607818342963401e-07,1.711746416001655e-05,3.7879051546275583e-06,4.745280386329693e-08,0.00019343120379517522,7.69617474919438e-06,3.7516566680874197e-06,1.0927634875555865e-05,2.4826629752123305e-05,7.92215051855494e-05,1.4777611525761262e-06,1.9516154052459642e-07,4.7884891811828715e-06,1.2038300267321106e-05,8.382939202885605e-08,9.82048651690266e-05,1.2113976438885553e-05
KO314747,0.0010315717569657035,5.467732593930767e-07,3.42338023763832e-06,1.8506218506641453e-05,3.0488938436335842e-05,4.274299095572304e-05,3.5768463406500886e-06,1.332848346653895e-05,2.375383990875187e-06,2.8970176418088304e-06,4.936314959332133e-06,3.4888786086688115e-05,3.1836772426644773e-07,1.1108155913317544e-05,8.15183977394897e-06,1.336545716375634e-06,2.199809721542396e-05,3.405664441905396e-07,1.4798517187623654e-06,6.900928195425022e-05,6.129662451249999e-06,2.209937948157824e-05,1.5959482638669997e-05,1.547463279196892e-05,0.00019975253246146775,9.28798598639127e-07,8.662327411260026e-06,6.655098656608314e-06,1.400730766163752e-06,2.4987429947553198e-08,7.0950209466301055e-06,5.900518117642974e-07,0.000200356147184157,1.2969293231317692e-05,2.1036391981367022e-05,5.56740647970717e-07,3.12709510912938e-09,4.535484515434597e-06,2.0032452216707258e-06,6.602042309278644e-07,2.1955937325681172e-05,2.680924603570027e-06,5.379970074942687e-06,6.523496219653272e-06,1.8208455230847432e-06,1.3118036282512998e-06,1.7064554695953083e-07,8.17947931112867e-06,6.85241096202389e-06,3.6500451909422645e-06,6.650249553113501e-05,2.896177470313271e-07,2.6077979689064534e-05,3.3743282513642276e-07,1.2569176782248716e-07,1.66709363593253e-07,7.096140573354925e-06,3.3654207410327443e-06,4.725935389425636e-06,2.5956335257998152e-06,1.5380718789556133e-05,1.6217276544968304e-06,9.247705395773009e-05,1.5511418089775932e-05,5.923297023888789e-06,6.192246482748375e-07,1.8500096363850746e-05,3.650383330980948e-07,5.343448137996836e-06,5.7747308697873205e-06,2.7264383518693774e-06,1.3570069320349457e-05,0.0003745382345198508,2.75700018474595e-06,1.2884132919889587e-07,3.1421596500213294e-05,2.0033567346193625e-05,1.8644687631070724e-06,1.6477657616772716e-06,0.0001412173040655828,9.314222713572074e-06,7.31750709250002e-07,0.00110530957556824,2.630691315491333e-05,2.7138321810541956e-06,2.4773128280415905e-06,1.2345646719035886e-06,4.957881447238634e-06,3.3397472707040264e-06,1.8468939876685692e-06,6.976633950987682e-06,3.6430265198412616e-07,1.8199237626210885e-06,4.908835711352131e-06,6.396403775392267e-06,2.0984947864194656e-05,1.7136959537837124e-06,1.9134787073942692e-07,8.851911360638823e-06,3.668599601192688e-05,2.944724735576499e-07,2.444935992201261e-06,2.4474106692961253e-07,8.717429335632108e-06,1.0425141282573029e-05,1.6646802578248238e-07,5.376607259840747e-05,5.941401653834371e-07,1.1737330538761945e-07,1.4796242944137007e-06,1.723054404213759e-06,1.1865761178443289e-06,7.906802119974284e-07,7.871494810870586e-07,4.896684577108833e-07,9.219898797585753e-06,4.378979791639665e-07,7.278932223945015e-07,1.0750817522968598e-06,0.0,2.9843680857751714e-06,1.920043786091434e-06,2.3219182346740513e-07,4.410759564807959e-07,3.609131489235625e-06,7.6074806332586525e-06,5.012201145973082e-05,0.00030851897649918916,1.9532813543423906e-07,1.0586891062748689e-07,7.236806101460393e-06,2.1784154955337366e-05,3.4439410149027694e-07,1.797701522054566e-05,8.266624805255702e-06,3.291977334674364e-05,8.063327249721666e-07,2.2789669314928376e-05,9.513722258337527e-05,2.471086747809757e-05,2.488078141058537e-05,3.6808211796525362e-06,9.806310388854197e-06,4.7869626666419276e-05,0.00012187546621087699,9.329535904105402e-05,2.0140498938349074e-06,0.0007316502311284871,1.3456146095288581e-05,6.6083043375301255e-09
BY520328,5.71256478078568e-06,3.9952319707551095e-07,5.2142974461863804e-05,1.580930495586622e-06,1.207363235927664e-06,2.1677303452476465e-07,4.084212286190198e-05,4.754056532481148e-05,2.122386147100728e-06,2.4356401733654493e-05,0.00011401834862305269,6.786037199539419e-07,0.0003300132947910583,6.361505743246762e-06,0.00022199377363491164,1.6929769685981268e-07,1.2225387477471853e-08,3.185200109180505e-07,2.6643207874438264e-06,2.808180220054999e-07,4.808608672351153e-07,4.4338145098702966e-07,3.364817517713256e-05,7.661892735353254e-07,5.762310515960805e-06,1.49669035360283e-07,9.381582628925567e-05,1.235561112017421e-05,6.096844937352188e-05,0.00011525315731068358,4.833002031233685e-06,4.3138929663274233e-07,1.0217570109148398e-05,3.8893621320196745e-07,2.1315565503592174e-05,5.171359062146574e-05,1.2572320551177979e-05,1.0052242105125203e-05,1.1475528665428087e-06,4.1606116200518874e-05,0.00014468845283694594,9.938698826749811e-06,1.919814108915176e-05,4.297437428166398e-05,6.2408150042971545e-09,1.1189563764077434e-07,2.09714788164899e-05,8.832572708843871e-07,8.743370253052512e-06,1.0254611809343637e-05,2.105924623945697e-05,6.759684733603153e-05,3.4950521397245168e-06,6.578654206495772e-05,1.194587945237277e-07,9.840820238247858e-08,1.3022938087802527e-06,8.904926920110911e-05,1.167000399161391e-06,2.7595385079965354e-05,7.4295657260196515e-06,7.105227803832832e-07,3.0512717428683376e-06,4.429425608985459e-06,0.00013958300878246353,4.802714456387495e-05,5.090533476047752e-06,4.313201881161822e-06,3.102346351773044e-05,3.396152894821439e-06,1.0895030391297902e-07,1.5827345040854208e-05,4.954889122630434e-06,0.0001244235436653652,0.00033112015843647554,4.2526369854582384e-05,9.067099387437814e-06,1.555611048514379e-05,3.848731248940614e-05,2.5132281541250633e-05,9.476611972221321e-07,3.512196994679703e-05,3.4500154840398803e-06,3.123870812126111e-06,7.820252952087087e-05,9.708569974685764e-07,2.265864586568853e-05,0.0016610641345670273,5.780708213854605e-06,4.457591706822087e-06,1.7263831235820037e-07,2.5888981758839437e-05,3.3362715440831306e-06,2.848810210213406e-05,2.7157300980290683e-06,0.00028375496429738076,6.329344004940398e-05,3.84464764974067e-06,1.472108213316133e-05,4.5890814855483085e-06,9.552372529243426e-06,5.6309736133618186e-05,1.5863503992047507e-07,3.9488328437767834e-06,0.0001024407527372116,5.8552776272162635e-06,1.1625174769573442e-05,1.6511023950766279e-07,1.3017315419587578e-05,1.482556101812279e-05,8.762122245615001e-05,1.242935485231158e-06,6.73210710850193e-05,7.238476346005198e-05,4.483169895345115e-05,7.79016389343891e-06,1.3032273703586474e-05,2.508597146406044e-06,2.9739156317618215e-06,2.9843680857751714e-06,0.0,4.028169610224622e-06,1.7214129789846345e-06,5.694409077605424e-07,9.427473528906214e-05,6.54721339542417e-06,3.127862896164389e-06,1.927609488100453e-05,5.8699748934410865e-06,0.0001394000326945666,4.5019901520097896e-05,2.358252406139956e-06,6.981937397825295e-08,1.2224730914094105e-05,3.448255010830998e-05,0.0005994201751837554,8.797427684098021e-08,2.9952489932723985e-06,1.6783909615596351e-06,2.880942335965999e-05,2.5302963182720574e-06,2.5265920525707864e-05,3.468774540229948e-07,4.327900071459932e-06,8.759331867957723e-06,6.649153778292924e-07,7.125908904772197e-05,3.1806833521119804e-06,1.8445266099374287e-06,2.9226763781293302e-05
HV465250,3.2738625567639855e-05,2.704891875849339e-06,1.6586246358400175e-05,8.638056856986836e-07,2.736905631548351e-06,3.4861180921273945e-05,0.0002283231477413218,3.0572094436032194e-05,2.8392132251735074e-05,8.40967494767745e-06,2.8552115964318657e-05,1.912579409280225e-06,5.391910934154875e-06,8.312080198250057e-05,0.0001920066543661014,3.6682213916134277e-06,1.249073055599652e-06,4.0864033938692086e-06,0.0002520622670626709,1.4140536871176679e-06,0.00021965949093889653,0.0004189364159691692,1.6564000001579245e-05,2.9417102561831704e-05,9.353635917977636e-05,7.66254370362911e-05,2.22736863208109e-06,1.7871560913791195e-06,5.845855471986462e-06,3.1230622266989405e-05,7.099485409775676e-06,4.911204242102441e-06,3.726274387659144e-07,6.619687388282218e-06,4.009525975369714e-05,9.477630707556253e-05,1.0916163138479312e-05,9.375231732656509e-06,1.385163701624717e-06,3.733937364667075e-05,6.433327324880937e-08,0.00013923853277785625,3.823240102505123e-05,1.749621859466011e-05,1.1640582755639681e-08,1.3655626789215413e-05,1.4293345064440677e-06,0.0004348976660572721,3.669154994375634e-06,5.338792831360798e-06,9.652647190434184e-06,1.1888045801078045e-06,3.993525269922412e-07,1.4569590539537132e-05,0.00014622360848933041,8.246405260248174e-07,4.893697120538212e-08,3.831271438463405e-05,5.226412954682231e-08,3.0022722789723e-05,1.669912800674478e-05,4.2745752298943604e-06,5.826902357699922e-06,6.939110728027969e-06,2.0969803246241784e-06,1.6209156729023867e-05,3.5186863789682724e-08,9.918168820786747e-06,5.9732956667598536e-05,1.096489969512879e-06,3.296800057185743e-08,9.899944261919276e-06,8.639402486165695e-06,3.164822672977775e-07,4.599047016872097e-06,1.3755204663466865e-05,0.00019086857446629432,1.4357750868208194e-07,4.1015875292075503e-07,3.246846482798837e-05,7.724981511996708e-06,2.4631102608927033e-05,9.253494915212193e-07,4.5031907191947607e-07,0.00017419405128691617,2.8744478892205253e-07,1.1879031849353749e-05,4.119158301475588e-05,0.0003603221583700384,0.00013848794016143172,1.8750175380759187e-07,1.2936903618232558e-05,0.00014835007818812676,1.0861116549283105e-05,7.263557035602798e-05,1.8917866814618044e-05,1.1328554065129204e-06,2.167284654058669e-06,1.818366263014157e-06,1.2341471831621254e-06,2.157371015690863e-06,9.154562002129157e-05,3.177194102499466e-06,2.2093452607076804e-06,5.766885625261532e-05,2.011338593046504e-05,1.6449098510498005e-05,7.151204207237336e-06,3.5270281863902076e-06,4.102466117021841e-07,5.427336116061598e-06,0.00011160879152416619,1.3673232019607085e-07,0.00038061947448546395,0.00033330331686847456,0.0008670350047595639,2.813279024611559e-06,6.77114005718042e-06,1.9172811038737843e-05,1.920043786091434e-06,4.028169610224622e-06,0.0,3.537572628529128e-05,9.6120519374405e-07,2.1373069846586763e-06,4.2273848946289505e-07,1.6724636596908505e-06,1.342267205857058e-05,2.046454299014916e-07,5.835101581729631e-05,1.260844837557991e-05,2.0003792629825433e-07,4.932885438853539e-07,3.0066559654006406e-05,1.8166249027354136e-05,9.006962309736937e-07,3.2008498338365485e-07,2.6007769013728128e-05,1.6105894921406165e-07,4.457210539688928e-07,1.04561597448761e-06,7.571791069563436e-05,1.1432816294904772e-05,6.067154840736014e-06,1.5098885442729812e-06,2.1520373391086078e-06,1.3647037626044846e-06,3.3434709306788124e-07,4.451002837007633e-05,0.00024878016686786755
FA291539,6.683455538419602e-07,6.0680291252249005e-05,8.475366742953574e-06,1.5817670946733957e-06,7.960760969292503e-06,1.1830598571547785e-06,1.4096787540593738e-05,4.739308622926178e-06,1.7957056991047536e-05,4.922886790793841e-05,2.5548375242254122e-05,5.7941504823531756e-06,7.576171355545375e-05,5.297207446216367e-06,1.143164410162526e-06,5.093539670115707e-07,2.196420808567209e-07,6.056659766580139e-06,1.933898108125384e-05,3.1898622198053234e-06,9.896833878940272e-06,8.16327753449366e-06,1.576885868113823e-05,1.5469726661497813e-05,3.590593224597502e-06,1.8349005492505004e-05,4.488050296470649e-06,7.151047206430238e-06,6.74923638991295e-07,1.564228888450378e-05,0.00018294459625875208,9.392777620069022e-07,1.982048339553474e-06,0.0008458579477673527,1.170396760274978e-05,4.652639239828546e-06,0.00011950703341840309,1.1291154989454931e-05,2.7862065982567837e-05,2.7869831958601146e-05,2.215330206467252e-06,8.141415193701721e-06,9.842987559269678e-06,7.986277448075058e-05,4.19812394869139e-06,7.304631700409438e-06,1.9381630937244463e-05,1.4247601469994496e-05,2.504067158424543e-06,5.586536751322491e-07,2.589426064837814e-07,1.4252521404849583e-06,8.254173660804764e-06,6.42614094074399e-06,1.2942671545961652e-05,0.0008571720917544553,1.6820920309978065e-05,0.00010368731880881104,6.299443347670095e-08,1.2772684210443974e-05,7.740646834329193e-05,8.778730275085066e-07,1.7607849316313438e-07,5.8009224707058644e-05,0.00012703877363858305,1.2622883499022914e-05,1.1079922906451335e-06,4.2062412143209736e-05,3.4311502826518653e-06,1.3655852144441214e-05,6.455997692006928e-05,7.649863805123176e-06,2.143943395615425e-06,8.563811211477361e-08,2.4463557577693597e-05,2.5636238813258102e-05,8.100025957124383e-06,6.337827251551555e-07,4.5252148654648195e-05,1.1847898003009348e-06,4.020130084962451e-06,1.7389682643635246e-06,1.5371503213048035e-07,4.999473546381948e-07,4.3390546730148414e-05,2.5284636814038025e-06,1.2706867297422351e-05,1.8336634132757903e-05,8.641326859853747e-06,3.27471116862264e-05,5.647806765216664e-06,5.5990961135269366e-05,3.614275059239507e-05,1.0319836311428476e-05,0.0008906336631141633,3.2322361907802727e-06,4.8325466826964996e-06,6.339825268705304e-05,4.6035336319263565e-05,0.00011698611185122156,3.3363846501100854e-06,8.432713724783802e-05,3.985679938786443e-05,1.8843710394957948e-07,4.850151004772671e-08,2.4208839141650095e-06,1.2188833129979799e-05,1.0402244813333784e-05,3.21507759358255e-07,2.71190386669371e-07,3.6830446190362385e-06,4.630510009500193e-05,5.291077271280238e-07,1.9094772641666777e-06,1.2822866323931543e-05,0.00010435463078881708,1.7183905232682743e-05,0.00045402380204920777,4.5279950043013766e-05,2.3219182346740513e-07,1.7214129789846345e-06,3.537572628529128e-05,0.0,8.086747673839427e-07,4.5245033809050104e-07,1.572840744644835e-06,1.2809785262228073e-06,4.7476084243133205e-08,1.5161269408881855e-05,1.212707996446415e-06,7.144479295402364e-06,1.3834482355467455e-07,2.222586099344539e-05,4.746403323176418e-06,3.2685469032341573e-06,1.370959305380232e-06,5.051164515929527e-06,4.525500097207044e-07,1.186261260369754e-06,1.7682072432016938e-06,2.2102147582802397e-05,1.2673216743003965e-05,0.0007359446925667358,4.3384109696261444e-07,1.289582399935606e-08,1.1424745255823746e-06,2.9147261701148098e-05,1.17779998182669e-06,2.047473196254805e-05,3.991879977233476e-06
RP321877,2.3451353874784771e-07,1.9229683979813658e-07,4.233851069045358e-06,4.129179839943811e-08,2.556216885988029e-06,2.7062717347644095e-06,4.698776955651038e-08,1.3191917354508542e-05,9.383374661575166e-07,8.637493368903382e-07,6.916751237549988e-06,8.625775555482643e-07,8.696486180634481e-06,0.00014174980122889073,1.1138225501617878e-05,1.6892260253680545e-05,0.00011448835692818906,6.810235834311892e-05,1.4309672126507453e-05,1.5302673818028772e-05,3.98372278880627e-08,3.6901950950337265e-05,4.5118621735924715e-07,1.9462932275015244e-05,8.390394522024573e-07,1.4292776208064791e-05,5.012323183247533e-06,9.867467251747048e-07,1.3124584910656876e-05,3.2639622988881647e-06,1.6771972263152467e-05,4.4184192995467896e-05,2.0225008927699474e-06,4.817267231499207e-07,7.210202649201851e-08,2.9554137630833002e-05,2.4399342979234776e-07,3.1486891576043148e-06,6.126727150067584e-05,2.055872785545368e-05,5.410808497290771e-06,4.821869561857177e-05,4.184333714158203e-06,3.873167260009219e-07,0.00045480133980574887,4.919448145715975e-06,4.766831432185746e-06,2.6779142889110405e-07,4.043288237631893e-05,3.4716223901979806e-05,1.6645353839634024e-06,1.1578572759218448e-07,8.717273174945692e-06,3.96760322161702e-07,2.5833721478841507e-07,4.510803566792456e-06,1.4696442765759978e-06,9.8017724983893e-07,0.0008722202991707469,1.1341439629731005e-07,1.1231295469336987e-08,8.523678101749364e-07,1.9955939620534053e-07,6.644540440677141e-07,1.8056340950107995e-06,2.3686626902003574e-07,0.0001970069297616431,3.926598574664373e-06,4.0865557314551787e-07,1.0593282002387015e-06,1.939364930746612e-05,3.398048271176487e-06,9.762163000150304e-06,9.6535368308899e-07,1.6584300588232808e-08,2.5442397646425574e-07,6.446529440076377e-09,0.0009817728273375506,9.395643932864099e-08,5.22166809971722e-07,3.8238876767138115e-05,2.70978097180038e-07,3.207057100118539e-06,1.1251046222318651e-05,8.027532280212907e-07,8.467521717389546e-06,4.6477345657376084e-07,5.947242725373475e-07,1.9965004215593242e-06,5.767193131290172e-06,2.0114020078791397e-05,1.5103444513550008e-05,1.5953023166858837e-07,9.504245256325352e-05,3.392425074538772e-06,1.972003085476952e-08,3.0313351894036214e-05,1.9783076989892998e-08,3.3052076655237525e-06,1.9430387606727363e-06,4.316731293577e-06,3.144618024841146e-07,9.417786078549418e-07,1.607870089542583e-05,1.4928759921362021e-05,4.2724900899577545e-07,3.0968774650602815e-06,0.00016576855305232846,3.218215223127666e-05,0.00012653179080513355,5.239394892608829e-07,5.653620570356288e-07,0.00033641339206656956,2.8274827653242094e-07,1.511270630059146e-06,9.556222970322826e-07,2.9012518085912742e-05,6.882345216394404e-06,1.9065939709854343e-06,4.410759564807959e-07,5.694409077605424e-07,9.6120519374405e-07,8.086747673839427e-07,0.0,7.719116343395253e-05,0.00011106119642221467,1.633264348337394e-06,2.313900083380701e-07,8.907541513513821e-07,6.36967011682999e-07,1.1368157822323642e-05,1.2655953936725687e-07,8.565024647166729e-07,2.0914041638586354e-05,5.759661625269134e-05,8.51380199144708e-06,8.39489846830565e-06,2.3631011909537234e-08,1.1778332813965067e-05,2.6876054683916857e-05,5.210194306813246e-06,4.661777019001572e-05,2.019026687738947e-07,0.00011704606523936659,4.718467536051362e-06,1.6840975970402243e-06,0.00018972733686733028,1.8707897128763793e-05,9.476848513746137e-05,1.1897283790736927e-06
HQ186018,7.5938619416641706e-06,1.0742244614044795e-06,1.5027502785549297e-05,2.743979156786478e-06,7.15406828688239e-07,1.3299166313218801e-05,1.3547970583788504e-06,1.9881420501922214e-05,1.1140005497092953e-06,3.490857144163755e-06,7.562700594236563e-06,5.0716942952384044e-06,4.897186129686656e-06,0.0001120878245917173,6.295489943644407e-05,2.3230401230654203e-05,4.673627785319257e-06,1.8432838634751357e-05,3.6054272227172286e-05,5.052418232009769e-06,6.384591061786258e-08,1.4118043120749995e-05,3.3948423207684777e-06,8.257260682110902e-05,8.458286597445726e-07,6.6384853897394796e-06,3.654301511551686e-05,0.00011432957426542594,2.122777641943958e-05,1.3581438644611488e-05,8.21087603576767e-06,5.167915220876781e-06,2.080405299191135e-06,9.539548609702259e-07,5.833088254821555e-06,8.36966863343928e-05,1.4130266288722378e-07,0.00019017377516312845,0.0001946145947225073,3.701067515941593e-05,0.0002028478494017734,1.6491848629867694e-05,0.00044380518309530066,1.2031638875859502e-05,6.496795987608016e-06,3.872292979937708e-06,9.43693437882634e-06,5.1369174384248605e-06,0.00013721929132371372,0.00011797937271599604,3.137335212009078e-06,5.0324243441042953e-05,1.3216762066727144e-05,1.928261564259368e-05,4.4956888454295325e-07,4.97662499566295e-07,8.590186275768679e-06,4.427914078923644e-06,5.685197941136244e-05,1.589242082722223e-06,1.5104472402682905e-06,4.145749419329404e-06,1.0031448099974445e-05,9.150443025168142e-07,4.818853783319888e-06,1.3659506221617221e-05,0.00025890146733472243,1.442919652374554e-05,8.34512427188413e-05,1.1211185155526702e-05,2.599858144995415e-05,5.11746902362282e-07,1.8461342680130816e-06,6.450780911771124e-05,3.1856030613894226e-06,1.6699322075844826e-05,4.852970497798375e-07,0.00021996656152544606,3.870946032863383e-06,1.5122242428086556e-05,1.7144824073977555e-05,3.2303969117399074e-06,6.61136940690735e-06,5.594075772677712e-05,8.258956477473123e-06,3.962868487013029e-05,2.108943745517204e-05,4.977242199251584e-06,1.5198893259387916e-05,1.0130997745488102e-05,9.62051116592238e-06,1.6885381830647753e-05,7.31673814646292e-07,1.2784078977469968e-05,1.2841279659961616e-06,2.499827796955312e-07,3.334031201748444e-05,7.181898969957731e-08,1.9610651307192644e-05,1.5884206493239663e-06,1.0674316783299594e-05,4.961163685254144e-07,6.45451371532809e-08,8.846490795034974e-05,0.000544215123189365,1.705544825200651e-06,2.4402994009029083e-05,5.647755517012358e-06,2.1198476563709833e-05,4.027585544794701e-05,6.179476625946694e-06,2.390967453216939e-06,0.001010577514490555,1.031413298054744e-06,6.405734880431838e-06,6.836539300177659e-06,0.0001778329766454111,1.5863373730612186e-06,5.7446876773571e-06,3.609131489235625e-06,9.427473528906214e-05,2.1373069846586763e-06,4.5245033809050104e-07,7.719116343395253e-05,0.0,4.733032794591618e-05,1.2160972416586883e-05,1.3016031121825598e-05,2.664923467662086e-07,5.196292895887412e-06,6.6411901546658785e-06,4.4993641010947814e-05,7.705632605843465e-06,0.0002381053891631033,0.0002907255933210461,0.0015881196893100132,3.972497474239494e-05,7.000747327054606e-07,1.4243479523153096e-05,1.3800261344661564e-05,6.0520334262336275e-06,0.0004480554894474298,1.4380777845802439e-07,0.00018741401950321234,1.639847687583845e-05,5.746291073646608e-07,1.4507480777846247e-05,2.147413603035847e-05,2.4965413063575303e-05,3.658558753609148e-06
QW882237,6.73467744336002e-07,1.57323747201178e-07,1.6962618176605534e-05,1.0334216392980945e-08,3.2910215245054733e-07,1.2900902834302016e-07,5.920758417185579e-09,6.669041363553345e-05,2.1471732614103966e-06,1.1030661616121344e-06,2.2862220872555308e-07,1.805605135918134e-06,2.9487460983715126e-05,5.2910483429241205e-05,1.3156386638398869e-06,9.077903099443766e-07,8.71329841751447e-05,8.184816892331268e-06,2.9908204707273944e-06,8.446715091322699e-06,9.770284358469425e-08,2.4661393039344177e-05,1.690022088412424e-06,6.016993937747805e-06,1.7821957503575647e-06,0.00045734085140767264,4.698680642659787e-06,4.3280700144028e-07,0.0001563526084007388,1.1164601872471754e-06,0.00011812571486308707,5.522118929855003e-07,9.673239537868284e-06,6.966283780771295e-06,2.473371036919643e-07,3.842226782290423e-06,2.9852582340980174e-07,9.544712425195546e-07,1.6023433304492617e-05,9.159970121214064e-06,0.000348215877424256,0.0003664958706638431,7.193079578212269e-06,3.304419054340238e-06,6.497539080803577e-05,4.891708313438049e-06,8.173996953372511e-07,5.217424136421732e-07,3.093873635963939e-05,5.494873814342948e-06,7.859039917349675e-07,3.813844340298074e-07,3.7446106377584206e-06,5.180086310321868e-08,5.7090597765121624e-08,2.558197652162088e-06,1.6779248025126648e-05,7.13738098965341e-07,0.0002632627129993993,1.0041407768767178e-09,3.2179064997175113e-07,3.690782280228408e-08,4.212341148454586e-08,1.060037594608305e-07,2.8065114410789304e-05,4.4715747445810383e-07,7.892513971019316e-06,1.172088898564122e-07,2.1199585987472548e-07,2.2627900722641863e-06,1.603561998495061e-05,1.159382958377607e-05,2.2110709968688244e-05,6.278462840952753e-08,2.684165707860466e-07,1.4985429035322261e-05,1.1516786024520459e-07,3.070576106042291e-05,3.713844128367667e-07,1.1550751089430133e-06,3.196429406194159e-05,1.7844061077737734e-07,6.833770854990461e-06,1.5248487269015208e-06,6.949292909588586e-07,7.577136263102432e-05,1.2519731583895477e-05,7.985749823969588e-06,5.699576420381932e-05,1.4510435040780194e-05,3.479342808082317e-05,5.204914559083485e-06,3.620537868875646e-07,0.00029662517435068554,3.8489527937746515e-06,3.2433198183732266e-08,7.950280935760016e-05,4.983209416436462e-08,7.367553456846085e-07,2.8448392790947573e-06,0.00010713489762576166,8.251097308710165e-07,1.245679611420573e-06,7.754612495283161e-06,5.842600751504879e-06,5.527121964753107e-09,4.352697357520223e-06,9.126391218148138e-06,0.00012215668751890726,5.7277904145887304e-05,1.76164729428502e-07,1.7220867355938938e-05,0.0005641497294782864,5.891385935725364e-08,9.140665829892903e-08,2.6272967713229084e-07,0.00020254360286354185,2.434197047936772e-05,1.1504057472220327e-07,7.6074806332586525e-06,6.54721339542417e-06,4.2273848946289505e-07,1.572840744644835e-06,0.00011106119642221467,4.733032794591618e-05,0.0,7.789281577622306e-07,2.779525459871678e-07,4.276825360174493e-07,9.441781817116666e-07,5.080613712377942e-06,1.1709128842437962e-06,3.892311821951911e-07,0.00094598445870514,1.3847260305579946e-06,4.0280215957069665e-05,2.482783432420972e-05,1.4395976126379211e-08,1.9790197751230156e-07,0.00012527493615652945,0.0001510855539586697,4.188272215044087e-07,7.519086031359472e-07,1.0921613278918917e-06,5.207621474126996e-07,2.5789413457561496e-06,0.000268643395841267,0.00026868212907039664,3.539062437432996e-05,3.063056857284621e-08
CH935697,9.43356338261489e-06,5.712510756000659e-06,1.592466847208559e-05,3.7268390500187114e-05,0.0002824563945705568,6.694168455907882e-05,2.999903471110957e-06,1.3575208679531518e-05,1.0458820204096599e-06,1.3296838981143889e-05,2.1664522508881524e-05,1.8317553902726048e-06,1.142151739095004e-06,5.079091262053586e-06,1.3126761065268332e-06,2.0070178226195225e-05,5.257116729469498e-05,1.9098878047556073e-05,1.841414425942996e-06,0.00017910794000001304,7.36022499471596e-06,6.207503047224804e-06,9.299722194607634e-06,2.162386793191859e-05,2.849852203903613e-05,7.139371160069596e-07,1.826780179642591e-05,0.00011341487911653845,3.5924980002614537e-07,3.249628991320067e-07,7.888440176409544e-06,3.558339260449064e-06,3.7462979012831756e-05,3.533964640221211e-05,1.2597886364048042e-05,3.861476024695542e-06,9.11430497841374e-08,5.754676997486504e-06,6.222491962798396e-06,8.040254892404613e-06,2.151329188857442e-05,1.730256701427595e-06,6.71627777912918e-05,2.3427133282664918e-05,6.50655088934237e-05,1.4580828353407271e-05,4.770622578168946e-06,6.095074499394757e-06,7.299019987760082e-05,0.00037257053577008554,0.0011315099496526737,1.5312081123065663e-06,3.5773695113073856e-05,5.48506981806554e-07,3.045074052130408e-07,5.480523181147537e-06,3.453715270619356e-05,1.1144948160643937e-05,9.372242049904828e-06,4.746495973850461e-06,2.162919521365371e-06,1.3632814064393653e-06,0.0007297037580714999,0.0003332194455500556,1.1613106925928874e-05,3.5591871223801363e-06,2.5730361605373197e-05,3.930909883196674e-06,0.00013945268901842384,6.229324896897207e-06,6.51245189957486e-05,2.4704644284253186e-06,0.0002587803784126873,3.939747536463765e-06,2.476837604033397e-06,1.696640295784583e-05,7.727008167452393e-07,1.3184817382683124e-05,5.0345496627841905e-06,1.1536936932037572e-05,1.2093162770444649e-05,2.0525708293055816e-05,2.8498828168326523e-05,0.00041191337018553996,4.658442873685166e-05,1.791659984645219e-06,1.0078466786394e-06,8.235756176155719e-06,6.530178277353682e-06,4.723635545168327e-06,3.355062971380734e-05,9.260082491581294e-06,1.3663263359858585e-06,3.965164893736567e-06,7.490146895244162e-06,8.009459612653389e-06,3.96965838141588e-05,5.258779890622182e-06,4.136406004154097e-06,8.682139043471817e-05,1.266258692323441e-07,1.1591285089391845e-06,1.297720200399208e-07,0.00046595980764691127,3.648850784780398e-05,2.316300263541741e-06,0.00010963972495342269,3.123188722790151e-06,1.632561313984186e-06,9.246603168686647e-05,2.8879749983715762e-05,6.191622160477637e-06,3.4042190181172235e-06,2.375444989921957e-05,3.064762798929523e-06,0.0003305400768530592,2.2002770034825485e-05,9.921523174248839e-06,1.624209084835794e-06,5.012201145973082e-05,3.127862896164389e-06,1.6724636596908505e-06,1.2809785262228073e-06,1.633264348337394e-06,1.2160972416586883e-05,7.789281577622306e-07,0.0,1.4555355452129841e-05,3.179561374008078e-05,3.9850869709833845e-08,3.4093127818342565e-06,1.3328589395845899e-05,9.610097290393678e-07,5.365076032669755e-06,3.759264583139302e-05,0.0003904830449183273,1.7370505190443116e-05,6.336364768028026e-06,0.00011104874105584639,1.9280209893207397e-05,2.7899367043253872e-05,1.543590622648125e-05,1.5853898860573218e-05,4.422929996273335e-05,5.80562305724498e-05,7.790643431343252e-05,8.332651354662771e-07,2.030488051780088e-05,3.5067372146640234e-05,2.108969245316148e-07
PD738544,0.0001222867883931638,1.430597967892587e-08,2.6108445946996854e-07,6.243831354610966e-05,7.1664508993036755e-06,5.4111284399602144e-06,1.6685480237711465e-05,9.12959734391588e-05,1.4385142375461788e-05,2.1325068428815618e-06,3.084076483212769e-06,9.027122008169762e-06,1.0426400453986095e-07,4.764289728941078e-05,3.733438990613837e-05,4.9210236762195005e-05,9.569912444169995e-07,3.22877807290181e-07,1.7094907298530984e-06,1.0604052116562148e-05,8.372491833657051e-07,1.7868381043622716e-05,0.0001258388417107502,6.777085585198323e-06,7.528817564867209e-06,3.19422408763115e-08,2.0776985740361265e-06,7.873257594033015e-06,1.7260606995749509e-06,5.066260141319593e-07,9.212322871898716e-07,8.653538525412753e-07,1.1667354521937464e-05,1.4615736420269385e-07,5.006091270383625e-06,4.796043640200678e-06,4.00777233689572e-08,2.5323906564460786e-06,7.88592537593433e-06,6.086861360734797e-06,1.3098528618250383e-05,1.6078092229465331e-06,5.331814642404245e-06,9.24194363689383e-07,6.279762452399849e-08,7.289078462038754e-08,5.517124693896888e-07,6.117008910344659e-06,1.835328481059784e-06,6.987529063303552e-05,2.1096293756059573e-05,2.653353003815429e-05,8.380374724294499e-07,3.6318760274184266e-05,3.2253427358260604e-08,4.827722805640515e-10,2.199970304190868e-07,3.7338674221753165e-06,1.0499471501156874e-06,3.7352549640268674e-05,3.6427841958015395e-07,3.762414878984198e-05,0.0001692104726015565,1.3285308693253299e-05,2.131339791065979e-07,2.456446509427317e-06,1.2129751889725796e-05,1.0161903343435415e-06,1.3197561873995163e-05,1.4226714775724281e-05,7.647109795967905e-07,2.1424868710582565e-06,1.3943917088042922e-05,0.0002616441577278467,6.603274688158211e-07,1.4405977693628993e-05,2.1876500971041986e-05,6.813207995217289e-06,3.493659477328901e-07,0.0010748622036004267,3.2952842613460058e-06,2.580901731339906e-06,5.142898142423062e-06,3.389910779030345e-06,4.643677963034381e-06,3.5732171780711446e-07,1.6884077999352654e-06,1.6926165968112553e-06,2.6384217427078686e-07,8.086033373558917e-07,8.142979384043666e-07,1.9061880007683593e-07,5.9381913689722585e-06,9.563477443071479e-06,9.52106701576258e-07,1.3713847396821898e-05,3.9580289814727067e-07,1.1306866102041832e-07,3.3371063908709585e-05,4.443177672339749e-06,1.284087148718368e-07,8.719368038707495e-06,5.818170524778104e-09,4.8100967177755457e-05,3.463003426399852e-05,3.3089905084036704e-06,5.6643333673103424e-06,1.4201855749918336e-06,3.079805202180453e-08,9.484976660307623e-07,8.55636004931353e-06,2.2627432417860049e-07,3.7718819622176146e-07,2.3582805844810235e-06,3.0113203763411595e-06,2.5496700139642945e-05,5.190740961030158e-08,2.024198140860321e-08,1.3240055385953317e-06,0.00030851897649918916,1.927609488100453e-05,1.342267205857058e-05,4.7476084243133205e-08,2.313900083380701e-07,1.3016031121825598e-05,2.779525459871678e-07,1.4555355452129841e-05,0.0,3.217549188766875e-08,1.7638149528972948e-06,8.348226668713496e-06,4.998961494810064e-05,3.994253695239094e-08,2.154191322557116e-06,9.404292478202419e-06,1.8424018390093117e-05,3.015478194434523e-08,4.2945736684712984e-05,0.00015088125500063403,1.7565962409816976e-06,1.768691703621745e-07,6.372805617801114e-06,2.3013602384200149e-07,0.00010318144274776842,0.0003811007088902302,2.2990875769584936e-05,4.550325328512739e-07,2.2191799305237718e-05,0.0001869509977699543,1.5495546156150524e-06
BH065906,3.46221875717367e-08,0.00019496182553942846,7.680867910646536e-05,3.8433753517174246e-07,1.9191672945669665e-06,3.77823979637909e-08,1.5018251518143282e-06,4.018065202014664e-05,6.090109968168624e-08,0.00014754497421714068,4.6573594249235715e-06,8.36025810866171e-09,0.00012897200095996823,3.363492839028962e-07,1.8693182786526954e-08,4.379863190546045e-07,1.6881076286787668e-07,2.4088657952794285e-05,1.2248498542532462e-06,6.86409037749591e-08,2.0272264553755203e-07,5.378602482816256e-08,4.118731385706009e-07,5.93641844777071e-08,1.1495615032278224e-06,7.648725246785929e-07,7.64170277494974e-06,3.861121432614189e-06,0.0003340373122106556,2.740050379048012e-05,0.0002784812787928219,9.534963399838045e-09,8.452300461982336e-08,1.9748098276888003e-06,1.5422658643843182e-08,6.027541687624193e-06,1.0174732228954685e-05,8.834331613091872e-08,4.4555706790814953e-07,1.8322767797076987e-05,3.299467767487597e-09,9.500818285330543e-06,3.3423180785720635e-06,2.1131644403149532e-06,3.061823529940777e-05,7.543691556442932e-07,5.6729306035249915e-05,9.485192976545536e-08,1.3566349327564753e-06,1.3498823881358319e-05,1.8081147453465825e-05,1.289042309097642e-07,0.00013067705043128412,1.272506945208294e-06,3.077205086178782e-06,1.4090035222026326e-05,0.0001559080409641831,3.964474871141895e-06,2.418259943824037e-06,2.2569761706286754e-06,2.069579682766872e-07,3.0066081343454207e-07,1.5120172612092578e-07,3.1820587462944816e-05,6.309874734081307e-05,0.00017099218115818656,2.3361202601903895e-06,1.712118739889329e-05,2.7414377217260327e-06,2.03531721420587e-07,4.67237146697014e-08,2.3279464849565797e-05,5.340472179047178e-07,1.0917571783121204e-07,0.0002601184377101384,5.397928670074799e-05,4.960762142062198e-07,2.9861547168839976e-07,8.113470355943805e-09,4.2813767233687884e-08,2.069287179777838e-06,0.0001205245127434347,1.1278209032968459e-07,5.578302344771234e-07,1.1573088211686881e-06,0.00012122365671537361,4.7461479241091835e-07,8.822834710777297e-05,1.8785553936743216e-05,3.7402272167036805e-06,9.49256776451344e-06,0.00032143898568450825,5.995504704102365e-07,1.138737571345494e-06,3.9160417568297754e-05,3.4750906056629303e-07,4.5178962779956474e-05,1.4718352969402106e-05,1.331713580476468e-06,0.0001745733791233573,1.3403731160267398e-06,0.00027728985392544376,0.0002720495104515882,7.652161491951707e-06,2.855109472063381e-07,8.246842790558254e-07,3.590834146290921e-06,1.307541918963396e-06,6.695443938006979e-05,0.0004840752121888754,4.326099387331829e-05,1.0521564998045512e-05,4.23866632964952e-06,1.502975437501364e-05,1.3999628431640077e-06,1.4269763288354607e-06,0.00016201886994651637,4.178205716353204e-05,2.0331771772627356e-08,1.9532813543423906e-07,5.8699748934410865e-06,2.046454299014916e-07,1.5161269408881855e-05,8.907541513513821e-07,2.664923467662086e-07,4.276825360174493e-07,3.179561374008078e-05,3.217549188766875e-08,0.0,2.974071905521843e-06,9.648639730207169e-05,4.77798015159934e-10,2.12782576341042e-06,9.81228115126334e-08,4.608427087214083e-05,5.861976636415727e-06,7.187955815917008e-07,4.0901175195065245e-08,1.0707809805915412e-05,2.630306511012631e-05,4.39932205034533e-07,3.81899791792345e-07,0.00010743402276744464,2.905537644668596e-07,5.449640648839739e-08,6.910081202374547e-08,5.587339571432002e-06,5.123205527829332e-07,7.328633952311135e-07,2.3740742395637086e-06
CA685113,1.9281585463162265e-07,9.877320441786493e-07,2.4311197123361872e-05,1.443957631925646e-08,2.956604648500821e-07,3.280998462247369e-08,2.045145935996402e-05,5.110653440423226e-05,3.868351129334525e-07,1.0781906593091117e-05,2.9937386917005133e-06,3.693754231670161e-08,5.013440549468539e-05,4.258550320627269e-05,9.672778795518959e-05,1.5446400178741827e-06,7.831336721504546e-09,4.678549362215892e-07,2.7218513963698066e-06,2.9273627427839093e-08,2.2194116360239183e-07,3.154326836980343e-06,8.024370305473833e-05,1.709835930299751e-07,3.4493104994076463e-06,9.621526487589322e-07,0.0001332021210315271,1.2353962105624073e-06,0.00013674042387080653,0.0005320159778725345,1.358203246565779e-05,2.816816553415543e-08,4.370033088930497e-08,2.2591374534854598e-07,8.179929112434122e-06,1.7164384365928073e-05,5.537541774747259e-05,1.000568767232154e-06,2.5504844170178297e-06,1.9222150488124064e-05,5.812595788908329e-08,2.5849457927800438e-06,9.08005540184488e-06,8.491707864681846e-06,2.5658868081477488e-08,4.112522339997157e-08,4.637901069365377e-05,4.08781904104304e-06,1.5874721168262717e-07,7.084252783127586e-07,1.1401071605731315e-06,1.4596854999371666e-06,5.90985490058044e-06,3.880395655301148e-05,4.3074537723411945e-06,1.8061999434506616e-09,1.2564115724264599e-08,8.924702602217166e-07,6.370879962188351e-08,1.3237595299328825e-06,2.11174093581103e-06,2.511933483211043e-06,8.132193428887039e-08,1.2224342256214135e-06,1.822557401014297e-05,0.00020805579236410235,2.9850285082322483e-06,5.589844146604679e-05,1.3833300576113867e-05,3.2156652911454516e-07,2.012734177096755e-09,0.0002645135483831191,4.293199192678759e-07,1.4020841911763883e-06,6.740978170710637e-05,5.454447550637768e-05,1.2570017910190756e-05,1.192261267133925e-06,8.05895263318358e-08,3.1870444395906823e-06,2.1144060236014218e-05,0.0008884938339017434,2.2488598392656596e-08,7.8036284511846e-09,4.99181184002085e-07,1.0521166277936287e-06,3.5589410970730104e-05,2.151639571448132e-05,0.00011430500526977211,5.593585138539051e-07,1.867528609390729e-09,4.323167838500648e-06,2.3830386441458914e-07,0.00010344390996238328,2.7272858154056488e-06,5.620751322423033e-07,1.8637199693751451e-06,1.5676621103232992e-06,8.970523974912671e-07,2.7472893769060575e-06,2.0523791238243768e-05,2.481091596134053e-05,6.247228758632528e-07,2.082030796807736e-06,2.4849361687181987e-05,5.8509303361817785e-06,5.9786424558897185e-06,4.54642642890919e-07,7.213700869326062e-06,1.0809471712475565e-07,0.00010830899664371155,1.331968654167573e-05,1.3960243373394305e-05,9.024005906922709e-06,3.9895915226877055e-06,2.3569741102139844e-07,1.9909311949772797e-06,4.1255473625362224e-08,5.801552603239754e-07,1.0586891062748689e-07,0.0001394000326945666,5.835101581729631e-05,1.212707996446415e-06,6.36967011682999e-07,5.196292895887412e-06,9.441781817116666e-07,3.9850869709833845e-08,1.7638149528972948e-06,2.974071905521843e-06,0.0,0.0001641671243417635,2.3238872659260784e-08,8.144251853743326e-08,2.5268389421841036e-06,3.1031960682153055e-06,1.003219010410619e-05,2.193475169495967e-09,5.101149545439789e-06,1.116156767631087e-07,4.2636104837994976e-07,1.3545892816764271e-08,5.390808401371936e-05,4.920367158978901e-07,2.5823727394540668e-06,6.255206792771401e-07,5.266796690873905e-10,8.06539045699452e-05,1.094953088541076e-07,2.85436849277024e-06,0.0010135677063913809
JS348244,4.323932599863612e-06,2.5867773866032214e-05,3.4005399846873406e-06,4.1813513377191244e-07,0.0003206307779901141,4.2164819311731573e-07,2.2883591603177394e-05,0.0003281899592817715,3.279938928074211e-06,0.00018725339823834165,6.877164706357435e-07,1.3297044493190321e-05,3.6948732103578165e-05,2.3002522891616156e-05,6.006938242163295e-05,3.3406557461349934e-05,1.4943362239987554e-05,7.77048432248617e-06,1.851280148770968e-05,3.8713150337695174e-07,2.7344965033602306e-07,4.442325586099234e-06,3.6734559997133826e-05,1.9245445202665586e-05,8.346504924522416e-06,1.0426698408994564e-05,2.3300416662158484e-05,2.3805034674914812e-05,0.0003442483044395266,3.863082984601181e-05,0.00017272246542815673,9.358025675463437e-07,3.213664756069233e-06,4.040244104145527e-06,4.5762470802347235e-05,5.581340451739697e-05,7.0790330935957835e-06,7.374735146039945e-05,1.6963964341689305e-06,5.824938678344018e-05,4.4746803721279585e-07,3.815970847816567e-05,3.8126858298909466e-06,2.2284681732286185e-05,4.551016247991368e-06,0.000112124745246683,5.223879045922965e-06,7.562229708793907e-06,1.4404190672035465e-05,5.3608264516808155e-05,1.85885353475372e-05,3.7268848003525467e-06,0.00010210708728204974,8.345260941642658e-06,8.460684308834679e-06,7.632233758799441e-06,4.403183233121055e-06,9.195083281898073e-05,5.941973260980884e-06,3.014881392802145e-06,7.28981385993589e-07,9.414768966405005e-07,8.555211648387839e-07,3.0008225271202538e-05,0.001581807459615061,2.3704150132135035e-05,4.914406499442303e-06,6.796025100522588e-06,3.2047740289989974e-05,1.8728272986821273e-06,2.3543527153208113e-07,1.1819928645004878e-05,1.8126981816922077e-06,7.675631705866493e-06,7.470673416858625e-05,1.3678740346447996e-05,3.5316036891461835e-05,2.4305651397378727e-05,3.114931036040702e-08,1.786959948472372e-06,0.0001262252650110818,4.0923835282660585e-05,6.561144065975878e-06,1.3614203598901117e-05,2.8250018836337905e-06,4.323927107875959e-06,6.524688871338364e-06,7.678732472591022e-05,8.263104428057053e-05,2.3352351530315483e-05,1.0405530365333102e-05,2.5356232394999555e-05,2.5083088163480738e-06,6.44436719891611e-05,1.91331195286842e-05,9.246649452175357e-06,6.841163058440451e-05,8.532668837890642e-06,0.00018762834801227111,2.214303786656762e-05,8.990899639828317e-06,7.682471434873963e-06,8.73596274765262e-06,0.0005813594770906915,6.828787770169295e-05,1.8168123418419553e-06,3.0110711220068866e-05,4.902910357984577e-06,4.915193734005831e-05,2.856048822378335e-05,9.056773932038341e-05,4.336337314382979e-05,4.906718891291601e-06,8.907855475504212e-06,2.1543839182409228e-05,1.0955842144657545e-05,3.566392770892305e-05,3.3566937455231043e-06,9.383447255664911e-08,7.236806101460393e-06,4.5019901520097896e-05,1.260844837557991e-05,7.144479295402364e-06,1.1368157822323642e-05,6.6411901546658785e-06,5.080613712377942e-06,3.4093127818342565e-06,8.348226668713496e-06,9.648639730207169e-05,0.0001641671243417635,0.0,6.87560642757305e-08,4.805052049586179e-06,7.737754514478444e-06,2.447265574801357e-05,2.5915067853749165e-05,1.472667670007742e-06,9.330951067803985e-07,7.873026949165212e-07,1.8292105038216479e-06,2.475727707657084e-07,0.0001265717286059716,9.447848936703696e-07,5.7850998435757536e-05,9.045155029228997e-05,4.658426602787255e-07,0.00020497991582773807,1.932974803266021e-05,1.533110615690869e-05,2.0087019556079184e-05
SK407981,3.672271186082996e-06,1.9102205111050972e-07,1.3266273258103006e-06,9.541353352002441e-05,1.4773197970854098e-05,3.935483152027208e-05,9.986442342416198e-08,4.802222661524183e-06,7.611867262453274e-05,9.82516923135208e-07,6.989761595207658e-07,0.0003464538606843033,1.083951037923604e-08,3.672486602733988e-08,2.6144998298833603e-06,0.0004041119765785596,2.3990516908727286e-07,1.9094526336317252e-07,5.1485689746750315e-06,3.9267875728048124e-05,4.1898736461652985e-05,4.692557209125481e-06,2.776132484885575e-05,7.972754887610848e-05,6.449864223644033e-07,2.885366746403285e-07,2.667303172619493e-07,0.00010986601399843384,2.3097503291584322e-08,3.210384243138192e-09,1.2439981941652113e-07,3.969572234864198e-05,0.00020173060548875864,5.0253918424150004e-06,9.896943450955492e-06,2.256731312772277e-05,7.223351808307886e-07,6.8941208573408684e-06,5.832572892813158e-07,3.143676519260344e-05,0.0003185331031143271,1.1138964877806797e-06,6.419402651979244e-06,2.1638510556854294e-07,4.347503014058613e-07,4.822058240808962e-06,7.489329191012867e-07,0.00013344238873297262,5.011887829861866e-07,1.0990342858282753e-06,5.680906717702213e-06,7.642682564626599e-05,1.826709670408874e-08,9.677722309749722e-05,3.015696268290755e-06,3.1444700536095436e-07,2.1455551729825066e-05,9.796376760454173e-07,1.2486029027421306e-06,2.62983002601558e-06,1.6047656194891435e-07,3.773246763725858e-05,0.0002776559894168961,8.02851489502459e-06,1.3577164798441933e-07,9.32459273525806e-08,1.4093630576054985e-05,3.5696710790525488e-06,6.321523871481209e-07,4.20145786027649e-05,1.1820140825293184e-05,1.625742146983273e-07,3.4377943681917855e-06,7.006794843226742e-05,1.1425627468997386e-06,1.074438967932675e-05,5.2480212169970224e-06,8.13066883339416e-07,0.0006195699046795088,1.1843533567604707e-05,5.8432146996417845e-06,9.226420920514044e-08,8.247499127630166e-06,8.741699066337618e-08,8.59580626408741e-06,4.468584497057349e-09,8.94628219774996e-05,1.6366617403133585e-07,2.6350270281200687e-07,4.359525873628366e-06,5.410704640796073e-07,2.0305854407785725e-08,6.749806665189849e-06,2.139542586759207e-06,5.836290367958889e-06,1.1694215741749505e-07,5.543469306318938e-08,1.975762248856866e-07,8.7263236455446e-06,3.0994626371215077e-06,0.0001223476054269539,3.7628911443554016e-07,8.207188400000436e-09,2.5725727584354038e-05,1.493398578459033e-06,9.968606816152488e-05,1.0317809701092492e-07,2.6253301279483417e-06,6.077731496681915e-08,3.620631560295794e-08,2.2016630759486697e-07,2.7785340038885604e-06,4.3036387399883154e-07,9.369898412074152e-07,2.630011367742305e-07,2.0227239608166717e-06,4.232795721290666e-08,3.3466924554904214e-08,0.0001091482124848041,2.1784154955337366e-05,2.358252406139956e-06,2.0003792629825433e-07,1.3834482355467455e-07,1.2655953936725687e-07,4.4993641010947814e-05,1.1709128842437962e-06,1.3328589395845899e-05,4.998961494810064e-05,4.77798015159934e-10,2.3238872659260784e-08,6.87560642757305e-08,0.0,1.6671351384023452e-06,1.6054338762237757e-06,8.079357310076836e-07,0.00020969053958490747,6.646872941234353e-07,0.00024782098016039924,9.530086805317544e-07,7.411641042251755e-07,1.3170641647756743e-05,4.043731551732668e-07,1.3269303710300937e-06,6.566452705520696e-05,4.049457429684353e-06,3.172232638369818e-05,4.852998716859948e-07,4.1895975388258815e-06,4.0618376289053685e-05,1.6221220334510358e-07
NG753012,2.340673076674634e-06,0.0011645599734928297,6.079910153102709e-07,5.7333752136148e-06,6.13293396978415e-06,2.5490799506880342e-05,9.157020794129296e-07,3.980621862031538e-06,7.99313920310074e-05,2.6164134292560974e-05,9.272706172544963e-07,8.9455000406112e-05,1.0642712674987501e-06,1.7747503702627008e-06,1.7566087320894118e-07,7.78006409542377e-06,1.0882890402068682e-06,0.000207187232974234,2.344849657325961e-05,2.0182870856866937e-06,3.253516465142314e-06,4.8866419679076264e-05,4.903974422668681e-06,2.4002099108030856e-05,1.9927893325739194e-07,4.507495866404558e-05,8.043501029457597e-07,0.00012632587904254643,5.00406338869959e-07,7.628195918079922e-07,5.819146062115064e-07,1.5834663179379438e-05,1.0560218003896008e-05,2.2786666871022936e-05,4.172113572246356e-06,1.1097347556280592e-05,6.354460773043784e-06,0.0005064935411075735,4.0628454414444615e-05,1.1128892042370563e-06,1.602877451103122e-06,2.262319824961379e-06,4.2717035544175165e-05,2.2793951215481943e-06,6.587136548443897e-06,0.00014235086017941036,6.77263768992577e-05,3.5124948856840346e-05,1.2399945703587707e-06,7.588108708656395e-07,9.119202229245573e-07,2.7943485849277117e-06,9.8220388959819e-06,1.0467360630190054e-06,0.0002436405802280725,4.3195577704653066e-05,4.9750333415010956e-05,1.0692542941053377e-05,2.7939670562835466e-06,2.393377196144797e-06,1.648696191564847e-05,1.469363185697224e-05,1.577422489613689e-07,5.7156843230991174e-06,1.4118116642072946e-05,1.058454270570276e-05,5.523204993364211e-06,2.4458177665434943e-06,1.3991433970633672e-05,0.0006737888884871613,3.0330118932876706e-05,2.9220117888673814e-06,1.0674511659540485e-06,5.876294041969617e-06,3.30446659064054e-05,2.3734249890233516e-05,8.173618940754427e-06,3.2788821896802917e-06,9.90970888107306e-05,1.4627407266893933e-06,5.825719558232927e-06,3.1580456085644394e-07,1.3300412518794053e-06,1.366634316466811e-07,3.3041889752654707e-06,1.3582693018876426e-05,3.3217771716680146e-05,4.934927127340673e-07,4.123176177378108e-06,1.7637277827761713e-05,1.1439217756849843e-05,1.0851664488786383e-05,9.245882335630856e-05,1.8835925465474866e-06,2.7241270126718996e-06,2.951146330416828e-08,2.2962311349627925e-06,0.0003833490979151565,3.234622397772155e-05,5.557764569131494e-05,1.6639490710751216e-05,1.8397845825743562e-06,0.00017551410585001212,2.9044047353594118e-06,2.0389646056376847e-07,4.362902798061681e-06,5.291599757657041e-07,0.00019703615469219115,8.471524894122478e-07,1.8488434034385405e-06,1.2516469560968562e-05,4.16276436087431e-05,1.2691750733854489e-06,5.794779556988893e-07,8.890098676020567e-06,2.346246602553475e-06,3.32149821077623e-05,2.4668999815764056e-05,2.7083411924086463e-05,3.4439410149027694e-07,6.981937397825295e-08,4.932885438853539e-07,2.222586099344539e-05,8.565024647166729e-07,7.705632605843465e-06,3.892311821951911e-07,9.610097290393678e-07,3.994253695239094e-08,2.12782576341042e-06,8.144251853743326e-08,4.805052049586179e-06,1.6671351384023452e-06,0.0,4.5303361740358687e-07,3.596860895259307e-05,6.137671452467476e-07,0.0003612141250190637,1.5437180341063394e-05,1.2862475938166615e-06,2.1654714906967502e-06,3.0016160206343903e-06,5.569938242519345e-06,0.000106087878403592,1.4712408742082028e-06,1.637068731709041e-07,6.083105274479911e-07,4.278137433596236e-06,1.1171125942735946e-06,1.6835020981167485e-06,1.1952007209833992e-06
BT445911,4.064202024516019e-05,2.2306891703630485e-06,7.529953464716551e-05,1.7525625861554723e-07,6.16414817051847e-07,1.3418659278135056e-05,2.889394738652865e-07,0.00022683283247558592,2.6625224033849985e-06,9.950823948083258e-07,1.5385361081972474e-05,6.970864801405999e-07,1.5280010687152843e-05,0.00041752296824318645,0.00027164741601374404,3.991629862083404e-07,1.4002990644155867e-05,1.5614451632434367e-06,4.952588341456982e-06,9.585020638474515e-06,1.189710480324879e-06,1.4071285489359776e-05,3.6360951854014564e-06,7.92956269581786e-05,3.6755791518030303e-06,0.00027484059266213334,5.4554363412820195e-05,5.093869254162763e-06,0.00016601765782976402,1.7050410516341214e-05,0.00044948270478669484,2.1986621300464547e-07,5.35570263432857e-06,3.1920387026709556e-06,1.8838926389519022e-05,2.0099214138604355e-05,9.069726486557709e-08,3.4122814347091946e-06,1.4568304893618877e-05,1.775126814310558e-05,4.9142691043872046e-05,8.249455272365368e-06,0.0002170021433526534,9.545940195305157e-05,6.127893364671619e-06,1.597857848414512e-05,1.1228727476838981e-07,6.376819301037586e-06,0.0005678472775902737,1.1249690588008093e-06,7.051102820557349e-06,1.5779011695885137e-06,5.0021347037319726e-05,5.593359070339672e-07,2.9019933918921305e-07,1.1168613662474142e-05,1.5700563922086748e-06,9.305096371631398e-07,1.2990522971339856e-05,1.506173917720535e-07,4.243463216104426e-05,3.966117486850973e-07,1.6213168987329524e-06,1.4937293104035785e-07,1.552380555061057e-05,4.1172769046038985e-06,1.5291409822727786e-06,2.9033449064154554e-08,3.5577490642203835e-05,1.8015028576752222e-06,1.1943076092675838e-05,3.214343496265991e-06,6.099777675211206e-06,8.25257359410608e-08,2.2689061044168496e-06,5.353428957749512e-05,3.201673408418627e-06,2.234365822246234e-06,3.4559992536596124e-07,1.6508410398871494e-05,1.925125464478906e-05,5.41163518780677e-07,0.00014250200805629635,1.912328926990047e-05,1.8215289099711927e-05,0.000123388447224681,8.568867590467088e-06,4.693317305145235e-06,8.009657369358968e-05,0.00012800618517362107,7.64339824677289e-06,7.62854428745605e-07,3.964490146911516e-07,2.3134240386632308e-05,4.4237568012836524e-05,1.7274083439729182e-06,6.403134174819731e-05,2.4807422659247282e-08,4.6206954349288603e-07,3.133560781862504e-06,5.592639059151513e-06,1.618692760007377e-06,5.612579222106727e-07,1.1534239223291341e-05,0.00021245224368846155,1.5006421536222173e-07,0.00020058972868677646,1.2867445166309784e-06,0.00011990507799717064,1.9522556431389524e-05,1.9891858232825536e-07,4.3596935193093146e-05,2.8320502031129924e-05,8.629498438257702e-07,7.286180906512256e-07,3.1534654963531786e-06,4.2360297837142584e-05,8.717957059644255e-06,4.607818342963401e-07,1.797701522054566e-05,1.2224730914094105e-05,3.0066559654006406e-05,4.746403323176418e-06,2.0914041638586354e-05,0.0002381053891631033,0.00094598445870514,5.365076032669755e-06,2.154191322557116e-06,9.81228115126334e-08,2.5268389421841036e-06,7.737754514478444e-06,1.6054338762237757e-06,4.5303361740358687e-07,0.0,3.541324158009592e-05,8.252566927614712e-05,5.277598011110712e-06,1.4227977378203624e-07,5.344972447306815e-07,2.1637947506886247e-05,1.7500029333299507e-05,2.140137514269819e-05,5.863744832592474e-07,4.4099382313379985e-06,4.62445880402119e-06,4.2428097848150526e-06,3.2411885989198896e-05,0.00033609764055003157,6.951867512435782e-06,5.142149614055589e-07
TR068731,2.653290989676223e-05,1.9599030770892575e-05,6.335764638017621e-05,2.982661347374811e-05,5.268234180796586e-06,6.18684763158578e-05,2.3175818691798264e-05,7.540274415758791e-05,2.152133933392997e-06,2.8514630372143813e-06,0.0003601634651638252,6.707686706349683e-07,6.338850563526182e-06,8.899365103076424e-05,2.6180565595543836e-05,7.729001732724368e-06,2.243034712563524e-05,6.519790341225048e-05,7.558402640393443e-06,1.3252061350218011e-05,5.764237983010501e-06,1.3077118641475977e-05,4.68605531505109e-07,7.53855784195013e-06,1.8987345689783724e-05,7.738128805867198e-06,3.8555309929193454e-05,2.324596975875368e-05,1.9641330527915358e-05,2.9622230988538242e-05,3.152826643314462e-05,4.775347235864639e-06,9.985228475114353e-07,6.191790860549657e-06,4.149653373436961e-06,0.00038670552116569463,1.93173470118516e-06,4.6337648153588994e-05,1.391884468434401e-05,6.047138117404384e-06,1.4779261096224644e-06,2.943004827082368e-05,5.003829998560748e-05,3.4879797499528303e-06,1.4247363663130392e-05,8.83642794922225e-07,2.363444177157211e-05,9.113727623159288e-06,1.9457544115049976e-05,0.00015523192554586437,4.24509654964783e-05,5.722832382570395e-06,0.00011027868296026236,7.230426623610486e-06,2.070376955982744e-05,8.015638044582484e-06,7.609233101261471e-06,0.00010086787363942934,2.0719311929117213e-05,0.00015515912274682495,1.7205243865237821e-06,1.674162948500854e-05,9.415556371185507e-06,1.9431455761464976e-05,4.95291660325679e-06,0.00012850805584593584,4.4987666282446595e-05,6.537395648496588e-06,0.0002646401347430562,1.959480986923491e-05,2.7169241685612247e-06,4.309601796352303e-06,5.599216640883401e-06,3.2330103982779226e-05,2.379804768699032e-05,8.579634819570282e-05,2.4105991268327926e-05,1.559920875407136e-05,6.777834002552373e-06,8.730085194474895e-05,1.3718301427171961e-05,1.0633676540803083e-05,5.9146613618503034e-05,0.00012200858355921694,0.00011635842262709348,6.527666339370925e-05,1.143530666177765e-06,9.486928904331717e-05,2.8240273994568412e-06,5.854442481210587e-05,1.1926454236407171e-05,3.9326369283090776e-05,1.4334310223299898e-05,5.070340159325165e-06,8.706459998106129e-06,7.542193048043487e-06,4.729230204997225e-06,1.301712391798148e-06,6.353172382951879e-06,3.8766892778927105e-06,1.4577745157398837e-06,7.954189558604589e-05,1.4211603118633381e-05,2.139326038399398e-05,5.287924287133145e-05,7.136961966758509e-06,6.025150638910845e-06,1.9971138773145277e-05,3.740860121941706e-05,0.000691866538641678,1.9777272261190585e-06,4.4736258128623285e-06,3.2414575252124864e-05,2.9671809613776676e-05,4.3497421504906615e-05,7.0967619081198525e-06,7.553887443093152e-05,7.528971778000878e-06,1.711746416001655e-05,8.266624805255702e-06,3.448255010830998e-05,1.8166249027354136e-05,3.2685469032341573e-06,5.759661625269134e-05,0.0002907255933210461,1.3847260305579946e-06,3.759264583139302e-05,9.404292478202419e-06,4.608427087214083e-05,3.1031960682153055e-06,2.447265574801357e-05,8.079357310076836e-07,3.596860895259307e-05,3.541324158009592e-05,0.0,2.419707952416575e-05,6.885925643131541e-06,4.870088845271259e-06,0.00012363348484345578,0.00015483915031502428,1.1511162993854435e-05,0.0013771713118421226,3.4684101390664994e-06,0.000465212047163067,1.114079922645697e-05,3.5538104146127666e-06,3.848116460400316e-06,1.9080742299678407e-05,1.7398809964898258e-05,2.4079971726599418e-05
BC730662,2.9676295375490502e-06,5.396438290016192e-06,5.158214636436638e-05,7.770262525580808e-06,1.9805907090208903e-05,3.1078675603094605e-06,1.2256317767647412e-06,9.768927824549347e-05,2.083826480810702e-06,5.9322780844224904e-05,8.975307168028227e-06,1.6200233473390985e-05,2.4514534156437167e-05,9.744582424481485e-06,4.7814276713597714e-05,1.0828682365990164e-05,1.5801632486434482e-06,4.52197925347774e-06,1.3143364651462269e-05,6.529641762754003e-06,5.702295011096432e-07,2.229860996282474e-06,7.998901884815131e-05,6.838198696637161e-05,5.498045396803464e-06,1.935311927237196e-06,0.00010069452904930727,0.00034820359399969763,6.9383920009342885e-06,4.403846348835091e-06,3.742704593667543e-05,4.028712791161464e-06,1.2287435428068735e-05,1.4278511825470374e-05,1.2369861486196485e-05,4.0475283163511446e-05,4.997884183995811e-07,1.2566897316389332e-05,4.3153426822774923e-05,0.0003584197300941809,0.0007945437521554367,5.060193554577763e-06,0.00024378430045560802,5.906749553378915e-05,7.271427570170307e-06,1.381096907563568e-05,9.662542461065818e-06,3.18397003584012e-06,0.00015633460107015195,6.700379668813217e-05,4.404243411908199e-05,3.459566635692351e-05,1.1650239008180027e-05,2.1675638744327062e-05,2.0018955455551824e-07,1.2980725746934624e-06,0.00011105482876402293,9.430883231534821e-06,3.211203525538991e-05,2.653281018674112e-06,7.071724998762117e-06,1.39527647861058e-06,4.19538407834566e-05,1.6975297420404473e-05,9.241115862931882e-05,7.69586586228347e-06,0.0003488353482901451,9.703401818227716e-05,1.554587066167141e-05,9.195477086893895e-06,2.8829664966562626e-05,3.839344361303382e-06,1.9247683294847123e-05,5.05965167580703e-05,7.1459075358054915e-06,4.124957979665117e-05,5.459504122579404e-07,0.0001358146426978381,6.5224590359967e-06,1.1915627695656324e-05,1.5297457620681396e-05,4.1370718593068525e-05,1.6240754525166746e-05,4.585313553680213e-05,1.4587769992879393e-05,1.3549568995455377e-05,6.997574368997098e-05,1.462398778247656e-05,2.81939831314943e-05,8.366628716013307e-06,1.599253529724757e-05,1.5315041470202857e-05,6.309617305918368e-07,1.0656027203507548e-05,3.2160136054040473e-06,3.6567532286002622e-06,8.222382637726584e-05,1.2126024638604036e-06,4.9426765834677925e-05,4.8868965195304066e-05,1.153115552008046e-05,1.6645123535415494e-06,8.012803602480388e-08,0.00015922678086914059,0.0003727064457804226,2.336105284391437e-06,0.00017282910916437526,6.664401237517766e-07,2.6785281096312238e-05,3.1306338031007924e-05,0.00010652183737756234,2.1227869997943744e-06,0.0005223274620113739,4.333316237342835e-06,9.239729198953513e-06,5.354930598438899e-05,0.00010030168257850025,4.875624077126005e-06,3.7879051546275583e-06,3.291977334674364e-05,0.0005994201751837554,9.006962309736937e-07,1.370959305380232e-06,8.51380199144708e-06,0.0015881196893100132,4.0280215957069665e-05,0.0003904830449183273,1.8424018390093117e-05,5.861976636415727e-06,1.003219010410619e-05,2.5915067853749165e-05,0.00020969053958490747,6.137671452467476e-07,8.252566927614712e-05,2.419707952416575e-05,0.0,6.13876192002148e-06,1.9272872029248843e-06,2.7060144970262057e-05,2.014093365856702e-05,1.7097483573146643e-05,5.476739912833773e-05,2.11530781592306e-06,7.674782736160794e-05,2.34932889610171e-05,2.115117342683802e-06,3.325318430726206e-05,2.3436940793419907e-05,2.111224530899008e-05,1.1044045071061746e-06
OL796059,2.6654750870237755e-06,0.00012042418242026829,1.3988553578670572e-05,9.301384486846727e-08,4.5617382034604925e-07,1.0144740187523129e-05,1.3163264064412301e-08,1.082865712180134e-06,1.5126781934783337e-05,3.314704854542874e-06,9.727494594679878e-07,1.4289083495249378e-06,2.9448755034115247e-06,2.721983118903635e-07,4.4350590938218763e-07,3.3737755633618514e-06,0.0006110420379031572,5.837192810676101e-05,2.9284810516322766e-06,5.8992521651371e-06,2.2507202674570722e-07,1.7793852624513766e-06,3.2129802717672594e-08,0.00039876394886504004,5.706395902396362e-07,6.727193770968983e-05,1.3237703418241842e-05,5.4839161506817155e-06,1.4456155453493595e-07,2.3116209657277468e-07,1.4492846359144073e-06,1.7858125760418703e-06,8.764410406141742e-06,1.930209612216001e-06,3.169410122087011e-07,6.995437933546775e-07,4.066124931418416e-07,0.00041431418252229496,1.3841750418525842e-05,8.270106032370838e-07,4.120993840816754e-06,4.063645744964799e-05,1.99261190260292e-05,5.110358830404599e-05,3.858802817621337e-05,0.0004565707889045988,1.0888185549359353e-05,6.358023792807286e-05,3.873412903665841e-05,2.3054048194250896e-06,5.456032709257448e-07,6.201404166144427e-08,4.283201926852279e-05,3.127492041919586e-07,2.4343945816296954e-06,9.181801081535631e-05,0.00014976019053895194,8.795134629364631e-07,2.3463518190805216e-05,4.5268101497809457e-08,2.2853376180484288e-07,5.134414569988263e-08,3.416915364060392e-07,1.6501897465825217e-06,8.776379455288878e-06,1.3621249798915735e-06,1.0779731575009125e-05,7.972675797508886e-08,2.2406135697641948e-05,6.433328935018716e-06,5.05210132626812e-05,8.923759496826125e-07,5.40040145508715e-06,3.7462447330027326e-07,6.816074100310526e-07,4.434869998657237e-06,1.0529330294560738e-07,9.782224249583479e-06,3.172131524912429e-05,1.3214196036947075e-07,2.715392392774512e-06,5.983828792309041e-07,1.7625072421452156e-06,6.755141823378723e-07,2.3255383625354308e-07,0.00011850057535194663,4.5476830108718073e-07,4.5292185505254316e-07,0.00012995837445559224,3.442424606392378e-06,0.00046046868425951494,0.00033735362486215283,0.00010257954215626447,7.148504026681358e-07,8.405377459708297e-06,4.5804177125635735e-09,3.818975623708344e-05,1.3967551797337407e-05,1.384801376397229e-06,5.85745408482444e-06,0.00010714237961198909,4.892676128454178e-08,7.486275204672488e-06,3.664314852389813e-05,3.5300036485222864e-07,1.9526357916238335e-08,5.143905136528024e-06,8.17029405295844e-05,3.327701911958701e-05,7.03557200025942e-05,1.4283550088317098e-07,0.0003208564769249825,1.4348080963555818e-05,3.238886843616761e-07,2.97832466133513e-07,5.505306430228546e-06,8.20567723364298e-05,2.0581397547055122e-05,4.745280386329693e-08,8.063327249721666e-07,8.797427684098021e-08,3.2008498338365485e-07,5.051164515929527e-06,8.39489846830565e-06,3.972497474239494e-05,2.482783432420972e-05,1.7370505190443116e-05,3.015478194434523e-08,7.187955815917008e-07,2.193475169495967e-09,1.472667670007742e-06,6.646872941234353e-07,0.0003612141250190637,5.277598011110712e-06,6.885925643131541e-06,6.13876192002148e-06,0.0,1.1088456172098571e-07,1.1642744982170815e-07,1.2300586998204215e-05,0.0001536994116206032,1.4321359868657629e-06,2.353844253381754e-06,3.3167884799970204e-06,6.421573145125591e-07,5.447973164053781e-06,3.2254028589032857e-06,5.2761854559675165e-05,2.0481310165263038e-07,2.8506973827714736e-08
RY746259,0.00017080307914874365,4.34111781121685e-06,2.003857849037151e-06,4.071563081898755e-05,7.150141074009219e-05,0.0001539137635950924,4.7121276836937344e-05,1.3232758691365666e-06,4.630835283890315e-05,3.117939113730739e-05,4.389588142655341e-06,2.8828115431515186e-05,8.965861299157743e-08,8.717618044900221e-07,5.656291371677522e-06,3.5553973423606118e-06,1.3526939862190021e-08,5.343718176712134e-07,8.334340043056589e-06,1.1025897214875536e-05,0.00016267721955702178,4.343929382532914e-05,0.00028477569861555253,1.0833125239489111e-05,1.222945245963266e-05,1.4760914437208489e-06,1.3170052076457574e-06,1.1256424061009334e-05,2.364148251470312e-07,8.423974524629201e-08,2.7475854769400864e-07,3.042273543341037e-05,3.1225974736469335e-05,3.5694165109222813e-06,2.257853441083607e-05,3.097862940308275e-05,4.124719107970151e-06,6.028153110100568e-05,2.8302859663331376e-06,8.463648695895977e-07,4.4133367599132425e-07,2.2296897305784467e-06,1.8575834249147303e-05,1.2723804297996022e-06,1.563055663850343e-08,4.076463514204642e-06,2.5208984890370613e-06,0.0009691801140107466,7.304706965456924e-08,1.1703063244542194e-06,6.033981834541424e-06,1.3940072485744871e-05,1.3087287296049842e-06,2.39030698104826e-05,5.684035611821313e-05,1.7648458082983015e-07,2.5311539091349247e-06,5.9114765311975905e-06,6.631321466050737e-08,0.00010634440510149302,2.204244819926489e-05,0.00016958015240140198,3.0772342161976354e-05,8.981040826795104e-05,1.5617999852177887e-07,2.7246372075933496e-05,1.0026281561023985e-06,1.1330104742298117e-05,1.0066450668053179e-05,1.2500647680198225e-05,2.568516185140719e-08,0.00014179247721026093,2.174721682985846e-05,7.157322688539772e-05,2.002179857906414e-05,0.00013747029981869477,0.0004515879691584037,3.5676012638154033e-07,0.0002559969389542825,1.488751187027227e-05,1.3963126223655317e-05,1.7873201396632694e-05,1.114154735874448e-05,5.6381614028554775e-08,4.3498376507499897e-05,5.2869800687487455e-08,6.888297389165875e-05,1.026547581076389e-06,6.620454549362133e-06,8.202916536039591e-06,1.8151352598919752e-07,9.728903241419577e-07,0.0002333282449580297,1.1374087386603016e-06,1.7004170489643956e-06,1.7364322511130006e-06,1.340147708541841e-07,4.7890623042917914e-05,1.5110741944997352e-05,9.87280221512631e-06,6.973963905308545e-06,6.314226761067294e-06,2.8314347780868317e-06,1.3229314875488306e-06,2.95977969550734e-06,0.00013394760552628318,6.389898614096954e-07,3.34685993762062e-06,3.8511059340008576e-08,1.2710420047413544e-08,1.4691134218798385e-05,1.90967679616285e-05,5.44999358082284e-08,2.494701967919512e-05,3.290557074728223e-06,2.6164779125492833e-06,2.0080109498213676e-08,7.659944818865801e-08,0.00019343120379517522,2.2789669314928376e-05,2.9952489932723985e-06,2.6007769013728128e-05,4.525500097207044e-07,2.3631011909537234e-08,7.000747327054606e-07,1.4395976126379211e-08,6.336364768028026e-06,4.2945736684712984e-05,4.0901175195065245e-08,5.101149545439789e-06,9.330951067803985e-07,0.00024782098016039924,1.5437180341063394e-05,1.4227977378203624e-07,4.870088845271259e-06,1.9272872029248843e-06,1.1088456172098571e-07,0.0,2.2564158882643583e-06,7.796209860308771e-07,6.972228136406485e-07,1.4224703436778373e-06,2.8609872747933276e-05,1.7999134760894468e-06,1.038091895467282e-06,8.520442646542138e-06,1.2377561852140815e-06,1.5751072288005121e-06,5.648276539570128e-06,1.14648463666904e-05
LJ516052,1.4269463829300206e-05,7.113771539679647e-07,6.169325541937013e-07,0.0008350538116614342,7.676358163289807e-06,1.7007431669950404e-05,7.750312480844523e-06,4.169329898870967e-06,1.9115804266494941e-07,2.4667374724967798e-05,8.484273638132462e-05,1.7173716997614276e-06,6.367606084277649e-07,4.1913147764158565e-05,3.2099225367114056e-07,1.7302949439524072e-05,7.260337952712405e-07,2.4983676279065925e-05,7.303933185753148e-06,8.043597442602317e-05,1.818346141675374e-07,3.551287536415944e-05,1.056791041523937e-05,2.510594071230766e-06,1.6813267784817168e-06,1.7107753260283428e-08,4.434160288101867e-06,9.025766377566798e-05,1.8904371263662119e-06,2.137660984790693e-06,1.1825760754477733e-05,1.5253244683895397e-06,6.136611860795103e-06,1.472189559653918e-06,1.5173914171523008e-07,1.7948009419851434e-06,3.207331472000663e-08,1.5474916631759912e-06,0.00014275636373687703,5.700240319176138e-06,4.745550332964688e-06,1.1465677271263656e-06,0.00012042090408492146,5.989504284615564e-07,3.792708558284917e-05,5.0508743324237965e-08,1.1682645096835306e-05,7.878618512537469e-08,6.02146429981101e-06,0.00012824369454308193,3.7513856832305436e-05,9.387608867234854e-06,3.419933902244858e-05,1.1244236871885023e-05,2.8488641583828036e-08,5.848991863808545e-07,2.1989855366281944e-05,3.4476834944559067e-06,8.015097762354995e-06,9.766251654480339e-05,1.4414658103267725e-06,0.0002494815432678589,0.00010559104317946181,0.0002481613228949449,1.621606601628032e-07,1.840497335747729e-05,0.0008983230737350138,7.860619914905974e-05,2.2647058103260605e-06,2.7629003326891526e-05,3.1691268143263106e-05,8.307204802622656e-07,8.120217852409949e-05,7.459404436197987e-05,2.1800387420083606e-07,9.223072082335267e-06,2.1379414419695198e-07,1.1800878776133093e-05,9.255072545197608e-08,5.390626404252692e-05,6.117231737678802e-06,1.2514964059535139e-06,6.136178184474468e-06,2.5537799382061507e-05,1.0392160331647544e-05,3.0193439702070995e-05,2.7077918124826746e-07,1.3984216133885668e-06,1.2130140054135258e-07,5.936226137590168e-07,1.3473431119830148e-05,1.0812689380371128e-05,5.986174853945109e-07,7.810890042285224e-06,7.058579359003004e-06,9.90326834613071e-06,4.429927417639697e-06,3.348103828219807e-08,0.0001921849061001094,0.00010300358474857572,1.4209240528618867e-08,3.209085464095553e-05,2.6026943137323024e-06,9.905919137347935e-06,2.349906886459658e-06,5.8625429098739795e-06,6.676549260384364e-05,2.4830962722149184e-05,4.660806563688991e-08,9.881415493288622e-06,5.607011780792346e-05,1.0275068788725764e-07,9.95160071414451e-06,2.9532969022181027e-07,6.566935486966495e-06,2.823758671634468e-05,1.4394170542385054e-07,5.70344296834353e-07,7.69617474919438e-06,9.513722258337527e-05,1.6783909615596351e-06,1.6105894921406165e-07,1.186261260369754e-06,1.1778332813965067e-05,1.4243479523153096e-05,1.9790197751230156e-07,0.00011104874105584639,0.00015088125500063403,1.0707809805915412e-05,1.116156767631087e-07,7.873026949165212e-07,9.530086805317544e-07,1.2862475938166615e-06,5.344972447306815e-07,0.00012363348484345578,2.7060144970262057e-05,1.1642744982170815e-07,2.2564158882643583e-06,0.0,7.950572938804605e-05,9.610573206314584e-07,1.902743420877997e-05,2.942866362261466e-05,0.00015317903417626837,1.1271290355932781e-05,3.708342225287257e-05,1.4937606953249539e-06,0.00023892451533133615,8.476571916876087e-05,1.127833610721847e-06
GN888179,3.8702517845790855e-06,1.1993065943113669e-06,6.792213934976058e-05,5.630766453795651e-07,9.587335860053258e-07,2.6764580111431423e-05,1.781991856351668e-06,4.732934605068092e-06,4.993483458938907e-07,2.071150579762798e-06,0.00025958396484136866,6.692977551880376e-08,8.716931747844538e-05,2.9719998919276314e-05,3.036135216217712e-06,2.6168083099482174e-06,0.00022617233379168086,2.5193799977909966e-05,6.666375638992189e-07,5.183748856446199e-06,2.9842394737184415e-07,2.6925449526868675e-05,2.7927504444287453e-07,5.411409544017784e-06,5.681625470975974e-05,1.8488242497460427e-06,0.00012353096216276258,5.490425645749469e-07,3.6990465221976444e-05,9.55236973406671e-07,2.5878855413429627e-05,9.347114283260717e-07,1.1659662273469358e-05,3.214609143473567e-06,1.3771764872431326e-06,6.715898903573326e-06,1.4150774408708802e-06,8.912385361104029e-07,9.618886704978028e-07,4.377224838296396e-05,1.0058545426299412e-05,2.3481349182003114e-05,2.8182813218696416e-06,1.0033357899052519e-05,8.010183985856645e-06,5.707446017551345e-07,4.407437676290674e-06,2.2507980941239906e-06,2.260324327092157e-05,2.2081830180803592e-05,1.7684681770002045e-05,2.691934639634669e-07,5.8031540989358875e-05,1.1837706909713487e-07,1.8144148024912931e-06,1.1378012357382812e-05,4.013712011426626e-06,3.428272484167736e-06,7.7733379671658e-05,1.5374983839121144e-06,2.4877478731118768e-06,6.738794458492278e-07,2.5524584371555593e-07,5.0337717695872255e-06,6.20365946602785e-06,1.147040649702475e-06,1.0389653837098318e-05,2.956735312310532e-06,1.4978882618666608e-06,4.60300328883284e-06,6.958344634686436e-05,6.265627451877252e-05,4.917724804786168e-05,8.258832498582306e-06,2.445573335302382e-06,5.997778039485936e-05,3.043731472176445e-07,1.5415311778928305e-05,9.786702867527902e-07,5.961746452095339e-06,4.297090728400679e-05,4.2633779986353515e-06,0.00011007611462454844,1.8975564575045792e-05,3.2628766480096186e-06,0.000279881800392002,5.5562665953964466e-08,6.639015795937282e-05,3.377226697028676e-06,4.892931386787502e-06,3.137930702721348e-05,1.4797715517661338e-05,2.772504954767904e-06,0.0003221411951009934,5.369638441434337e-06,5.813163029643827e-06,0.00011657772137233885,1.619493513779093e-07,1.4431573027606016e-06,1.0454719664816186e-05,3.500157981850793e-05,0.00021534166167128102,1.6099812718221788e-05,1.7019497240956918e-06,4.663603676367298e-06,4.441650329388213e-07,1.0002875430857248e-05,7.930131254899289e-06,3.930547097506667e-05,0.0008079476791325381,8.003570973583976e-07,1.0934316277541545e-05,3.729561819586049e-05,4.12503476915737e-06,9.788383264330246e-07,3.830487268782916e-06,3.0495903261414868e-05,2.271318430624123e-05,3.7516566680874197e-06,2.471086747809757e-05,2.880942335965999e-05,4.457210539688928e-07,1.7682072432016938e-06,2.6876054683916857e-05,1.3800261344661564e-05,0.00012527493615652945,1.9280209893207397e-05,1.7565962409816976e-06,2.630306511012631e-05,4.2636104837994976e-07,1.8292105038216479e-06,7.411641042251755e-07,2.1654714906967502e-06,2.1637947506886247e-05,0.00015483915031502428,2.014093365856702e-05,1.2300586998204215e-05,7.796209860308771e-07,7.950572938804605e-05,0.0,0.0016371129574974626,1.118797584278118e-05,3.0309184367103084e-05,8.696004053561887e-06,1.967056767094155e-06,5.2202670291999184e-05,6.779664598624033e-05,0.00018668658949718802,2.2478925818143724e-06,9.528593488612563e-08
OA139405,6.472206728278016e-06,5.837108677796254e-07,4.979583608930376e-05,1.9223780097965922e-07,3.2811074737673006e-06,3.700113291063366e-05,2.2038798698477954e-07,2.822445187588743e-06,1.644615656836584e-05,4.825949243941337e-07,2.0792072573101015e-05,1.7071610785275366e-06,1.810513721889493e-05,3.6688526323469043e-06,2.507289503039195e-06,8.183815961685236e-07,0.00029681548877235844,6.789034396511064e-06,6.966072983608135e-07,4.268690459521915e-05,3.463536535605028e-06,1.3113596087404922e-05,3.6117767336938433e-07,2.6150532191081116e-05,9.213262558628132e-05,1.0746641203618444e-05,2.6428079998137057e-05,3.412911607873972e-07,2.535037019190536e-07,2.4067659277493722e-08,5.76849192465491e-06,3.0514359962599407e-06,0.00011950270405251791,7.822949057315663e-05,6.509803527757352e-06,1.8502223834962212e-06,9.769997690827505e-07,4.794814633253292e-06,2.163387518887543e-06,6.440355066833581e-06,0.00011716191392178675,7.6122268945197226e-06,9.087799384266489e-07,3.9872369812901724e-05,8.199238203821894e-06,1.8837641629250492e-06,3.1099920909608058e-06,3.238201693534541e-05,2.2665788962785556e-05,9.637513441400297e-07,5.160149911848206e-06,3.565773042359632e-08,1.358170787548743e-05,3.2063708660998527e-08,1.8391004289025326e-06,4.9063825120040226e-05,1.0260072953405005e-05,3.840872409245564e-06,1.8975380198646756e-05,1.561671411513029e-07,8.585554698482076e-06,1.1160653031702416e-07,4.948044662623949e-07,4.437568822473267e-06,1.8814331345807894e-05,4.572445107078811e-08,7.34592362690084e-06,2.516540507425923e-07,1.240770982960918e-06,1.2418695416601215e-05,0.0006027832184292756,1.5275063789734178e-05,0.00012233988816472938,3.4246155302967356e-07,3.8189162601068184e-07,2.3559519129096294e-05,4.1045712564778437e-07,9.116441008521502e-06,7.049060951152919e-05,6.688624856436091e-06,1.6124017422089108e-05,1.9861820169481533e-07,9.301206095350727e-05,1.499809502789903e-05,3.4198903273306946e-06,1.103755162969689e-05,7.140457081076673e-07,8.936410232267143e-06,5.100577205024352e-06,9.674239023809793e-06,4.0163168101742055e-05,4.789805454057338e-06,9.075106532000895e-06,2.4725836986035426e-05,1.2718294218131396e-05,8.621415883771618e-07,5.613436457115836e-06,2.369172929223141e-06,4.7560827086241277e-07,2.415088001394856e-05,2.2326779919120432e-05,2.814972142591032e-06,4.997718421899789e-07,4.741242385889668e-07,5.66225942924392e-07,1.3419361017417698e-07,3.0803919914767907e-06,4.463780423936855e-06,2.628092876466416e-06,3.143548285226071e-05,5.2162595857043204e-08,1.7877860206524147e-05,6.033842956920896e-06,1.1757027279887647e-06,1.4177358458033007e-07,1.0410581254473224e-05,6.497502692356694e-05,0.00010392690934030062,1.0927634875555865e-05,2.488078141058537e-05,2.5302963182720574e-06,1.04561597448761e-06,2.2102147582802397e-05,5.210194306813246e-06,6.0520334262336275e-06,0.0001510855539586697,2.7899367043253872e-05,1.768691703621745e-07,4.39932205034533e-07,1.3545892816764271e-08,2.475727707657084e-07,1.3170641647756743e-05,3.0016160206343903e-06,1.7500029333299507e-05,1.1511162993854435e-05,1.7097483573146643e-05,0.0001536994116206032,6.972228136406485e-07,9.610573206314584e-07,0.0016371129574974626,0.0,3.4199523692410196e-06,5.194375520263171e-05,4.155855983265622e-06,4.549931635355888e-07,0.00014420426646126916,1.0017547865677032e-05,1.9400141909746216e-05,3.3064001073701224e-06,2.5521158859848928e-09
KV557128,1.0532494689982847e-05,3.024393418248654e-06,1.71412242712808e-05,8.075032857193276e-06,1.4577370692282482e-05,8.402664394694182e-05,0.00016709395070634326,2.2490253788924656e-06,3.555165098860016e-07,5.232757697351302e-06,0.00020809700088405913,1.7168351224579983e-06,9.888128484610273e-06,0.00020172257241634614,0.00040141417681129814,3.201059440809262e-05,2.131890730330226e-05,2.275516689136761e-05,3.5792099585865574e-05,6.495155368298786e-06,1.2300962437399836e-06,2.8486766378070313e-05,1.892921785463661e-06,3.646565599104534e-05,1.3235576183042372e-05,9.421895785942015e-07,0.0002028107229033097,6.60347504644469e-05,3.28225699369444e-06,3.134486470272939e-05,1.1540637205305517e-05,3.969043690031382e-06,6.283513047581224e-07,1.0499120212768953e-05,0.0005956667035207205,4.257609603067139e-05,1.1833932777276628e-06,0.00012988056722150175,1.9089478496987824e-05,3.278832168035511e-05,1.6531263683953198e-06,3.7740074570306105e-06,0.0001048842783999919,5.010348997273167e-05,1.163821750639923e-06,8.151811850463572e-07,1.738917876471812e-05,2.2056211760201974e-05,3.076760502910958e-05,4.26979306090518e-05,2.9763571221837344e-05,7.619383015415764e-06,6.801146687715171e-05,1.1049733312185894e-05,2.970752963544404e-05,2.574716379792639e-06,1.4876757050678368e-07,0.00011267786657898856,1.737386433229105e-06,4.4763855095199046e-05,7.732612313946633e-06,8.695764339315102e-06,1.2717336377575246e-05,2.0619248057373447e-05,2.470141992958338e-05,1.968205040035421e-05,3.062218443177475e-05,0.00013969095271934687,0.0004347517923361549,5.703701023611616e-06,4.215081862316188e-06,1.3458130148072744e-06,2.6884153238984904e-06,2.2908228067778565e-05,3.965183927935519e-06,8.864927434965297e-06,9.212078062753013e-06,5.5945290703678164e-05,1.017655746891427e-06,4.1262163366270746e-05,4.883879417368679e-05,2.48602908696038e-05,8.187388646703415e-06,0.00014098066242897164,2.0675804332894303e-05,2.3644450748428715e-06,9.815597872458771e-07,4.938424682403774e-05,7.47842873821311e-06,6.532103145712241e-06,8.78038534471669e-07,1.665296704202479e-05,8.489564059479724e-07,2.6192635234957798e-05,1.8783123463559332e-05,6.483043487789181e-05,1.3271898042794582e-05,4.1857749608798523e-07,1.5757610380897076e-05,3.615619363994938e-06,1.2222835577726155e-06,2.049822333517137e-06,6.010569352670433e-07,1.4212220415577517e-05,0.00019289010083432546,2.9537952135589158e-05,0.00011005445600224608,9.47056911111434e-06,2.41136197571343e-06,5.9880571654861705e-06,7.356047600500342e-06,4.694698234282169e-06,1.45365269260223e-05,2.0786169618606504e-05,0.0001376872583201779,9.09605321642945e-05,2.2153017180867138e-05,3.89559964590402e-06,2.4826629752123305e-05,3.6808211796525362e-06,2.5265920525707864e-05,7.571791069563436e-05,1.2673216743003965e-05,4.661777019001572e-05,0.0004480554894474298,4.188272215044087e-07,1.543590622648125e-05,6.372805617801114e-06,3.81899791792345e-07,5.390808401371936e-05,0.0001265717286059716,4.043731551732668e-07,5.569938242519345e-06,2.140137514269819e-05,0.0013771713118421226,5.476739912833773e-05,1.4321359868657629e-06,1.4224703436778373e-06,1.902743420877997e-05,1.118797584278118e-05,3.4199523692410196e-06,0.0,1.273570827209211e-06,0.0012686723045223036,0.00010832921136925904,8.355895445154499e-07,1.1839846426901912e-05,1.2077455215133718e-06,1.5780738601948104e-05,6.642588659821244e-05
LM472910,4.578943490634176e-06,0.00016315199619879273,1.4344500265056472e-05,1.5055405846311282e-05,1.4780254086686149e-05,1.9044798501260744e-05,1.9759205856711704e-05,8.502224226652412e-06,2.397420630176946e-05,6.993273393509421e-05,2.6332467374622637e-05,1.2257085372258372e-05,9.247043064584039e-06,2.4264761420148485e-06,3.9821476310410637e-07,1.4609813326121904e-06,5.06789901897973e-07,2.1857349824727502e-05,1.3784774432181208e-05,9.442828419069695e-06,0.00022059636734400012,5.776787031365339e-05,3.675327925718262e-05,5.178658001710932e-06,7.429359116331299e-05,1.5049872305856038e-05,4.628789663278751e-06,9.352290068411764e-06,4.4961735422977167e-07,3.3245610963535313e-07,1.669131153968769e-05,1.9355306392634148e-06,1.425329501172791e-05,0.0010369510158423558,4.523111486332441e-06,2.0081488719113475e-06,8.187427772336043e-06,2.9652554429525577e-06,4.873529529421213e-06,3.102274911995516e-06,1.174835680563131e-06,5.252858965567705e-06,9.876624835550554e-06,9.804029497751211e-06,4.537682271894819e-06,7.903918402630154e-06,2.315534295512645e-05,2.080075267478725e-05,4.015529937736637e-07,7.019016952482046e-07,6.793369769632341e-06,2.1906513812659686e-07,9.695320276112566e-06,7.158684014373705e-07,0.0001115757900261322,9.591635575243417e-05,8.551338977675336e-05,1.9488878784769977e-05,4.630229199763215e-07,3.557013280357971e-05,0.000364159113986605,6.245122339123758e-06,1.1336980361612856e-06,0.00013798717871909628,1.5877528260343198e-05,5.88149374463627e-06,3.2723816137015837e-06,5.426891751181242e-05,1.93815744097578e-06,1.7241672471055752e-05,8.104122734648713e-06,0.0002071860562776122,5.123036877870519e-05,3.3671769576002283e-07,5.792621873093352e-06,0.00011932002371733749,2.3388926650197988e-05,4.572285679728139e-07,3.098032338503937e-05,2.6687467103840212e-06,5.124823050708279e-06,1.0525367842203839e-05,1.0107036429814628e-06,3.735094108924664e-07,1.024486178806769e-05,4.050352241318102e-06,1.0938444437219563e-05,6.12724727658067e-06,5.48561767169056e-06,1.6104547660107948e-05,7.485464211247447e-06,4.690263109123162e-06,7.763962860356802e-05,3.907491418869466e-06,0.0002114801576087213,3.6955648226473846e-06,1.786166866510773e-06,0.00010296705158781267,1.9180175392177323e-05,0.0014037982972610885,4.270486014498231e-06,0.00029025406360021097,0.00021008399216179826,2.8035599363000566e-07,1.128775261616681e-07,6.213542150670059e-06,1.6339979153701835e-05,1.9070787132107292e-05,3.4460636795338446e-07,6.863903033435392e-07,1.4511442860276971e-05,1.4287226323135069e-05,2.0241478652256538e-07,1.0507838848347392e-05,9.378730432149597e-06,5.733634881873296e-05,5.2097356530187685e-06,0.00045434635761753227,7.92215051855494e-05,9.806310388854197e-06,3.468774540229948e-07,1.1432816294904772e-05,0.0007359446925667358,2.019026687738947e-07,1.4380777845802439e-07,7.519086031359472e-07,1.5853898860573218e-05,2.3013602384200149e-07,0.00010743402276744464,4.920367158978901e-07,9.447848936703696e-07,1.3269303710300937e-06,0.000106087878403592,5.863744832592474e-07,3.4684101390664994e-06,2.11530781592306e-06,2.353844253381754e-06,2.8609872747933276e-05,2.942866362261466e-05,3.0309184367103084e-05,5.194375520263171e-05,1.273570827209211e-06,0.0,7.379871485938896e-07,3.4293406255158245e-08,4.491538736067466e-06,3.7446564446676897e-06,1.8798955002934996e-06,2.3396159961743437e-05,6.405686418373517e-07
BB504881,2.5016812896600377e-05,1.7739435219546505e-06,6.015196420826446e-05,2.4848732249502146e-05,3.37748061961343e-05,0.00014696943235443076,1.4940445876808852e-06,3.097625627005146e-05,1.2143460231788588e-06,1.282623824541233e-06,7.020638855399264e-05,1.2672058789137205e-05,5.595751521696642e-07,6.719793344126748e-05,0.00012446600403558808,0.0005523809667364363,9.258913615944118e-05,1.57668959761837e-05,3.66174902214924e-05,2.6102942062676137e-05,1.975976929140036e-06,1.462796913962012e-05,3.0014086510852877e-06,8.399504518585714e-05,8.27522713153029e-05,1.73232893401972e-07,3.1424476718602476e-05,3.558592953210131e-05,7.550395770649996e-07,1.4073869122520141e-06,5.145714881703031e-06,8.615967017340123e-06,8.154542007505636e-06,7.446796805534773e-07,3.2709093424960823e-06,1.8378403392131994e-05,8.014557499121318e-07,8.9020089664949e-06,2.77894856888096e-06,0.0001048556009211836,1.4424885720783224e-06,9.051870793429452e-06,7.435412707672212e-06,9.81313965704623e-07,1.9573528632532446e-05,1.3896672759308947e-06,2.9493734831564284e-05,7.876849813233639e-06,3.296799261169714e-06,4.111178815206689e-05,0.0001343061514119507,8.793565303518208e-07,5.047819843017625e-06,0.0003013917513907719,1.5642967066493573e-05,4.3174880339716913e-07,1.0322097146400182e-06,3.1705775573346165e-06,1.9941672636410232e-05,3.710289278405167e-05,8.287293163639476e-08,3.500988106342672e-05,0.00037947997963776246,1.6914982838014795e-05,6.145213075628889e-06,1.7566739884699327e-06,0.0005246435230379861,1.5466295605396058e-05,1.7463730137727065e-05,3.748255172896698e-06,3.288050455275599e-06,1.829252174742213e-06,3.7979560239947834e-05,2.2538546110188565e-05,1.79195104631128e-07,5.198773852620767e-07,1.7501024168894107e-06,2.6061270087152926e-05,1.0148314703073548e-06,2.1465271120118427e-05,9.479298934359288e-06,1.5716947024611868e-05,1.5153038361304122e-05,3.478004772061051e-06,8.976866091246511e-07,7.197690679798801e-07,6.957183614949996e-07,5.340158257656922e-06,2.5384281158452586e-06,1.6192805001951652e-06,2.4386044587818907e-06,4.318325060557338e-06,3.292196713022257e-07,1.2288683062401702e-05,0.0002817852435554492,4.127688682449397e-06,1.9267745922008985e-06,7.897336463975531e-08,3.265969813809403e-06,4.408606813218165e-06,1.2893035442328056e-05,1.670884365185377e-06,9.96295381231411e-07,0.00022018386801143138,7.152690029687264e-05,5.945996285070222e-05,2.0522799846189807e-05,8.11746579148983e-05,4.535677085923368e-06,7.305248247050832e-06,2.2218278353726156e-06,1.6453507762749688e-06,1.3113964903880598e-05,2.4774490597359358e-05,1.4062883729290962e-05,1.6899917845215757e-05,1.729247828970809e-06,1.642419507551154e-07,1.4777611525761262e-06,4.7869626666419276e-05,4.327900071459932e-06,6.067154840736014e-06,4.3384109696261444e-07,0.00011704606523936659,0.00018741401950321234,1.0921613278918917e-06,4.422929996273335e-05,0.00010318144274776842,2.905537644668596e-07,2.5823727394540668e-06,5.7850998435757536e-05,6.566452705520696e-05,1.4712408742082028e-06,4.4099382313379985e-06,0.000465212047163067,7.674782736160794e-05,3.3167884799970204e-06,1.7999134760894468e-06,0.00015317903417626837,8.696004053561887e-06,4.155855983265622e-06,0.0012686723045223036,7.379871485938896e-07,0.0,0.000396289843259775,6.264234200554062e-06,3.884901897347313e-06,0.0001106284670362657,7.480329891859765e-05,1.8713109053883906e-05
KA902626,4.060742274639688e-05,6.780928598151855e-08,1.0303932702314793e-06,3.22577078775109e-06,1.276392462151154e-05,1.8232134013450362e-05,5.068751768556064e-06,2.0171626771354578e-05,3.365667130680925e-06,5.855977219360598e-07,1.0664939669695875e-05,4.745929627246967e-06,5.881344117214474e-07,8.495092857345103e-06,0.00013838972276096495,4.695486820924848e-05,0.00011831916305120617,1.168241345472475e-06,1.8673965327724718e-06,3.5049179018482624e-05,7.227374447627079e-07,4.366870539271387e-06,3.6877373889151263e-06,6.800046121149312e-06,4.607952917434341e-06,3.415158879622412e-08,4.155730242035025e-05,1.3151206056339592e-05,1.348083323527633e-06,3.700898561905023e-07,2.7960427539730243e-07,1.997305071077361e-06,0.00015449419563296708,1.3169541522324195e-07,8.283716907407675e-05,1.2526068285353817e-06,2.3597884057028465e-08,3.9923518641308335e-06,8.410379271135227e-07,2.0689200330323405e-06,1.5944643789247235e-05,4.863722069910827e-07,3.864872271255918e-06,8.924112456060145e-06,7.240210696676051e-07,6.909770361427984e-07,7.717043757498995e-07,6.026615602535555e-06,3.4376494274896034e-05,6.900296594338919e-06,0.0008668786007356899,2.002963177940446e-06,1.6101658630734936e-05,1.986621982682911e-06,9.225633109259648e-08,3.1907278713391504e-09,1.0137249143362951e-07,8.124293605791229e-06,2.855275890573245e-05,1.4933279600925273e-06,1.2236123386607914e-07,1.4260483194474496e-06,0.0001326238050807052,6.791428307499519e-06,3.924806250348552e-06,4.645387952576814e-07,1.5099436794253941e-05,2.950059123464154e-07,9.675908476393635e-05,7.748115729441598e-06,5.149979381367203e-07,1.4730391896584911e-06,5.175772313008363e-05,0.00011105438275693903,4.865790922318637e-07,1.7194524429893386e-06,4.202215637741651e-06,5.2745495989164545e-05,3.443438672842455e-07,0.0001341882438149812,5.413612692477787e-06,7.690092721016134e-07,7.87091453636741e-05,8.277002090374761e-05,1.0155234964568722e-06,1.1057097684344466e-07,2.699843013689658e-07,2.786458232827857e-06,6.381791475410787e-07,2.9059152728052476e-07,4.964975983092598e-07,1.8407976702875173e-07,2.9883872958793837e-07,2.1765623721518162e-05,1.0785273139342305e-06,3.965987199588935e-05,1.1660573047387478e-05,2.148732522559941e-07,7.14951966122041e-06,5.929915455899365e-06,2.738109121429707e-07,1.0643903423814652e-07,7.481271283978504e-09,0.0005450515978247718,0.0002074870464563728,4.2320549336723176e-06,1.3590974053674504e-05,2.4834152329124696e-06,7.538612962164668e-07,8.499381447914937e-06,4.7639480972082444e-06,1.0295987141736812e-06,1.0552073189805515e-06,1.0048885056924097e-05,6.029041660920231e-06,9.573119420220677e-06,3.9431975491136193e-07,1.5128542262589336e-07,1.9516154052459642e-07,0.00012187546621087699,8.759331867957723e-06,1.5098885442729812e-06,1.289582399935606e-08,4.718467536051362e-06,1.639847687583845e-05,5.207621474126996e-07,5.80562305724498e-05,0.0003811007088902302,5.449640648839739e-08,6.255206792771401e-07,9.045155029228997e-05,4.049457429684353e-06,1.637068731709041e-07,4.62445880402119e-06,1.114079922645697e-05,2.34932889610171e-05,6.421573145125591e-07,1.038091895467282e-06,1.1271290355932781e-05,1.967056767094155e-06,4.549931635355888e-07,0.00010832921136925904,3.4293406255158245e-08,0.000396289843259775,0.0,2.3947218473195545e-05,7.670931204660949e-06,9.08848348186101e-06,6.438881693578489e-06,3.9258025064411683e-07
NF161308,7.45602910779614e-05,1.637735049769013e-08,6.759684886966199e-07,4.837572016499272e-05,6.303935728036976e-05,0.00027191445336492953,2.4976808459007987e-07,2.1368520543233626e-06,6.356884713243837e-05,6.393129761043329e-06,3.057899524986205e-06,2.1228572795673307e-05,4.843510524050165e-07,1.7707911520384525e-06,8.833200215313308e-07,3.3515752695121227e-06,5.30653348814761e-05,1.815445279608343e-05,3.6867203365151628e-06,0.0009613566700996816,8.221870286565737e-06,9.812147809599704e-05,2.353992674245259e-06,7.427486950247996e-05,3.093519229238216e-06,8.701027874158258e-07,3.812219976091164e-07,1.628117865891562e-06,1.662492709973037e-07,3.1695610122505774e-09,1.800281188764403e-06,7.469285474670367e-05,0.0003591847454535934,4.660381558553994e-06,1.686998407562019e-06,5.563947483775957e-06,2.275529767196325e-07,5.028602763219747e-06,2.0703260257041776e-06,1.2807672811316293e-05,0.00013516664851582146,9.670325187643623e-06,5.883636821116711e-06,1.1928503391151541e-06,2.093583229073115e-06,3.0313100301919494e-06,1.7043987161826287e-07,1.578403854199239e-05,1.2416494797710294e-05,2.550672112831591e-06,0.00010508719026417366,3.4628408706498428e-06,1.193428576279913e-06,1.256233754094344e-07,3.2189541478224687e-07,2.5471462102635033e-06,7.49329127804544e-06,2.1393058710716688e-05,2.063708296688249e-05,6.144014642196987e-07,9.924111531432501e-07,2.216518283126775e-05,3.233695252584084e-05,9.593082397700198e-05,3.027270832841622e-07,1.1400860055887578e-07,9.847092046805647e-07,4.7648973663648534e-08,6.515374907177736e-07,0.0001396718282179697,0.00018431316909914291,2.5872268549676055e-07,0.0006877033013156877,7.223402142201059e-06,1.451444661917407e-07,3.1076365597279705e-06,1.4072871850406644e-06,3.8574428430449285e-06,1.1269203324731658e-05,2.133281994511393e-05,1.1640010896147722e-05,6.600779899356741e-09,0.00027719315249831943,4.5428579257553964e-05,9.87558652846753e-05,1.0891846583152505e-06,1.2174722149435483e-06,6.23265360658354e-07,2.9146406936212007e-07,2.5578648736381897e-05,2.6289109633100323e-05,1.4202666530745737e-06,1.7672541634607455e-05,5.40359848197004e-06,4.0274719251860555e-06,3.52733904743612e-05,8.036168874670431e-07,3.375494692149771e-07,6.439923831737102e-06,2.0237669056839e-05,3.4180247259829703e-07,4.1066860213625946e-07,5.896687904385253e-07,6.6877058436378375e-06,5.988308459211245e-06,7.67369543546235e-06,3.36987198232697e-06,6.523705994395916e-05,5.2675646596637754e-08,5.376775807020166e-06,2.9345722014183525e-07,2.75800895364314e-06,1.023974453824732e-07,6.1144802934197e-06,8.056057336753845e-07,0.0001403724372823203,4.0991763921371416e-07,1.448854133075475e-05,4.7884891811828715e-06,9.329535904105402e-05,6.649153778292924e-07,2.1520373391086078e-06,1.1424745255823746e-06,1.6840975970402243e-06,5.746291073646608e-07,2.5789413457561496e-06,7.790643431343252e-05,2.2990875769584936e-05,6.910081202374547e-08,5.266796690873905e-10,4.658426602787255e-07,3.172232638369818e-05,6.083105274479911e-07,4.2428097848150526e-06,3.5538104146127666e-06,2.115117342683802e-06,5.447973164053781e-06,8.520442646542138e-06,3.708342225287257e-05,5.2202670291999184e-05,0.00014420426646126916,8.355895445154499e-07,4.491538736067466e-06,6.264234200554062e-06,2.3947218473195545e-05,0.0,2.3034991799157165e-06,8.240522438971679e-05,1.045851239912981e-05,1.6656751417372515e-08
OL195800,1.0194731392898282e-06,3.4041735877012433e-06,1.2801032716762721e-05,4.5159571750808986e-08,2.6611188919576477e-06,1.2694624517869857e-06,1.7491312701983648e-06,6.114171233865191e-05,8.49230081383551e-06,9.169679319600555e-06,3.94516407763499e-05,9.295690215663652e-06,0.001120939729368377,5.4176311975137704e-05,1.5887655128684678e-05,2.334404265356913e-06,1.050697754814741e-05,1.1073453917425042e-05,6.113644729291655e-05,4.390948661466281e-06,1.433572760758336e-07,2.11924778347611e-05,4.163656887852105e-05,1.4488197717784911e-05,6.840019025930417e-06,2.631013547530346e-05,2.9140897443736772e-05,1.7699447780175099e-06,0.00029519365445395155,5.756536644536077e-05,2.4615445395300937e-05,3.2173540860314575e-05,0.00013191966422741098,2.4853160208615687e-06,2.207501379402177e-06,2.612757010554025e-05,0.00010859970824123597,1.2704215337138531e-06,3.5576477668476326e-05,0.00021873852114298126,2.8991271326202334e-05,2.4162272066094063e-05,5.247295557579909e-06,1.0863072476150867e-05,3.8633934080758495e-05,4.0566720292352494e-05,4.014520039556704e-06,6.019045150877114e-06,8.01053421222056e-05,2.4602039981313876e-06,4.100124673210538e-06,4.228017251814375e-06,1.7283586812052343e-05,1.826160588787223e-05,9.944126870160461e-07,4.011419449757016e-06,7.3784859692633315e-06,7.333589384163584e-06,0.0003064612733013581,6.82796493603184e-07,1.2056343024745145e-06,1.8340392802210613e-07,1.1380163860926521e-07,1.6927349473774997e-06,0.0001074882647719311,5.054352346987465e-06,3.0492554000030806e-05,5.97890800309939e-05,1.4730883966229603e-06,1.0905170187923766e-05,1.9234713774583542e-06,0.0007178792232929495,3.510091516395074e-05,1.7420767591790625e-05,1.0750662055971478e-05,4.184172012658741e-06,7.641194442554119e-07,0.00039009351091263305,2.1805003657446407e-06,2.337824198536609e-06,1.6013154165874606e-05,4.98829119294882e-06,2.127901848117767e-05,3.867812414913159e-06,2.55372155833652e-06,5.467145342904423e-06,1.5984911706749932e-05,9.10417416035601e-06,3.0031102901429186e-05,6.70226700318718e-06,1.2896352976271675e-05,1.2218164034788007e-05,8.922303366544735e-07,0.0011829353875194234,1.0599919342304424e-05,7.829639525301532e-07,0.0010932524184502886,4.069238415736582e-06,7.319307182894636e-05,1.8963603570106754e-05,0.00011760741102216882,2.911637760059108e-06,1.0447885023168436e-05,4.394984419732527e-05,4.55873757990965e-05,5.806090959981857e-06,3.308755184922623e-06,1.2607207701194617e-05,0.00014940596927184033,1.2457689697196613e-05,3.5670433427736636e-05,4.446280465497269e-05,0.00011325652221969987,4.811962024465341e-06,9.41718485193619e-06,1.0605181069228234e-06,2.646844778101941e-05,2.9523588479787542e-05,1.2038300267321106e-05,2.0140498938349074e-06,7.125908904772197e-05,1.3647037626044846e-06,2.9147261701148098e-05,0.00018972733686733028,1.4507480777846247e-05,0.000268643395841267,8.332651354662771e-07,4.550325328512739e-07,5.587339571432002e-06,8.06539045699452e-05,0.00020497991582773807,4.852998716859948e-07,4.278137433596236e-06,3.2411885989198896e-05,3.848116460400316e-06,3.325318430726206e-05,3.2254028589032857e-06,1.2377561852140815e-06,1.4937606953249539e-06,6.779664598624033e-05,1.0017547865677032e-05,1.1839846426901912e-05,3.7446564446676897e-06,3.884901897347313e-06,7.670931204660949e-06,2.3034991799157165e-06,0.0,4.9825314805264876e-05,2.3402837947869987e-05,4.836652252083754e-06
KD199606,0.0008126855478873672,2.117255775416927e-06,7.501473001818922e-06,1.1765381216025811e-06,1.7685290317437642e-06,2.3179463437220832e-05,9.757945192156445e-08,7.585160740246917e-05,6.903978733595286e-07,7.343835221451235e-06,7.432257190533861e-06,6.388069012480717e-06,2.691389075428278e-06,8.131141747602831e-05,1.6235610848641115e-06,1.965730875369226e-06,2.7055025959066074e-05,9.844876243827443e-06,3.1429334913875134e-06,4.72204592930295e-05,3.667099727533261e-08,2.968003321570491e-05,3.4296591380015994e-06,8.493962919581482e-05,6.364316809719941e-05,9.326534461207188e-06,9.936148473904906e-06,1.4558758554090937e-06,2.5635552941492897e-05,1.5540903487147035e-06,9.823030270016334e-05,6.063825275354076e-07,8.773011059124757e-05,5.160183998954968e-07,2.37519901241721e-07,9.086860991348481e-07,5.146881810857401e-08,1.1973444598421259e-05,9.281928812438566e-06,3.873088115850913e-06,1.6956685854124814e-05,4.29705118182268e-05,1.9145663340772563e-05,1.5818805956724263e-06,6.85587227218751e-05,1.342003856515966e-05,3.88913551669654e-07,2.2934665041821347e-06,2.63682674410575e-05,1.4993920907156756e-05,2.1333022593366115e-06,5.962894115339545e-07,8.845506645643177e-05,5.531609265055923e-06,3.373209662069586e-08,4.344376154691759e-06,4.9913769518037095e-05,1.8522506055267356e-07,4.821483347790277e-05,6.894572896827312e-07,9.109841269823394e-07,1.0459600995560494e-06,1.1011341907094618e-05,1.017806376695787e-05,1.4501959412040108e-05,9.010161667724247e-06,0.00014315296777352095,7.522966564901666e-08,5.4977286898505686e-06,5.396078593522422e-06,1.0385156313964952e-05,6.848151696085459e-06,0.0004226616984882594,1.5646370028596838e-06,3.854209565212466e-07,9.687334633147829e-06,6.828983430972976e-07,3.813169595479378e-06,1.2387263213345862e-06,1.1191796833613243e-05,4.905848078467586e-06,1.7862255817254815e-06,0.0002677736525902343,3.3817870950658884e-06,2.2227718585764816e-06,0.0001834552527823758,5.133620697008654e-07,1.8057476001787257e-06,1.6342926508328866e-05,2.2210628725211364e-06,0.00013318177499226967,8.351063459004461e-06,1.2311323880094551e-06,1.9190245266319194e-05,0.00013282778561843738,5.352590030015327e-07,3.408218208319056e-05,1.6815780400565377e-08,1.1288996610408399e-05,1.3771128478192358e-05,5.209832374515508e-06,9.125933841206801e-06,4.5371243159221245e-06,0.00015834700107545744,1.3879670633277337e-05,7.667971354019211e-08,0.00011945541103362086,1.9762681021655086e-05,6.768424761296384e-06,1.5545651006835947e-05,1.8650062775964744e-06,2.0323782370766295e-05,2.1884401574258505e-05,1.9422736620938322e-07,1.1751810831235232e-07,1.9528888387178646e-06,1.3850685588184218e-06,3.292549496337757e-07,8.382939202885605e-08,0.0007316502311284871,3.1806833521119804e-06,3.3434709306788124e-07,1.17779998182669e-06,1.8707897128763793e-05,2.147413603035847e-05,0.00026868212907039664,2.030488051780088e-05,2.2191799305237718e-05,5.123205527829332e-07,1.094953088541076e-07,1.932974803266021e-05,4.1895975388258815e-06,1.1171125942735946e-06,0.00033609764055003157,1.9080742299678407e-05,2.3436940793419907e-05,5.2761854559675165e-05,1.5751072288005121e-06,0.00023892451533133615,0.00018668658949718802,1.9400141909746216e-05,1.2077455215133718e-06,1.8798955002934996e-06,0.0001106284670362657,9.08848348186101e-06,8.240522438971679e-05,4.9825314805264876e-05,0.0,7.5372272998571055e-06,1.5724358629848388e-07
UY719006,2.987076034126815e-06,1.4428586961792496e-07,1.1839779839938975e-06,2.4406934824858236e-05,0.00010161679035232488,5.902511826870748e-06,1.3043418171307357e-05,0.00019033961511085625,1.3285507533688807e-05,7.622223916887774e-06,1.6072530494842298e-06,0.0001321459941323114,1.528947983784382e-06,0.0004742314684600111,3.197011864070004e-06,0.00021592392107495673,1.0493036592582931e-05,3.220602230269883e-05,0.00027343675206142827,9.127598394175787e-05,8.284703020002404e-06,0.0012032330289529838,0.00018128028118036127,2.4541065851370002e-05,1.492780423914311e-05,4.2921437516180265e-05,2.477763241221441e-07,2.6288990186447454e-05,2.1751459181820374e-05,2.198171917464154e-06,5.110744910066548e-05,9.277500881798529e-05,1.1174716654279862e-05,9.822673145095992e-05,1.1633145617460583e-06,9.57869507259475e-05,1.3253778748401053e-06,2.8318499129326328e-06,0.00020577213105365,5.1376186145116835e-05,4.8115879607124025e-05,0.0004110189030559567,2.262969823465364e-05,3.777299533532841e-07,0.00010150432625353578,7.512583253831746e-06,3.364074361851654e-06,3.6056724752982355e-06,4.906107851868873e-06,0.0013210927232153512,1.0587024019690774e-05,1.718166311124848e-05,4.4903334090807627e-07,1.0383358004196286e-05,2.3360117413357112e-06,2.584411315084817e-06,1.297883728916635e-05,4.379798092383292e-05,3.7896304575907e-05,8.525845015045743e-06,6.006891716267945e-07,1.665324947825925e-05,2.5913729340003075e-05,1.3701164444044847e-05,2.064327516357339e-06,1.7669201183944811e-06,2.8569555180866524e-05,0.0001134954569900821,9.783742228591556e-07,9.42431359085967e-06,3.2871033852622715e-05,1.068715386480456e-05,2.868669808170001e-05,5.717444624876146e-06,3.3602596848544227e-07,5.070273422348591e-06,6.254234620205755e-06,0.0001451472394548484,5.540623049670883e-07,2.2617043560560616e-05,5.286478077148952e-05,1.395532827160679e-06,1.4535194581025774e-06,3.7371338548066194e-05,3.1017411771651415e-05,2.439472503540851e-07,4.236881081218761e-05,7.381951280642762e-06,2.763872962848221e-06,5.709621693161329e-05,2.0613534356835253e-05,2.641984997398051e-06,3.556054629301383e-06,0.00016024595750369574,1.8918765810076602e-05,1.7760379422495467e-06,6.329715411608096e-06,3.759166055646035e-07,0.00015434552913432347,1.6830087845176415e-05,9.47669313944413e-07,5.11508066371333e-06,6.77426782521927e-07,5.99809288743813e-05,2.065043187202222e-05,9.604226430610066e-06,3.3748621664280767e-06,0.00010155101152523045,8.431654726644705e-07,5.065075134403062e-06,1.0650045206337064e-05,1.5445171604673716e-06,8.789478891952854e-06,3.1753616026207963e-06,2.0353607811906288e-05,5.338650560047394e-05,1.7849678916362295e-05,4.518372751247433e-05,9.82048651690266e-05,1.3456146095288581e-05,1.8445266099374287e-06,4.451002837007633e-05,2.047473196254805e-05,9.476848513746137e-05,2.4965413063575303e-05,3.539062437432996e-05,3.5067372146640234e-05,0.0001869509977699543,7.328633952311135e-07,2.85436849277024e-06,1.533110615690869e-05,4.0618376289053685e-05,1.6835020981167485e-06,6.951867512435782e-06,1.7398809964898258e-05,2.111224530899008e-05,2.0481310165263038e-07,5.648276539570128e-06,8.476571916876087e-05,2.2478925818143724e-06,3.3064001073701224e-06,1.5780738601948104e-05,2.3396159961743437e-05,7.480329891859765e-05,6.438881693578489e-06,1.045851239912981e-05,2.3402837947869987e-05,7.5372272998571055e-06,0.0,9.552145722665948e-06
GY305906,1.0135284927622961e-06,2.4415745694675927e-06,6.389590743727333e-06,7.526336859233159e-07,1.3455470825377041e-06,1.1552579899222168e-06,4.4396039894644696e-05,1.873576109168568e-05,3.188874255406041e-06,1.1575416963296918e-05,2.2352953938681234e-05,6.919578836492569e-07,3.6107067110692194e-06,2.327085917066464e-05,5.8697559740723366e-05,4.3186919667164185e-06,8.035073860480979e-09,3.4855792693182483e-06,2.7115243447817356e-05,2.005868924001018e-07,2.9645959392572792e-06,1.0632668108645253e-05,2.78728265020481e-05,8.591585728887261e-07,2.7416774402639586e-06,6.510118362631416e-07,2.6076919800142113e-06,4.578593024704373e-06,6.017152833040635e-06,0.00022028227791998588,1.7846613203340276e-06,5.020526273925914e-06,1.2358546145345132e-07,1.686944509831727e-07,1.960320932186103e-06,7.856376371414063e-05,7.88224374832306e-05,9.282354679117768e-06,2.220851254145534e-06,1.861643100633727e-05,1.0208820204348761e-07,8.345236744805857e-06,1.1357337988284404e-05,5.395412525351411e-07,3.34599939714113e-08,4.573821570581596e-07,9.124011459766967e-05,3.1289984313411916e-06,1.007247939880744e-07,4.437937866993652e-06,2.1137190674846617e-06,4.935682763059359e-06,3.1836725534887636e-07,0.00021303073007794969,1.8834940274107408e-05,1.951561034539838e-08,2.91908323984479e-08,8.093791446594665e-06,3.220344570614438e-08,0.00013768513484091084,6.128982110129858e-07,3.21911437475436e-05,2.4474099095291626e-06,5.495146475037581e-06,2.9588996168730932e-06,9.769481662569003e-05,1.5969178417978213e-06,3.9377216287307176e-05,1.909636058355823e-05,1.3845895276589657e-06,2.580189560402464e-08,6.743824732131404e-06,9.211406259750068e-07,5.387841724189954e-06,2.143121743309392e-05,1.4854803729693724e-06,9.6948913700902e-06,1.059589993416292e-06,2.465272001762601e-06,3.3891466198111676e-06,1.545912330807663e-06,6.109992934089143e-05,4.6542411666351e-09,2.802492082871724e-08,1.8239504647280946e-05,8.188633409264148e-08,1.736537878538165e-05,1.5294078747612804e-05,4.5740174999654446e-06,2.830543144151322e-06,9.7903148959934e-10,1.677713992079413e-05,4.422135145213731e-06,9.47016096422035e-06,9.819522950531542e-06,2.1302368949367877e-06,3.754430942052811e-07,3.325747283497411e-06,3.1329775512843743e-06,9.416985399481607e-07,3.1656322216283215e-06,3.4086778961382036e-05,2.565704892009663e-06,2.550189739756201e-06,1.3638765644536372e-05,0.00012344201234404625,1.6855745775469173e-06,1.4697054130123176e-05,7.927264542552535e-07,2.4568628773580927e-07,9.216260212987523e-05,1.5106980002687802e-06,9.102677070613541e-07,9.075108958479687e-05,0.00015032539303971976,5.133616195361141e-06,1.2302416677645088e-06,2.269031660949005e-07,1.2113976438885553e-05,6.6083043375301255e-09,2.9226763781293302e-05,0.00024878016686786755,3.991879977233476e-06,1.1897283790736927e-06,3.658558753609148e-06,3.063056857284621e-08,2.108969245316148e-07,1.5495546156150524e-06,2.3740742395637086e-06,0.0010135677063913809,2.0087019556079184e-05,1.6221220334510358e-07,1.1952007209833992e-06,5.142149614055589e-07,2.4079971726599418e-05,1.1044045071061746e-06,2.8506973827714736e-08,1.14648463666904e-05,1.127833610721847e-06,9.528593488612563e-08,2.5521158859848928e-09,6.642588659821244e-05,6.405686418373517e-07,1.8713109053883906e-05,3.9258025064411683e-07,1.6656751417372515e-08,4.836652252083754e-06,1.5724358629848388e-07,9.552145722665948e-06,0.0
