品番,WY067163,WJ430631,XH393240,IJ283088,ZR856254,WR597467,GF348474,WY545759,FT814555,JU393889,BF051547,DB316954,JD858061,AA780156,BJ860189,CL128693,XL393676,SJ372019,DP586030,AA598017,IH413600,JX893057,RJ664372,YP599008,AU877814,TP712509,SV756975,NO407338,XH609836,UO208012,FE927797,EJ557771,RI373110,VC424315,JW793198,IL590822,KC161872,YF907288,IQ381974,ID704706,YK951326,CF622663,WE759046,DC741383,EF295835,GN704275,KY124041,RE294338,KG679473,QB453383,HM872504,YV652720,PI543452,FE471123,RE488091,OA636972,JT714574,OO519485,NK811267,IJ989560,WX675432,KX221298,HC286421,SY199938,YH305068,DH738529,ZV661019,QJ307468,MJ657458,QD365978,BK257344,AC873059,ZW286556,DS480586,CJ891267,WM625563,YU036236,IK865747,OJ973177,WP630067,AV875914,NY061123,PQ145431,SJ510819,EN213213,SF197707,WW135442,PA751345,II067440,VP052641,HM132375,LI971013,TZ848437,ZR069649,FM460543,CF470157,VP273159,ED654757,KI810400,CK003570,JC160232,FG684647,IM106625,XP575260,DK585616,ZN135607,PX024382,VK309827,LT464099,SW138007,KO231913,YI881281,RF082219,VD549560,QN407818,VO771577,AW127455,IL262189,GP748023,KO314747,BY520328,HV465250,FA291539,RP321877,HQ186018,QW882237,CH935697,PD738544,BH065906,CA685113,JS348244,SK407981,NG753012,BT445911,TR068731,BC730662,OL796059,RY746259,LJ516052,GN888179,OA139405,KV557128,LM472910,BB504881,KA902626,NF161308,OL195800,KD199606,UY719006,GY305906
WY067163,0.0,5.351334787092664,4.598711325797207,4.91523656254792,4.786072693466727,3.101073755043274,4.278546801819893,4.331843625138237,4.485435089259526,4.843106423778744,4.3693210085560485,4.333960724186774,5.466327291448801,4.019702889113861,3.968431961565377,5.511453528864311,5.132939390921554,5.171404685985125,4.550141840956992,4.11489677472932,4.80705440596093,3.9061589062800057,4.508059466081953,4.0772601343884745,3.500939511246656,4.841436887006466,4.561455930528357,5.0276442137745345,5.1891918214697,5.797946909886528,4.803393583698457,5.1413210708889965,3.718232616143595,5.145934618413906,4.345037515620348,4.9015045586118635,6.212744552241927,3.7050022511303315,5.087343946046575,5.504076040232981,4.643142368702632,4.674646157255236,4.302130075092449,4.52402911370379,5.724046803889888,4.901458704363063,5.438471313033846,3.820538775643265,4.978255364256527,5.17471841470293,4.420801817283478,5.463276252267976,4.164433384584192,5.236837688462995,5.297999184695916,5.749525251144997,5.109944114952132,4.579353363164062,5.277171893039593,4.364293446072359,3.851835014762916,4.772091352332027,4.068799712842162,4.425961961074254,4.917145574146644,4.624179239225038,4.9918321346967,5.8616402079651335,3.5794145574480845,4.754792557002632,5.374002221799481,4.554101594304749,3.4330617931454896,4.868264490413552,5.107524222117735,4.113409446316224,3.6530620482391347,5.313924548525551,4.292528665105257,4.247390059590644,4.9379734020652295,5.360808146573781,3.7369470335013384,4.457818659748406,4.341327551115026,5.03590324474797,4.8492751314406135,4.885732599204008,4.725045050579849,4.49921636593766,5.293027763617816,5.202934186922687,4.418795746322495,5.0973183317787,4.304877525113604,4.564032891517798,5.289656725871312,5.507231700353502,4.514501065425307,4.408605439431879,5.514383181658802,4.946790919038717,5.410387126522462,4.634323137888071,4.079130332723488,5.247660935660578,4.0729141420561055,4.850137599911171,5.688998871010285,5.28100678235273,5.072758309729928,4.786310199886968,5.768158707727008,4.422562991919881,5.104973557217505,4.21410437782867,5.169144258548528,5.026426561183339,5.100239236567722,3.1767645719540343,4.709612114024293,4.178096824930364,5.251400032730957,5.782349911924105,4.607596447484655,5.27135457623733,4.515678764438749,4.251063043693027,5.80196135319915,5.6790417633675485,4.706190194034927,4.858501301781487,4.954238154967538,4.128345045393107,4.221270199944435,4.799526972366309,4.873449299375302,3.8485071692482737,4.444757519452426,4.80425162820188,4.966665848991546,4.477996766892089,4.804692374927976,4.271854964609561,4.403791914364348,4.109188558640266,5.094419350637914,3.358430695725442,4.7999417892446,6.35295881727572
WJ430631,5.351334787092664,0.0,4.164124550049835,5.479360520093322,4.594171254503135,5.094787281657365,5.33537361176101,4.3729672814300935,4.5942446840255196,4.002842465485633,4.254772309642065,4.944786145578906,4.907746053737703,5.301618031693249,4.93495662264963,5.005082710054253,5.292671260882659,4.906570155487622,4.651160407485684,5.581020363547737,4.246210308089857,5.227688727568292,4.5389865883535006,4.62461148965756,5.3267924099263455,4.606539299470171,4.23432148213933,3.7576687544123804,5.10974349627078,4.978711100129676,4.393713221642575,5.471179580896536,5.164722497879716,4.3612874715897885,4.739247489846759,4.871979280934624,4.748513982549598,4.347060696360752,4.806308405482901,4.737376275520036,5.6310803302689205,4.971999442044422,4.250866286089504,4.142860198389134,4.871844886262154,3.6562895490891147,3.9619603465141355,4.532287767306097,5.021382052379104,5.300459269642831,4.8259611344751265,5.795018694717615,4.25405084273355,4.7420228972795835,4.12400101253369,4.245302751894106,4.107485988613189,4.7370050516002244,5.806358782343481,4.81238095903235,4.787169001917894,5.197805390868625,5.584834699520661,4.406262794526194,3.9353744702262152,4.067798758271273,4.8167544508884435,4.2001082869942685,4.258582159263071,4.6821671816437,5.2268775249443795,4.21736204843805,5.135978723549844,5.482360411350576,4.042328769281798,4.096543534345867,4.838256467314806,5.5404584467445925,4.587852473863724,5.5302265024707,4.922391129180945,3.9801530837390207,5.739579152884941,6.109913015770372,4.951621191197819,4.485985083510933,4.6717085526817135,4.718800391959474,4.069362849643114,4.761900605410634,5.125876182528257,4.065129973100338,4.118462957127629,5.06152705096766,3.9760721163181705,6.237995654993687,4.429558149544496,3.4377741637966195,4.557559385619785,4.043304034781296,4.123405620215122,3.883779228551954,3.526405443001096,4.69477535906515,5.577902841762897,5.220867445786191,4.490330944580413,4.827418415913396,4.508533419900086,4.850480457654251,4.300636297972096,3.858452204958866,5.206995364720242,4.923511527070109,4.245003822335676,4.839938255958844,4.69353806133756,4.885606079742767,5.108011866747505,5.68281065984675,5.2637993133612655,4.7681495528035365,4.12377860087762,5.803796871226867,5.047807488301032,5.514703318981439,4.6188238028085,6.474250434914946,3.883269645181263,5.295988310642691,4.264988902607447,5.384812826745391,3.3071575479767654,4.812724531828253,4.319621438009366,4.617260906710089,3.982171450337628,4.78029136508328,5.07272905111581,5.019578719218289,5.560229880782139,4.75494884023357,3.8127681930007413,4.892196334054909,6.032479226434324,6.116102613191482,4.756327185156395,4.836046685213749,5.375263569882893,6.082843053945268
XH393240,4.598711325797207,4.164124550049835,0.0,5.66695929675228,4.8241646017431785,4.259282868468108,5.224785780642661,3.9826286788920084,4.688450875920591,4.900400708298477,3.5472410610770115,5.563037415000368,4.346476743201704,4.241074159450555,3.7176814633607456,5.0369603323013346,4.62649548956981,5.0845944114139625,4.466619875752804,4.50259023186637,3.9443147390293865,4.891823649418277,4.725269511900456,4.456651598869368,3.938012164023735,4.767424381213034,3.036063701802224,4.745025250382364,4.687336390848989,5.23528614122564,3.37768648292322,5.4281686931091695,4.781112843744457,4.67406059555764,5.0818442267538995,4.22230050388157,4.259083021615185,4.862321590834711,5.240692842679264,4.0757498837695065,5.0338015788543,3.9819883843394708,4.353150750311,3.7032651620528774,4.63892715243289,4.953227683125094,3.752455231225942,4.298071157028777,5.241304275880266,5.2275022399722,3.6328487821487006,6.035547540124279,4.273770704121774,4.608457145470024,4.197628490193442,5.216041574790754,4.756627255712571,4.520700816810825,4.886578162827342,4.943505515110608,4.692438835382752,4.894479285677788,4.644270881811257,4.668473969291891,4.482661714893485,4.277918429975654,4.743729677372158,4.704022169483606,4.068149066741555,5.4010347834397985,5.327650718808799,3.478317477065185,3.894375778013198,5.460047413108403,4.449135229848357,3.92654461696474,4.647798892587644,5.301981931982641,4.315683630948492,5.616718946065084,4.494815855706882,4.105398594114746,5.334596302953743,5.412688939392235,4.930441664946324,4.413000722920033,4.451492877340739,3.9447320844759277,3.827954054380875,4.309018823367567,5.633867190132693,3.9561293616451856,4.9329251745478295,4.323766934495921,3.27166479982863,5.428385628392089,4.615319246856508,4.641258031110908,5.474601735878416,4.521046105552574,3.6406866195676724,4.2815755821886965,3.8753224266511634,4.619591582759603,4.452624253570407,4.849625276299475,4.325744041002271,4.538329542124377,3.4634999358000362,4.221249650101996,5.161898604219588,4.1861078520606005,4.2561538548265005,3.3078893526470656,4.752367596350437,4.709831538107969,4.090639436199649,4.3716464906651264,5.4753078666590795,5.152868013067066,4.042743312107946,4.25806238667517,4.547015411249896,4.972443060430254,4.310724676680816,4.389975997426512,4.275586975830695,5.844594049340486,4.017780866509525,4.532725443311508,4.623721276704144,4.978201619912442,5.1456841225513505,3.9013083348566737,3.901163884796262,3.9257984219403723,4.410671445736189,4.894210158651559,5.021600453191011,4.00849048193641,4.341753684311531,4.238685021631068,4.399829163267727,3.9555205237051694,5.376431872871572,5.292365612022538,4.3430261709108695,4.480485337053342,4.8561077981111245,5.77340828998433
IJ283088,4.91523656254792,5.479360520093322,5.66695929675228,0.0,4.1612457844449615,4.614798159084806,5.028000945535601,5.27758241808001,4.92313499152937,4.462932114374996,5.052863372883793,4.402877749789531,6.579318054070289,5.593802605876049,5.559650108259856,4.763189741965436,6.11936329433315,5.245517996325994,5.1673577910245925,3.984338729336487,4.271096640904897,4.8029112883098115,4.561030901286193,5.09191793861342,5.952514226144796,6.397268660378122,5.7521332052448,3.381452491649249,6.196455039981094,6.667119956638823,5.2611456559349,4.902281674967826,5.081011308305458,4.467914560173541,5.032376555950628,4.9131771071675,6.060189928368274,4.727642073827304,4.893177383856232,5.225800951588159,4.6385871350042285,5.419430755902989,4.1838401070021565,5.692932779283424,5.613742687760815,5.959724886657986,4.832990700742219,5.434295517320359,5.984366763919714,4.812460151012228,4.243663324959238,4.113596772635297,5.619491602109886,5.057281769733319,5.508813224723547,5.9600261820249125,4.786968946360223,4.056575064766417,6.070321857310263,4.05814412302915,5.226640505122145,3.2915230891407568,3.5658477186250397,3.6069128786543443,5.86953409250609,4.891300852449669,4.813408995030319,4.883832206513798,5.047639809668516,4.090050933544339,4.791394241459912,6.090153124395331,4.823488630041408,4.313078256349652,5.358106155330517,4.651430412289262,4.777957532121068,5.632038087248987,4.483631829932383,4.464515505565204,5.166088858460461,5.938492239826736,5.727713552016241,5.265935134132247,4.016254343312791,5.95426528925357,4.81723032010135,5.243365975027252,6.480518137868171,5.12113076232926,6.016482650338483,5.304931850964988,4.78697372931759,5.6505194118892605,5.192445442409278,4.701614529310502,6.392674858834881,5.277917804763029,4.345703630506708,4.498894601543615,6.182710319457891,5.043329275578493,5.500302606978168,5.243187801798921,5.534360199395542,4.466695506462162,5.085828492164428,4.732701893497155,7.159357978623869,5.795221157210897,4.8183496770397705,6.333046068951851,6.034383693080328,5.19362134260812,4.661807571434711,4.325278408895955,6.066421387259445,5.516786089278714,4.461644966193518,4.796511904693518,5.328163454670953,5.4726012147931185,5.335463136246019,6.376245627756842,5.175024384539397,6.585190291081439,4.358327909806418,4.524736180728276,5.688056145859406,6.523887108045624,5.668050885914844,4.213991214328315,4.974114497128032,5.893036648565745,4.421589106964732,4.8448593596847545,6.053441205899097,4.401018346911246,3.401898078749647,5.5995071601175805,6.009556903842468,4.835372663689932,4.694512408381474,4.497315970254215,5.2690909143047895,4.3846163285974455,6.233553887909033,5.388659496361725,4.488816104196304,6.448135635932573
ZR856254,4.786072693466727,4.594171254503135,4.8241646017431785,4.1612457844449615,0.0,4.4217071953056,4.674965359309689,4.6285023658112205,4.359250249620153,3.5597170583740927,5.0554210485154405,3.5980865324603033,5.433476025497209,4.6100815270833255,4.667462212418544,4.095171114021059,4.714155896162564,4.655640716719584,4.093146336415538,4.253865105056581,4.128849223687956,4.134696296852335,3.5604741067776233,4.12671434348796,5.0269444532549175,4.949168019602954,5.113069275490511,3.6920194713317604,5.059556610175925,6.092045922186349,4.000558545013764,4.041132143406838,4.1736788388965484,3.6851947433793386,4.125255821517263,3.797916745196382,5.181785504001033,3.7740286138055548,4.50770722390224,4.040482469893725,4.46404190302556,4.330346977119719,4.495733612488792,4.641518899600861,4.564859436702271,3.8960764846289093,4.487745296691077,4.622913363041425,4.729385437757597,4.086225367177029,3.7316449936191054,4.7661806411349685,4.550380500255444,5.3030634415615605,4.4612656412019955,4.11020734174528,4.20641687842272,3.6430019268210394,5.276564175742348,4.878572118702437,4.972680459576256,4.021488354007878,4.2662641608306675,3.2627974310783645,4.007749539306182,5.226704520781269,4.734815470123229,4.483550952359439,5.038197695590158,4.397649788734366,4.13314285929152,4.836057588266215,4.064846854131643,4.900245167704102,4.837952119428587,4.5101441645541875,4.661754352211473,4.425772509336292,4.862486365035745,5.182758558739663,3.1811579311498797,5.12239716527779,4.672878222884875,4.322650406735928,3.84797311253544,5.429591326346064,4.078940844256194,4.441321156978101,4.6810854052960815,3.698113758570434,4.790854641846562,4.27626311771668,4.720880390629508,4.3744550425077575,4.266838817240224,4.620483849865807,4.75893797129859,4.1854903690819185,3.937409807246085,3.9225934467367005,4.947851410479793,4.851539382041063,4.671534207448299,4.430754838751986,4.816444896185328,4.353245011933682,4.5193857244891475,4.408479162800047,5.769249105060185,4.793187160055985,4.376143685249402,4.890683323248275,5.5283310799338405,4.785132528724346,4.406710042283872,3.9265678049585357,4.517747220990032,4.488343391096208,4.405563765485687,4.456623072573058,4.9361274920467935,4.626026343524517,4.543469846275,5.1037992957315215,5.036937063111101,5.2946643215021,3.543726042758185,5.031684003135882,4.695742837915024,5.522948576190101,3.527008853777978,4.494052489279412,4.618335789364671,4.9251118792633335,4.484203904218438,4.171363011063714,5.068894478890946,4.048741881943789,4.477062394842722,4.970626875263813,5.104892423438684,4.264310113264267,4.375810125154107,4.104119732401025,4.693405262663103,4.108356893768927,4.689376573171103,4.745941715804974,3.792640299247027,6.266632215440603
WR597467,3.101073755043274,5.094787281657365,4.259282868468108,4.614798159084806,4.4217071953056,0.0,4.637730347735085,4.811021052590912,4.497980503331679,4.985192745906996,3.9155259496904957,4.439137360323565,5.489266743257008,4.156774733868555,4.057124865767801,4.661556085972394,4.411054850734347,4.491366083816294,4.170976181747666,3.690672708293367,4.3789700324480405,3.2621108064743956,4.843505334414135,3.074833855308118,3.7198627399700452,4.819967005149399,4.604761963067124,4.548976469396165,5.464896728981292,6.312336732523428,4.8769182047359925,4.041790822498491,4.019311018041862,4.774354044573412,4.438409183433345,4.340526146845131,5.677547524870721,4.070381176832561,5.098351384267339,4.49899161973547,4.924956427494315,4.776914975086479,4.087653164988797,4.6837432288495915,5.0539160558101885,4.320278186187639,5.265186651278241,3.2394683348090814,4.8516168752030975,5.01424107365384,3.853415632223022,5.658082805855181,4.6569022848584,5.242124553040507,4.101371295373078,5.212759390656699,5.286051406691016,4.631292166980847,4.7495904984010675,4.364719515130553,4.2830679726104925,4.373645706521269,3.881870229097942,4.378121255005689,5.363888092606543,5.2800403473580575,4.957207597548537,5.088995393012324,3.8747291926384895,4.549367323436724,4.437430031593264,4.714864424932665,3.6518700173350997,4.847951597729758,5.466040973909441,4.681602932280574,4.5215798982748305,5.033110481091369,4.195825377489826,4.867638973861671,4.533984587709378,5.40293899398508,3.9083285307142064,4.392804894187537,4.34925362814814,5.240877510211721,5.073632651067785,5.335311932641192,4.904076977021527,4.283381372903791,5.329842352758856,5.189021733271977,4.7109874806715935,4.817326615813656,4.2532062606662455,5.065430890526369,5.27201325811642,5.480278445021676,4.8026079851375085,4.482643441242423,5.1293892888457915,5.206756883372372,5.082118107043516,4.4572513224890224,3.7894837349621504,4.196373053671075,4.301851082994472,4.0635460892041495,5.475723655527004,5.12773225976283,5.145768213519848,4.5690993221341465,5.787788431543621,3.7210274882861945,4.857720124807279,3.6629797435847986,4.947939706702306,4.55999242724893,4.286063396635705,4.368330988745713,5.400963330167705,4.108185657231467,5.054997515059797,5.117205458719327,4.386097555959476,5.571390360287798,3.931273609535847,5.118232960443285,5.635272818114016,5.99557474265757,5.153490492850364,4.311327640061279,4.318416856205332,4.355991035478415,3.9296006762349185,4.6999472298045415,4.511915235138956,3.8527290816469897,4.350631881580996,4.27168252546882,4.4453960049435635,3.8371534206083733,4.353977712197147,3.718937607277571,4.616742220176333,3.6633786864025106,4.958204356011158,4.259195032277766,4.549370294155442,6.313144530588165
GF348474,4.278546801819893,5.33537361176101,5.224785780642661,5.028000945535601,4.674965359309689,4.637730347735085,0.0,5.131834516660873,5.305490282273183,4.857203465385638,4.009285106625945,5.217665747787677,5.079277161205271,4.503883042760341,4.406704915315172,5.1342594587665715,5.72763553420273,5.604018154273386,4.387471345969621,5.474436028071011,4.838002979750305,4.29710283275607,4.588079576530622,5.349043075082059,4.397625593387647,5.70772534025779,4.941563357127939,4.740537217125898,4.737082884976281,4.756149714947427,5.0836302154857025,5.3625938544438485,4.824872513123582,4.787767165136774,3.494961883160467,4.5460137679399315,5.515480719331392,4.162084676346287,5.308417151816985,5.224085006266572,5.424938893780734,4.960756347584882,4.788764771958535,4.375113733626557,6.224906467775689,5.498992934583612,4.9281137048496495,4.506013570159902,5.120980890274628,4.511698522462744,4.596962085277967,4.902996986966149,4.54888943495537,5.169140789025887,5.010079431525158,5.678924657722941,5.874133203882819,3.7335108933771117,6.3780994949746095,3.288366896239855,4.348677966118979,5.0350453255827,4.841158259404373,4.4167299008011724,4.815265825415321,4.598452483978804,5.667911618147976,4.201445666035871,3.7518163117052388,5.268772226134186,5.6489972395764925,4.68928801166191,4.9720936613789055,4.600836004414391,4.217997905835977,4.203774322206454,3.7381178733130493,5.393931913168607,5.136869961956003,4.551756495977236,4.538327781049973,5.013740174654716,5.631657218602514,4.194799893094267,4.053699174725178,6.0411463748869885,5.161154411867998,3.6126561068584104,4.992593779467875,4.794578283490135,6.375883512463211,4.842875465115413,4.667763616650294,4.3425381013515,4.902809237401204,3.987269283389434,5.009549215301044,5.113025231216231,4.0300400616772905,4.893622820270544,5.9269421841186904,4.184160195803149,5.7348782628752,5.23792535698362,4.769189812183271,4.65671267773924,4.925248071383113,5.693146068127843,6.33472482871684,5.400364874853566,4.290589894316879,5.086872705243132,6.189151042755833,4.402086327717255,4.0195515003843525,4.155587676236646,4.973737968608317,4.924545097515692,3.9470979503173753,5.194371672612051,4.274019473337876,3.7451600792462156,4.577546400956519,6.176705373664887,5.12956682198826,6.299657539695106,4.898872298258296,4.851694855405013,5.043732003816104,4.647480830343667,4.384428699810754,5.675134752245748,5.231281997343058,5.4242937772646105,4.373411529501978,5.107603690751059,6.070690101810477,4.2812497997491725,4.682176007614974,5.059437760259397,5.828249812617398,3.8103917484124086,4.4844555370537815,5.074364594760056,5.030345489579325,5.623683703546441,5.045157542130809,5.657458041584774,4.527678466487414,5.101982031818492
WY545759,4.331843625138237,4.3729672814300935,3.9826286788920084,5.27758241808001,4.6285023658112205,4.811021052590912,5.131834516660873,0.0,3.333607671169632,4.0692505839583655,4.415520123535314,4.204608651556524,4.252707912220397,3.605336893933276,3.886378293631102,4.315273363597466,4.827076083031783,4.024543444759968,4.112803828156239,4.498561457863979,4.543074431034446,4.091039233356266,3.400135846906541,4.329397854818475,4.178812880379467,3.8070700547611556,4.1853263710574575,4.490419838355485,4.176943858605852,4.557061412332785,3.700863458228508,4.726349354319745,4.33680675975241,4.603739708390192,5.052094190632288,3.584632238633318,4.457719132119975,4.694092352364867,4.474340767290436,3.9017603602979674,4.094380690940258,4.0031322014602155,4.171711229964057,4.684925055071958,4.457346410197453,4.092621357132461,4.37259195518358,4.424091331616516,4.488599108187787,4.369761746406711,4.083576432171493,4.765050512980059,4.514388893765227,4.478217624311182,4.865021297791023,5.517151577400185,4.1403136412285155,4.181287909813838,3.9094998979892726,4.722564347955423,4.849966616185669,4.703992274293281,4.893049635039381,4.182070968596086,3.9322648187477562,4.019019393661111,4.254618991402369,4.865936617806882,3.948341969963757,4.090916502872512,5.00687511938633,3.9492398456769813,3.8933096643168676,4.4901005357567705,3.991733392588177,3.673820495024221,4.151594980835094,4.291071440212737,4.763102644348183,4.254423024262402,4.620120814207538,4.26734377993893,4.815498705203,4.924958942465138,4.231179765556159,4.289733007178631,3.6896461020388944,4.623066649820959,4.442863142074377,3.6203594044600016,4.485717777703624,4.864517640784909,4.289650636191749,4.095301780803247,3.9950853209893973,5.3571318236865375,4.413263300424908,4.596496922922838,3.981083427732257,3.528506949965214,4.330814206753676,3.692712810638588,4.756071348971459,3.1835513286774675,3.747704219070299,4.826037731397523,4.268245119476381,4.094809543526273,3.3035753177581895,3.6261148395693987,4.050383444621043,4.391602871547576,4.323620788888784,3.9538854741953156,4.182036241094521,4.121876191337426,3.82741462968947,4.223754475154659,5.136289741692967,4.705245156057502,3.9996597281794397,4.028554650802953,4.609249208773355,4.599525678847993,4.124154845316857,3.9613648752535093,4.205218228063954,4.302063045041499,4.099765872367091,4.315353273234949,3.4839873756884137,4.679816467668491,4.664796953766806,3.594444711068602,3.792880307645335,3.692016252305523,4.843535046634523,4.912098519313726,4.527363032564946,4.571866057605776,5.135379631838102,4.566924794919199,4.4534549793249525,4.044313847507879,4.53807874943137,4.974425899905605,3.8546647091505895,3.9088615385952354,3.5724189014606362,5.405950043802111
FT814555,4.485435089259526,4.5942446840255196,4.688450875920591,4.92313499152937,4.359250249620153,4.497980503331679,5.305490282273183,3.333607671169632,0.0,4.241313200900303,4.823295864906618,3.3716964933867,5.017777121384998,4.7882562528723325,4.211580320495551,4.486650599020325,5.049261093149816,4.39736738801201,4.074696560041861,4.223163859940341,3.6390285834189777,4.1625580853471496,3.527414421334922,4.16661562919992,5.1152054202736625,4.144315445850036,4.978142618641184,4.732564758666375,5.66593041446203,5.848387365215,4.859088992575741,3.6204617688956184,3.7830925255831724,4.457172868533503,4.945845069175657,3.7843064177494816,3.881496392508917,4.326690904643889,4.548841188315619,4.387770559920094,3.9297192536572454,4.413521950690626,4.667557500332853,4.600661760829308,5.356517256509108,3.915851821355371,4.355285181164064,3.63201538123259,5.044054669443551,5.491547690232406,4.565699869258685,4.564922298785623,5.310684245453812,4.80107224885333,4.349806116847863,5.184916411188327,4.27909163438444,3.873857387190018,4.829300433997646,4.801144026007181,4.608604771696488,4.218430654890853,5.228941908756115,4.1196793117217565,4.8117123769669226,4.959268439249903,5.131899027714494,5.245948166796309,4.809946650137771,3.5327954751718416,4.77126133234088,4.476518355084724,3.9984272867001542,4.1789320039217515,4.380719186021661,4.114580259889245,4.049123949002511,4.657568827461575,3.817168296194545,4.540492162960687,4.718003778916199,5.493324291268993,5.087258146645235,5.538291238301289,4.145393183772257,5.168681070131506,3.3311743369869884,5.342917070238154,4.971685710010968,3.4032865369644476,4.787538596900464,4.945044733031001,2.9073286243255883,4.661957362097936,4.479478090203244,5.448460341284519,5.2815247551554645,3.539067349536234,4.028041860463951,3.8139797624195846,4.153052458253771,4.559087125187007,4.6477202743195445,4.567476587268615,5.031950874011924,4.424788482718927,5.288539434895893,3.7355402332515983,4.794149576075083,4.78817422100068,4.8571984981400576,4.436862084162511,5.536797396919748,4.286999549809242,4.0569028539580625,4.114592885410867,4.726859837859661,4.110790968372632,4.3935497482206705,5.267662518523388,4.866939242648055,4.138972935247632,4.370346186916919,5.396963655376525,5.0038354562991,4.921613979451269,4.934293907121179,4.854758947126493,5.484925767036838,5.490176212138259,4.661608857506902,4.1573381097493725,4.000480005323985,4.7080827640385055,4.751315021313202,4.763475794638037,4.405034735155335,4.166108549058001,5.302780227651447,5.174111948908005,4.6764472070040926,5.170729911451177,4.267309916061832,4.92620244650165,5.078118593101566,4.112526269890634,4.466520998897517,5.017597161995709,4.318626063025655,5.998669999150263
JU393889,4.843106423778744,4.002842465485633,4.900400708298477,4.462932114374996,3.5597170583740927,4.985192745906996,4.857203465385638,4.0692505839583655,4.241313200900303,0.0,4.951561276767956,4.068804879941816,4.336081662084913,4.901024426662906,4.712884044587722,4.718202807957289,5.734683573204314,3.6625714104519864,4.048069436815099,4.888065333009741,4.67163358630808,4.060991920775379,3.4299828226234874,3.997667276167896,5.33491886268691,4.352824185801011,4.518303629199205,3.4742884304327366,4.510794172003457,5.1717329838394015,3.920908236181608,4.603528893011348,4.966697032583303,3.9775370095474427,4.461267186283415,4.043526699916012,4.81282315782883,3.363247107461177,3.967342235811063,3.899235002741576,4.302743850257365,3.9295207273393364,3.0794461446975103,4.492320902728265,5.188314414578296,3.877187464220329,4.129316314909238,4.554942930702067,4.738977163163492,4.208559739336165,4.649974665562285,4.08799642913573,4.318242961129536,4.7912471763795335,4.504481752274458,4.479042562252679,3.3826218029738695,3.6304961435596743,5.210559334281912,4.828874877280857,4.416467741069801,3.9859990733867687,5.20381817820233,2.6677664120802422,3.683061594269634,3.57164982302791,4.303081732878966,3.9566011035664927,4.536187700487919,3.7723879955298814,4.691626512589148,4.686902528985292,4.411030680651018,4.5524501175570276,3.9862458522986697,3.6393697443653963,4.620803195888434,4.304919225054998,4.444006109852686,5.062451554538426,4.081991798325235,3.9046553282954615,5.597054955587115,5.169274802665371,3.4207754396893675,4.261149665809441,3.5707809974787375,4.51319580166317,4.197047734334818,3.9754244050115592,4.551323681222136,3.6597234484963823,3.6480934599416575,4.826148458979015,4.207297289695317,4.741489234554427,4.460651079539857,4.015910766352784,3.080027264466345,2.845296063636607,4.4240458833275556,4.005952188433813,4.160506396311006,4.312094173233557,4.402540736251568,4.398177266170349,3.3292595110131464,3.9775782608131904,5.180670104070486,4.822157648388297,3.0691345581006964,4.521104198655118,4.815816996952944,4.5096490771924875,3.9852528736596264,3.338604557235774,4.481331849705438,4.084737872424991,4.666177461267452,5.196158941209282,4.179428644901742,4.330441064138419,4.0272444203308035,5.403594097771411,4.626237218209126,5.024914431920463,4.233413854436551,5.342472453845686,3.8573647942330687,4.718676221228181,3.550882761416449,5.005355224665944,4.240021546014699,4.8083330332904,4.5667274325702065,3.7504731024277125,4.670588288814636,4.215564945628482,4.176530104945761,4.7958089909386965,5.595392704850338,4.438807587271289,3.8448211100255625,4.81718801570367,5.512897961017048,4.714032663999669,4.34536812516147,4.420563844064543,4.344067675364985,5.573660721410585
BF051547,4.3693210085560485,4.254772309642065,3.5472410610770115,5.052863372883793,5.0554210485154405,3.9155259496904957,4.009285106625945,4.415520123535314,4.823295864906618,4.951561276767956,0.0,5.477892988126652,3.9435881555530843,4.276993933166497,3.5117325401364856,5.113991733097094,4.992238777596855,5.058574202332188,4.428949090833195,4.718444796687361,4.314324109468764,4.705513990142804,4.781323689877296,4.668873917037587,4.0579048932319495,5.539459435803368,3.3767680828666373,4.559121939622238,4.786630087784165,4.269516459001765,4.765395600931333,4.929578503205772,4.143083607620514,5.063476549375141,4.268122682752282,4.611535241951762,4.760102834414037,4.768459999073843,4.896775232143213,4.277184757936668,4.84077011337974,4.911585521549758,4.36050254532392,4.02155108544272,5.30261983969028,5.128015958581137,4.195282868131265,4.555424296773164,4.286349521701673,4.9194096355147074,3.865638005445199,5.464596122176691,4.20378546284411,4.084916325390666,4.814989962955007,5.064327036404089,5.268833467814125,4.351611352390347,5.120984599411762,3.197840299386062,4.605198844557042,5.00610461176426,4.517908157229542,4.4440471708627545,4.503160867316272,4.480600082499609,4.410114309497403,4.076560016629641,3.7427330184580696,4.7516116508827055,5.050464078337008,3.726973672644264,4.082597581622304,4.527729183636029,4.537258151158304,4.486337933958031,4.876084759595676,4.6783899625697165,4.128503479988132,4.206774315983314,5.144109771652434,4.174140053404756,4.684095221110324,4.874186342471026,4.17464652784994,5.084498620182508,5.4026913186839325,3.817815193706921,4.941784527165887,4.990186222271209,5.637455828482536,4.4274622112232755,4.566748246065156,4.145343339636316,3.548214302835856,4.275760049544884,3.8537363355695184,4.8516957362622986,4.633955868445763,4.307081212946885,4.623384164598228,3.5702831344024153,4.812452056928394,4.811908642220296,4.477218158124786,4.110030863610478,4.182734039459482,4.796421134226887,4.703214942063377,4.427968692175784,4.562325928076003,4.699454600196441,4.9393709975098234,3.6574814117482886,3.700815800583611,4.1946593219956645,4.956899709110883,4.585340762450168,3.97533992846534,5.033871614616623,3.8368554804404282,4.12375281981456,4.256630309427501,4.817930215069526,4.465264507306639,5.370286772758488,4.18990865024627,5.248589789866453,4.5344746670324945,5.021650551934568,4.902600271679816,5.0669283908550495,5.02457214548311,4.27001295703318,3.4612073901876097,4.354355458322964,4.924345312534354,4.698975618316478,3.946507529513526,3.6608502106830074,4.59304949182941,3.5986585622325844,4.218685275678619,3.923105384067064,4.743038925415125,4.90930285381267,4.048136528628175,4.458932140669751,4.739166472333374,5.343803006506267
DB316954,4.333960724186774,4.944786145578906,5.563037415000368,4.402877749789531,3.5980865324603033,4.439137360323565,5.217665747787677,4.204608651556524,3.3716964933867,4.068804879941816,5.477892988126652,0.0,5.690798068781372,4.697303958702122,4.920181247568427,4.506590874729643,5.3334219129684275,4.6534695186909465,3.460561223482143,4.353958641731429,4.506303092162851,3.594247381362536,3.165272603724954,3.9139698680844006,5.07101068087719,4.5073757999884725,5.856300743799856,4.009134100191837,5.753782157494455,6.4270225794202025,4.9830190830140335,3.277115608992542,3.6338762936021887,3.959739172535495,4.687225109133184,4.199665715200106,5.362049504221295,3.938467257646819,4.4162696055484405,4.555055153006486,3.572945988989495,4.433752702218794,4.502831683657367,5.372297689293374,5.248507910125007,3.612780421492852,5.088485837757783,4.432429178926362,5.1370836799672475,4.997419703384715,4.838460409817037,4.337290052814914,5.690088678495177,5.02794221510263,4.896992260240084,5.253529955568763,4.112106242037436,3.8831036702797195,5.033564731391655,5.056618590154141,4.805791880328205,4.581422046261084,4.793775713840947,4.221167459011908,4.407128155505804,5.557123274166302,4.735272334729534,4.815411197465568,5.276576832016526,3.6834963395251417,4.488220901509484,5.196364489458819,3.982318505788919,4.392333531061079,5.334642041062382,4.878903658985954,4.552933851028594,4.435304978092943,4.275678753087915,4.817024461977644,4.697434507854497,5.973015066473161,4.8881988317081655,5.131252015291442,4.2344817909888945,5.913892433896339,3.3070861673749725,5.370298515478965,5.228749582313821,3.9698732571119706,4.910282598423377,5.237888563707095,4.39320715795659,4.735060799284732,4.725054282622952,5.438636890519865,5.287305885569871,4.6358128728266434,3.1655910464077963,4.067825379949195,4.986912544274996,5.241957877171186,5.2181517073384756,4.503207988679879,4.857265823700429,4.7611738467857,5.092007082339926,4.256494657853805,6.003593122315662,5.6316341293994165,4.4288669054580145,5.310712046727012,5.526719705572824,5.20358486334886,4.128045724207946,4.013492132038818,4.793389873088398,4.492298915140802,4.080321744364342,4.440788849321915,5.166707739439253,4.827386124483313,4.686308407598898,5.431286132569545,4.659134177167706,4.992371775008448,4.856289826196949,4.986633184661071,5.979616543515924,5.981236922519462,4.364451895441278,3.810265462446744,3.985200476036414,5.061439992467115,5.072706751325797,4.286839409515568,4.955843483736792,4.306306394458407,4.888582492173781,5.636640991083113,5.300478214898018,4.868511376998673,4.487974844287867,4.40227958453812,4.998053015664088,4.448196894686743,4.479772638411056,4.570404227331266,3.7127507664449317,6.466130256498291
JD858061,5.466327291448801,4.907746053737703,4.346476743201704,6.579318054070289,5.433476025497209,5.489266743257008,5.079277161205271,4.252707912220397,5.017777121384998,4.336081662084913,3.9435881555530843,5.690798068781372,0.0,4.606968215426687,4.3940836810491,6.135625243660034,5.277753544818073,4.7959844161804215,4.948022786367732,5.8083583127405545,5.757437012751679,4.929255962327586,4.838231400361432,4.59313079542206,4.7476247752247795,4.817841732926389,3.8757947854819004,5.061428960704031,3.757990988997376,3.565664089471721,4.700840290970491,5.6809889882940094,4.755581125953672,5.15943017128477,4.828894782648436,4.945801568537681,4.5784817903408745,5.047575872901584,4.555848678002237,3.9537636303714754,4.726241139411174,4.807803682037684,4.543701475653175,3.979499156781519,5.484873708685439,5.131235308654532,4.885842953736256,4.998562721460678,3.9430723169049613,5.210187432626155,4.758825839989334,5.824517907197205,4.29694618725031,4.959892549146523,5.29985890919952,5.29091501276911,5.100790357660537,4.702423054254125,4.405489997202997,5.463784884095524,4.7204522879677,6.145432528320754,6.367194692626829,5.228040271551808,3.3311582817749468,4.758053595845836,4.7523787099959165,4.876768911084698,4.6488473933119705,4.5113827029000815,5.068539295564576,3.5891465054706737,4.79946035451236,5.506910913866342,4.4881728383405335,4.666226019550991,5.4587428832303,4.070687333307516,4.93662326592171,4.971621188968547,5.325145882775985,4.263482728916088,5.343561800765333,5.158010310520294,4.895261693693799,4.290901420667877,5.0891859675563005,4.0057623108452445,4.12875000832014,5.152675388344523,5.020443246728696,4.294035319102828,5.016298992946367,4.331462270783964,4.572227692847718,4.877911588374511,3.209087331498778,4.4727625864765885,4.792453233172116,3.9116307098431062,4.641467507769674,4.613795556822996,5.028661250296481,5.035533817811317,4.163109286719438,5.226711299494279,4.12778782762023,5.209528617068603,4.058373704690426,4.572132218116409,4.169971846391253,4.4159300381475655,4.259859004482307,4.368696839521386,4.779153625853272,4.372832148551406,4.1723693976672465,3.8015023481803905,5.198463691766263,5.861323611650832,3.539741447419782,4.701410094685702,4.047201260207465,4.839791163781114,4.777547242957294,4.338761331330341,5.112786045904758,6.084541380770977,3.952004163865238,4.390325983725571,4.177145408657096,6.185081049878901,5.1929263234450005,4.426294090196724,4.657692103132636,4.270593002645727,4.9021248968904825,5.755056076366325,5.258858050770719,4.009188542433894,4.6964116021285385,4.543039534317733,4.652251639871698,5.299717193544395,5.5784983296568535,5.484529137474587,2.9895625790194957,4.89374265673123,5.035472541856504,5.961169510226925
AA780156,4.019702889113861,5.301618031693249,4.241074159450555,5.593802605876049,4.6100815270833255,4.156774733868555,4.503883042760341,3.605336893933276,4.7882562528723325,4.901024426662906,4.276993933166497,4.697303958702122,4.606968215426687,0.0,3.9515823876822953,4.687361247845984,4.608239265012318,4.191774107525708,3.719666632317032,4.397312538242592,5.397512725148324,3.0530215928920277,3.7788283458123653,4.406139463652455,4.150774308149817,4.372901287897454,4.426547535233693,4.89844814436496,4.2046909880755035,4.473515172496358,3.6205123000847697,4.731388578935165,4.761648056566814,4.896087821905104,4.964212203844093,3.9636583176677305,5.323504120991815,4.514970404301763,3.806560095218728,4.128417841716672,4.478657669254163,4.031953229876323,4.065618617623183,4.595026883857407,4.612123749638153,4.87866353045961,4.571152482371492,4.960837383530268,4.473045404281277,4.038108870391182,4.503341099201144,5.194874762912297,4.4534325887945965,5.231389511415933,5.250517333624911,5.647497675940839,5.452573826961442,4.518550624328457,4.573456298387024,5.022264742385323,4.440133984701735,4.582267560364416,5.008239898994555,4.884844289541317,4.606985980691156,4.625477940371232,4.574812302023236,4.780009046031961,4.283875080628519,4.72726092311798,4.527631436311827,4.206844937699934,3.802546252800638,5.006446718491445,5.170784092780555,4.441499397959279,5.007556635831322,4.142528644958782,5.522098529350653,4.544463228870911,4.023766301616056,4.979040026969997,4.911235725232041,4.373636159603023,4.489607953655259,4.281226568651262,4.458792320910786,4.590186131933784,4.458696171528439,4.030754372693385,5.057091599725343,4.510198212670041,5.388814139286708,3.298270414564902,4.3501768003241645,5.153378337210386,4.13979251480176,5.558305512149505,4.452871014588478,4.705483746431079,5.197314137378949,4.355697880291665,4.890125831531853,4.430995413247311,3.8046596711206724,5.200362921120244,4.170776567971558,4.14451041835946,4.724093776992521,4.268946379604367,4.507889694331536,4.956661252838342,4.182202110698258,4.754956324765669,4.344313401266089,4.258319393148877,3.718461856071237,4.498460582370515,4.806675238648326,4.7913265390998,4.584472255304024,3.8763865120032066,4.661864482131027,3.8900739697421054,3.7539443868464173,4.090601246353069,4.547969031009864,4.513908523270969,5.06530348727014,4.39065589423821,4.191812067524889,5.613918392275996,4.914941702239644,3.4619259512595355,3.8260058849932954,4.366721607921613,5.20529932338684,5.067993160086088,4.118212148287474,4.2255769004333,5.082368913541794,3.588574124478023,4.87004684775233,3.938015390451408,4.816940676631257,5.060629856904308,3.974018690315142,3.947638810386021,3.34429180162769,5.330003885881922
BJ860189,3.968431961565377,4.93495662264963,3.7176814633607456,5.559650108259856,4.667462212418544,4.057124865767801,4.406704915315172,3.886378293631102,4.211580320495551,4.712884044587722,3.5117325401364856,4.920181247568427,4.3940836810491,3.9515823876822953,0.0,4.92304504962824,5.121799172190891,5.511815164807875,4.644117505967711,4.902373179397728,4.511281700923041,4.58831033410853,4.183960269106335,3.770948221723695,4.217721519568791,4.969284636034,3.1942338790667115,4.436764606921082,4.855064674779838,4.777324478748646,4.541361928934686,4.819886728493609,4.518014813266281,5.278701913595193,3.907857445456312,4.13251610988924,5.235726254039969,4.1720407855026895,5.112221811102538,4.302304876215065,4.65174004240768,4.754261518549899,4.2866828036526154,3.4568888971662646,5.8961243185300924,4.6848146886346,4.685528384333908,4.09316982838869,4.6282608286124045,5.119445535208072,4.09941465951672,5.402134043995875,4.541227748457512,4.53954810200778,4.766216180529561,5.5501504303393725,5.817988585667551,4.403150332343191,5.1291069143912065,4.210541017318754,4.215224663991564,4.925539085275732,4.619260697481979,4.941923334519833,4.40905162596369,4.946824014077789,4.8324009791541185,5.008158985733695,3.777199561159387,5.270356717953222,5.303494941768639,4.128595083236804,4.546131815979575,4.630681852069615,4.928336811617289,4.588872416590006,4.387147729558757,4.432177097055101,4.552387953713064,4.617908217925103,4.69322987202619,4.426670795529778,4.7830095438967,5.0271228514401365,4.669863764584778,5.357845569504712,4.761190607396032,4.413200660824299,4.525663015939895,4.466713420367799,5.987093314317592,4.931133039909426,4.659601507865305,4.35945747838338,4.207288257513811,4.28566141441992,4.583798639460323,5.169130809293466,4.769347675221483,4.583609000492109,4.496718730376424,4.757024733080097,5.490507199066057,4.592392374872656,3.5732668304008923,4.672077513715883,3.70643016003508,4.831180898990771,4.397188699988756,4.8954404823390965,4.729428493271064,4.899212279658165,4.855027866715262,3.6940179585576067,4.13418365734823,4.181349194863665,4.973066372495989,4.86816897040374,4.8949548720524225,4.891247729711322,3.6758562521819638,3.6928004297290524,5.022022459777072,4.697299975700509,3.9599160915734664,5.018751950359474,4.860326361650707,4.587433560831071,5.609935362046938,4.18145577550622,3.9874477577603153,4.855363562683853,5.397957636180603,3.612820510743661,4.17003791215409,4.000793332847157,5.122998813845981,4.675847364901796,5.155040610490427,4.767620492923693,5.184177524167967,3.432375238005573,5.316776888937108,3.8053023038289937,3.9983965643880857,5.230263706525311,4.320468653639008,4.817021544442446,4.658885823644225,4.989652183739731
CL128693,5.511453528864311,5.005082710054253,5.0369603323013346,4.763189741965436,4.095171114021059,4.661556085972394,5.134259458766571,4.315273363597466,4.486650599020325,4.718202807957289,5.113991733097094,4.506590874729643,6.135625243660034,4.687361247845984,4.92304504962824,0.0,4.119097803996968,4.124460120390633,4.016759963369417,4.446856227290931,4.8583558916823915,4.107720726915489,4.562394722677794,4.519627503955737,5.442780693235042,5.260629417517485,5.046279248343432,4.2213609761807405,5.074334735578161,6.038422561204387,4.616893470304842,4.259978215736448,4.913909616061786,4.902568675002911,4.852089108306229,4.021047044393735,4.787798652627706,4.4950510515703135,4.7916991128381925,3.8319309484362867,4.896524760217414,4.2997182784451695,4.72546107269315,5.419288501874464,4.121326287905958,4.4086573679122765,4.037242437260793,4.435686413692798,5.09339236057539,3.8134598078771114,4.499097031632015,4.486813568229202,5.097058613742473,4.50775595811556,4.434740274335133,5.462087142800933,4.818369872124703,4.697659661218568,4.906275187844254,5.15859760518902,6.365510495149489,3.7356510665358273,4.371775071305366,3.9530681779794175,5.280768911208774,5.100268896320014,4.300835017674079,3.8054061029982904,4.7224542675159995,4.589411834701713,4.477557369627303,5.398892952004182,4.851114288443492,4.03613700818934,4.916388287944411,4.6206875965567695,5.204128050925592,4.5760729363423,5.42328948958463,5.133055060642825,3.3232405774845044,4.9964322113981225,5.876738050635682,5.099733053490838,4.923265901698912,5.432704247821055,4.677113739577305,5.2829517955201135,5.05249880311669,4.6197529227514655,5.181531258010173,4.80361231847871,4.840316782442121,3.715131017370933,4.469426035411382,6.239041015222548,5.199790404297498,5.4175533768757465,4.154036046756615,4.848751728643911,4.101241080901141,4.586113333848524,5.294435031611589,3.285601970670177,4.92761609946998,4.089458676701218,5.318143765835364,3.6676744165753012,5.322932215533713,4.5055434964013505,4.837926766434236,4.556849201865132,5.188944930594977,5.032428504966432,4.61814221206377,4.612461624414209,4.792121343295058,5.577141254359825,4.705931840147988,5.447986690112868,5.502843112765695,4.746214804116353,5.291805472038234,4.622555998821406,4.32076233412102,5.186352528262124,4.343859008601995,4.52942486496646,5.2065170323358965,5.220597328218003,4.210262634793054,3.799169713730767,4.669198232832057,5.2417232876038495,4.568032624566084,4.481855274093768,4.8186255095113095,4.856165463073355,4.416385656935667,4.89384608915877,5.492808847865486,4.210280349870093,5.089844926249147,3.405741962356775,4.37068415318006,4.967165680323252,4.88780636895914,4.901576275122876,3.6713371766710474,5.902082801388121
XL393676,5.132939390921554,5.292671260882658,4.62649548956981,6.11936329433315,4.714155896162564,4.411054850734347,5.72763553420273,4.827076083031783,5.049261093149816,5.734683573204314,4.992238777596855,5.3334219129684275,5.277753544818073,4.608239265012318,5.121799172190891,4.119097803996968,0.0,4.608498563626758,4.911821449763848,4.215241366332892,5.14761042240388,4.335101102109429,5.878692577336031,4.210965639957732,4.808200253560577,4.670286031793788,4.6463868505334,5.210798918330221,4.924354232435851,6.225778764219551,4.542821005273491,5.123492332267574,4.628488006952453,4.745402496193555,4.944440098868437,5.105305366257828,5.819156636065138,5.137052088737655,5.078845450902202,4.689529934419408,5.043588636010823,4.287448160795637,5.186536903204617,4.618205923725758,3.7479920810146945,4.570624440594731,5.420428463886239,4.347044389749849,4.1340092650116045,4.512147075068377,4.071809892200329,6.355067717256738,4.361430755272017,6.088919611857072,5.087401386161084,5.236656639844504,5.128966747015556,4.884300250671004,3.8847820668094943,6.373228125097093,6.2123083876213405,5.808860781199778,5.346181633058047,5.10527162305584,5.0765823314284555,5.8619803527137595,5.013604551725278,5.359893253872723,4.765571403065046,4.968482650163258,4.3783296117507975,4.940726383422595,4.281261990777542,5.558586828259031,5.899138874982661,4.860839985719492,5.503403938847617,4.625507523973324,5.836074348747074,5.188960040505185,3.9324210392788506,5.702198043011908,4.513326338182481,4.173927341255442,5.584754208707584,4.626195520121449,5.909254311000469,4.999758705973863,4.445040450980538,4.890803635356519,4.182330204099382,4.808210606176483,5.206349047270822,3.9551361718617075,4.889897662253278,6.171739158078876,4.449395346477388,5.593031958000171,5.254542102893954,5.149407975977485,4.838690229624165,5.549707735422643,5.206938662345694,3.889561551498808,4.764199162241802,5.905625664344485,5.073802834635855,4.492747447461545,4.551846074798776,3.753263380996821,5.9733980857121525,4.068545645807466,5.051184684906361,5.236200905718023,5.426795027802664,4.769002478298784,4.420601680431372,4.770868599081482,5.758992578774982,4.6302648163877045,5.902526644352765,4.951363268327304,5.3986478366162265,4.130005719714017,4.745931178191537,4.142688523302661,4.211231665096517,5.542997481005805,5.287056483664093,6.235780558531156,4.4750373019948935,5.3288002901862335,5.077398193520863,4.488999734318616,4.385432498689404,4.915802543987674,3.69898762888388,5.871803927746547,5.074011328435872,3.9131847399710398,3.933863486928131,4.399167546387239,5.288072166922103,4.091485869441765,4.162035210197285,4.300466108575925,4.562016773162571,4.368334013089569,4.545052071772035,7.668400369119354
SJ372019,5.171404685985125,4.906570155487622,5.0845944114139625,5.245517996325994,4.655640716719584,4.491366083816294,5.604018154273386,4.024543444759968,4.39736738801201,3.6625714104519864,5.058574202332188,4.6534695186909465,4.7959844161804215,4.191774107525708,5.511815164807875,4.124460120390633,4.608498563626758,0.0,3.769463583142154,4.428339484947157,5.369774504463067,3.293593527169514,4.865741385787083,4.526042314693221,5.286901796992131,4.017477924142381,5.0014788059734085,4.795607003913539,4.808052634933964,5.478646655605026,4.6100174670420015,4.2356420586658095,5.051848207073474,4.624184465070181,5.3677699214902495,4.053213977047027,4.86115743091149,4.054231727757762,3.8749407799336013,4.196203618658543,4.455351311992218,3.8554334293888273,3.823217572168809,5.615159632314742,4.219099344028913,4.384890578143989,4.084035835507342,4.744534637292158,4.561380016565819,4.124070671952828,4.816488971338311,4.851548674717762,4.506110174045678,5.541939202933671,4.347370253417192,4.974207555641821,3.9712865491144718,4.3430029393692156,3.971857517113411,5.650397420724729,5.550588403141293,4.199190084446363,5.652603739934328,3.6094765304024583,4.554080339914123,4.353046967282638,4.103898826529061,4.682682369453916,4.655265726259157,3.3413471769666576,4.354071114273386,5.139341487702333,4.0897279386235725,4.807855442199982,4.804061388265354,4.339718302286736,5.471039309455007,3.7929847685508684,5.025094479860897,4.987430728827408,4.1399690311861255,4.8803637596364675,5.491132841178286,4.7802020508625995,4.049633681912506,3.9263498472324008,4.395786961437843,5.28410054825581,4.8017764262828795,4.050630878853198,4.00071281891159,4.226637540231627,4.417870209499935,4.537309372054711,4.509646874490465,5.859160784809167,4.6481028216656775,4.906114058916956,4.158890502376951,3.665696673167482,4.5456315989505995,4.599491917690989,4.4594635649932135,4.0355719092963485,4.450495897336673,4.480501451084878,4.589036194970721,2.6205602569824746,4.75536032575856,3.8295745567639776,4.440637350365921,4.54462585756021,4.591194666953914,4.79089576987218,4.455991035911023,3.970415834553898,3.524259622082894,3.9028408499387153,4.7700895543538655,5.825807468002196,5.3790054951114685,4.670399470247768,4.690126528207865,4.145134333876012,4.307249360366416,4.630082730376159,4.27837923185936,5.813952482828426,4.273632321041539,5.484816918315815,4.5114274232536244,5.465963674725438,3.729482911780058,4.914130064562837,3.9049640018824507,4.643954945940197,4.103127514482398,5.27177977463504,4.2660980171213065,4.2954503806022855,4.944165241661737,4.211436015437823,4.325338357916134,4.350655914320077,5.377101579279496,4.498169172482309,4.443146080931565,4.479276735064113,4.113181924919413,5.971244224077326
DP586030,4.550141840956992,4.651160407485684,4.466619875752804,5.1673577910245925,4.093146336415538,4.170976181747666,4.387471345969621,4.112803828156239,4.074696560041861,4.048069436815099,4.428949090833195,3.460561223482143,4.948022786367732,3.719666632317032,4.644117505967711,4.016759963369417,4.911821449763848,3.769463583142154,0.0,4.782191247008808,4.432578296599364,3.152247110968091,3.7493833580457694,4.2551800157017,4.977202458638592,4.233862482730832,5.272335166608525,4.399519353622752,4.5035943764414,5.233632867893446,4.262913214667506,3.6950421929253343,4.334984501117869,4.589125356881704,4.82431453511769,3.1646736895826875,4.508601104005968,3.9402996852986973,4.00114446171287,3.5616654527851006,4.390666785627153,3.3608385198421,3.8694654904560344,5.137131678874838,4.825823923989927,3.6651596890107103,4.3611823118830735,4.272747976977575,4.427951219717873,4.462780254668762,4.4674940299080435,4.3225657285723145,5.048441065355693,4.302409780562105,4.020182663877567,5.050976408725834,4.122740290431432,3.7449697820050405,4.829815436767287,4.7461345959203065,5.148523525283483,4.078750226877054,4.932428998198072,4.151074232530512,4.606632809413168,4.614896170223869,4.74286444354515,3.592910031851888,4.659948191158676,4.144376289716974,4.982434948055964,4.6774377069815145,3.948173539001019,4.563491769795617,4.63028259516755,4.507873775298569,4.669751803086464,4.319186431974261,4.997699565329837,5.188394508576636,3.993934365866166,5.15158049844844,5.4243166839905745,4.706634433284651,3.7273389888705575,5.09919764682786,3.2959505168585705,4.678295776851836,4.117228137089134,3.2669244543569627,4.877264730154575,4.169856372529436,4.517278605417633,4.072508956195897,3.6547556534122863,5.506701110175903,4.225151193361076,4.903400600845177,3.269195918560462,4.3673588987347065,4.239182779385962,4.3804029975733965,4.32041307417542,4.147416919088551,4.127711740007558,3.6200921202185556,4.904908604954992,3.8383830451810734,4.877763568621944,4.749363227429253,4.384306139613939,4.4628240885186985,5.038167831603326,4.290724718873768,3.1828058584030927,3.7278621834068613,3.8101568260015735,4.055857980905581,3.923734639027412,5.38928101091203,4.716429763336383,3.5205743576919977,4.277609704225323,4.582469580822651,3.97267638976672,4.765529381900053,4.65977484360856,5.393765917860506,4.703921991464186,5.034679870204638,4.148219821775521,4.676487516551658,4.2628626186054035,4.4392516844202365,4.320383839525911,4.1696552307854065,4.673677199868744,4.523852914832091,4.4337283394099885,5.007096267509622,5.499190422927495,3.956606439667057,4.33703424486972,4.0079534089784365,5.2090071387453385,4.844337504576237,3.8437418697205605,4.573253517596127,3.4274084778772718,5.274157430593639
AA598017,4.11489677472932,5.581020363547738,4.50259023186637,3.984338729336487,4.253865105056581,3.690672708293367,5.474436028071011,4.498561457863979,4.223163859940341,4.888065333009741,4.718444796687361,4.353958641731429,5.808358312740555,4.397312538242592,4.9023731793977285,4.446856227290931,4.215241366332892,4.428339484947157,4.782191247008808,0.0,4.173888052568041,3.721495182134204,4.557045096180673,4.227609780639933,4.81020544959117,4.777417323766923,4.734098955397157,4.452835592229042,5.651166568728974,6.464554277431086,4.165890731885636,3.9450409167768807,3.870722653835725,3.9235977991307034,5.026111263202837,4.737795011526355,5.55078948096483,4.618504021261603,4.321155116446654,5.044247452743259,3.767247575339828,4.301075489600774,4.010263087651039,4.778970543092966,3.728125400377845,5.025836024535537,4.695071589075818,4.459852598257921,5.099286151825154,4.679911929069098,3.780094094898076,4.969071234715345,4.63978283469734,5.606452377700315,5.540278802722051,5.445871160589496,4.560083910119585,4.204005380989399,4.3312644725951355,5.354748460924656,5.006936739248684,4.1558404300578315,3.5663213771701443,3.7249044491614507,5.507361891023973,4.841053453440484,4.337088444602986,5.176415027074608,4.474655267411414,4.352141691896848,4.163737450788543,4.940877319398312,2.8424075433128073,4.747109107467814,5.608572228511587,4.28741016872279,4.918582104402345,4.664197346904678,4.076296343208798,4.616881819670961,4.145557785468231,5.854828046414573,4.673256712410989,4.311736613962361,4.229223136634595,5.182260692044212,4.5075815559438075,5.305931703833241,5.362711756119983,4.4864206394129305,5.104593440597398,4.794354455555092,4.767096832868347,4.257732177164101,4.656975627703929,5.356305628369067,5.4561876680392505,5.31019851698133,4.676638440142438,4.287447282923094,5.381908856348107,5.463879195115809,5.130942016874363,4.168331808467624,4.722990861869879,5.092532400669594,4.577883748655521,3.51555435525966,5.797717151479129,4.775977338530071,5.180747229732922,5.07608541258896,4.88333249518644,4.773724782731435,5.176330133880234,4.420094871969014,5.019086189959775,4.505013084816117,4.716469840410704,4.229491894505565,5.439480777382733,4.983372549005689,4.884909340767034,4.6482176052770985,4.7212451882022375,4.652496826352886,3.672241765853518,4.956243842120324,5.679535510781497,6.070656349155376,5.297598739508922,4.334027163717917,4.995281539252642,4.505491058173628,4.407983544289833,4.59674563959194,4.691521714150238,4.584180054762208,3.9969747612413022,4.736212013166985,4.424011734983248,4.607218656635357,4.608149275134813,4.256025160129407,4.44807306001301,3.214220417519736,4.7367294891147935,4.1228974953191875,3.8561824049718267,6.821709309325159
IH413600,4.80705440596093,4.246210308089857,3.9443147390293865,4.271096640904897,4.128849223687956,4.3789700324480405,4.838002979750305,4.543074431034446,3.6390285834189777,4.67163358630808,4.314324109468764,4.506303092162851,5.757437012751679,5.397512725148324,4.511281700923041,4.8583558916823915,5.14761042240388,5.369774504463067,4.432578296599364,4.173888052568041,0.0,4.524590811746992,4.361938249327336,4.900389661438647,4.895477129364834,4.707055681274944,4.9622094618894765,4.3568360898788585,5.723344854705658,6.3494094619782695,4.665775217417709,4.66565871156413,4.660474241188373,3.6074561201922566,4.385429218221835,4.381784894371755,4.6597154721869645,4.967929528498576,5.484464713687978,4.948868202445049,5.037026234294256,4.360211058050775,4.536759838813059,4.6604185867849335,5.620759768231033,4.764025377930161,4.582414389782599,3.888062379266852,5.7890446887413445,5.565233670245882,3.643405816638035,5.367751203396937,5.455462312816937,5.122788637160903,3.6037914869639005,5.233549051853049,4.803166445115012,3.657879668963225,5.9840398890926645,4.557670832182284,4.682578401692082,4.346902047154217,4.4975239873448745,4.075691124257522,5.2144842266199705,4.844084840827812,5.807495361842332,4.753722536064386,4.737508708902461,4.7153569491446525,5.643817895684482,4.396645810019829,4.200611179404908,5.380881635878001,4.752958866160217,3.955343343028959,3.383552504157841,5.934188005313389,4.045611799505289,4.873096095787472,4.738786664798553,5.084386073605941,5.480005977178146,5.794677731319855,4.046655845288813,5.92594596133926,4.133788170482411,4.41551531416509,4.883861657841947,3.933907121553146,6.097716857835316,5.043152311587815,3.614005785225846,4.998070403071095,3.997928552608601,4.910392176131608,5.743986597896526,3.986668303506785,5.04269442494887,4.402621002836988,4.506429320996417,4.340349679898052,4.176673446279444,5.221191602686196,5.397525748497359,4.321258559719807,5.125669904324247,4.554876894075047,5.442215053012298,5.431153582247866,5.359610585745537,4.576353522100439,6.216634307863588,3.7521525547954435,3.887842297923912,4.384147217108982,5.4278845730696,4.4395078375800345,4.385004014671275,4.987937527789018,5.202883472833547,3.7212582598929607,4.5631813599164195,6.1811334902178885,5.6390871477067135,5.59388851321253,4.540927454167618,5.575139910565989,5.232909402794954,5.598714401358652,5.205896656787827,4.318740236742183,4.822474836944834,4.9141808401559235,4.579576004479365,5.073881448887516,5.285713282213819,3.8995117138294053,5.303338640099441,5.276579946046679,5.107491196464559,4.920698683188461,3.7181374611756546,4.844628910162483,5.470136586259596,4.707221925442809,5.3969688855484925,5.574051073190989,4.504187156893984,6.0216177629661995
JX893057,3.9061589062800057,5.227688727568292,4.891823649418277,4.8029112883098115,4.134696296852335,3.2621108064743956,4.29710283275607,4.091039233356266,4.1625580853471496,4.060991920775379,4.705513990142804,3.594247381362536,4.929255962327586,3.0530215928920277,4.58831033410853,4.107720726915489,4.335101102109429,3.293593527169514,3.152247110968091,3.721495182134204,4.524590811746992,0.0,3.87084417749541,3.605086085118873,4.05020825324237,3.4468440562520284,5.2471958525743485,4.400518379747972,4.310997430946521,5.4705157616991285,4.2118661852113615,3.3431356923148767,4.255412805326101,3.948972893412636,4.496960676773584,3.7073534049637535,5.211886229166517,3.8720235100978555,3.9408004400546246,3.993419608644802,4.139001094447204,3.2600819893316646,3.543273951014663,5.060967554064483,4.586740877142123,3.958954158243861,4.7841563790005575,3.9273658043214383,4.553614057331027,3.813268876121852,4.312091364543263,4.72654961255879,4.902096396441569,5.341183477298645,4.24691245082304,5.168865571247351,4.833285273460082,4.037693240143365,4.36245572040744,5.015487087107869,4.405604548235355,4.052966308424873,4.695658238896656,4.141269530128777,4.761926309614231,4.792594952973778,4.728000342883636,4.285982466529706,4.4802303881491765,3.854298135387752,4.046597806251213,4.470909401217851,3.363966953208354,4.770512369671778,5.245942917087759,4.248183699281805,4.497416937032118,4.229399943079149,4.7843332935370455,4.347746985565278,3.54869007802159,5.220286943312747,4.762172014258321,4.300609630454553,3.6771180833525583,4.7818775927205674,3.9572640052602246,4.692559470359885,4.204435242587473,3.566841400856001,4.92730270779785,4.455406062279715,4.299818001531964,3.4272216038274066,4.4768508230234625,5.091358094443095,4.72807449584209,5.271282593953665,3.8734057273253977,4.18634759821602,4.858644140935393,4.478346093231619,4.622606256399299,4.2223054996160885,3.6818944915773497,4.448699456511407,4.258145185039235,3.1856714164669158,5.367167150148475,4.727416676635418,4.11954803072073,4.3881386413297045,4.942663835545311,4.379609801829992,4.113667748122483,3.417655742345907,3.984222045745274,3.8623105154312056,3.638980034739087,4.539123545601565,5.111953221398543,3.3523030528328785,4.4830121898575745,4.272990011057354,4.202832961110991,4.2181042955558645,4.376512555074438,4.778445440152761,5.186261673020458,4.999413448135445,4.437377399511923,4.6891010655755645,4.064372985693608,4.196468828124502,4.168479984445093,4.557368155251556,4.761299847914446,4.118644412498028,4.077389145027288,4.171186659870498,4.7109118209316305,3.980029651184778,3.893446334058643,4.2093190591895775,4.9791362681218025,3.915323001830159,4.093321283725271,4.096772432965422,2.917138096005469,5.602299444577152
RJ664372,4.508059466081953,4.5389865883535006,4.725269511900456,4.561030901286193,3.5604741067776233,4.843505334414135,4.588079576530622,3.400135846906541,3.527414421334922,3.4299828226234874,4.781323689877296,3.165272603724954,4.838231400361432,3.7788283458123653,4.183960269106335,4.562394722677794,5.878692577336031,4.865741385787083,3.7493833580457694,4.557045096180673,4.361938249327336,3.87084417749541,0.0,4.410261247249145,4.811788890408545,4.81190189819951,4.7987281853048085,3.864903081857248,4.990238031153178,5.173569839293487,4.162077295226683,4.157293863636559,4.103221759410489,4.244196990119124,4.590564985080986,3.9711581962981923,4.482450451359851,4.465593356229257,3.940127880867011,3.8737399069313154,3.957990191332687,4.6119204989529825,3.9754375918845977,4.508311076441259,5.322347823276374,4.212254131207338,4.276185388099472,4.618703767827796,5.082485435800357,4.697161249386404,4.370555274978201,4.017009629870169,5.180525073520911,4.341592136540496,5.054997448670628,5.683027743602855,4.507169011067773,4.089679032343852,5.355121334566859,4.501931288507818,3.9758074050724987,4.020130356433496,4.58693395140234,3.8467306999084543,4.214106667390954,4.441919008931109,4.596515097580728,4.0707728698854195,4.787713072916801,4.0526449698312925,4.886063855306501,3.9477079179560617,3.8351606741529576,4.166585394828068,4.3490761439899455,4.074164412944606,4.382753193955231,4.44657116325808,4.570226934846921,4.55441396293808,4.376094485888826,4.504671829907247,5.346606394925347,5.443202381605743,4.0687760270294335,5.283176853953554,2.7791784205734325,4.878876768681158,4.639694651398781,4.100249369867549,5.368795394668993,4.776591479885101,4.5247051999400565,4.021168163141525,4.429939476820684,4.89837732482256,4.581133067540308,3.991020559840345,3.397946293668328,3.6039245585663724,4.755663914989618,4.133185972464651,4.833598695220318,4.41041124750599,4.459027543433164,4.35734580597074,4.33282021407102,4.557844192272049,5.406104224391862,5.396362731734995,3.122838037098842,4.995081711178572,4.965411424891725,4.556641694677779,3.832076361495521,3.972687749164644,4.778529287273363,4.727923942032848,4.235653775576793,4.674988772320287,4.140714864422604,4.236894210481666,4.380736461726064,5.584192812186778,4.694544916926048,4.959623997276861,4.38860233172564,4.217464557480201,5.0460190892774985,4.21549792157413,4.041061555380545,4.366678333502187,4.686705841654151,4.601106667930651,5.052957074660761,3.7501911474966616,5.637820483347871,3.645259514852072,4.415602008505934,5.271451816024925,5.67225618590545,4.75844442027371,4.109066474857363,4.6865191312644665,5.046933923536089,4.995332125030964,4.000450238241443,4.6417033896157935,3.555754514884618,5.265551602797418
YP599008,4.0772601343884745,4.62461148965756,4.456651598869368,5.09191793861342,4.12671434348796,3.074833855308118,5.349043075082059,4.329397854818475,4.16661562919992,3.997667276167896,4.668873917037587,3.9139698680844006,4.59313079542206,4.406139463652455,3.770948221723695,4.519627503955737,4.210965639957732,4.526042314693221,4.2551800157017,4.227609780639933,4.900389661438647,3.605086085118873,4.410261247249145,0.0,4.415103577485512,3.99159548083006,4.483702295353046,3.720526965911024,4.844278658821612,5.742761365756898,4.204755157528884,4.0773226776934965,4.427308899282067,4.411446740937291,4.4909189554743305,4.223436831613533,5.464367985857282,3.647285400591678,4.253366571058944,3.546122260893163,4.455916041698233,4.2361646012335425,3.562200741049454,4.044274796721626,4.617130750785964,3.2173365902182227,5.321815394006378,3.205737128029494,4.150702582336249,4.483851813637996,4.478062910750051,5.396163152117806,4.6360575681425376,4.703090351970852,4.4425723580413266,4.568520497007973,4.568843193654726,4.595534192232984,4.222327902414575,5.1120208907203555,4.6012620459744396,4.911961902662378,4.556308894828698,4.511355496422838,4.534552871008695,5.168308150963441,4.411072935175347,4.728930410548897,4.191221636469276,4.332980429854727,3.6738979034821413,4.7311430807040775,4.409936020118413,5.04335899789809,5.446721787800136,4.714697703490133,4.940045375507297,4.252967256046435,4.287972021492885,5.106442769291239,4.379223155806019,4.940881046586387,4.526367450118786,4.681237612187073,4.565698147379888,4.606826439801442,4.628802925978553,5.281179363751901,3.993535023365555,4.20047824045535,4.314685928103035,4.477459399938218,4.3223833424130715,4.7301280853806364,4.250859837277388,5.577998525538576,4.653447971916011,5.105712810350426,4.146993745290727,4.136230867860567,4.536124705758396,5.347993509889705,5.067258488421985,3.8407133614310016,3.460264348140037,4.843578502038365,3.5149205788019864,3.9993848609321208,4.829318991682156,5.038599065807199,4.6200191700623465,4.08132788587634,4.864242836267017,4.311000463494902,4.950023741640599,3.1801790135182784,4.649958602135197,4.286814468343621,4.768268380634358,4.676266256085756,5.041106495346363,4.090898013217216,4.372568104214323,4.508072775501922,3.7919350866151347,4.629883371333997,4.167203109558347,5.047213947084381,5.329357000060137,5.638613259872709,4.193343291333844,4.134713805892274,4.289122031467998,3.8634074859662006,4.3901216781779215,3.810692851783803,3.5986738448094426,4.494669561108737,4.702387873706183,4.6001154239487025,4.525176033804096,4.0095311986550595,4.648879587646671,3.837605197552079,4.870188335601688,4.04375828595828,4.2763805015556855,3.9092145612301805,4.113546103413579,6.401724343204573
AU877814,3.500939511246656,5.3267924099263455,3.938012164023735,5.952514226144796,5.0269444532549175,3.7198627399700452,4.397625593387647,4.178812880379467,5.1152054202736625,5.33491886268691,4.0579048932319495,5.07101068087719,4.7476247752247795,4.150774308149817,4.217721519568791,5.442780693235042,4.808200253560577,5.286901796992131,4.977202458638592,4.81020544959117,4.895477129364834,4.05020825324237,4.811788890408545,4.415103577485512,0.0,4.8979398896597415,4.443363359284743,5.636225741458754,5.230691210000421,5.6881691356602,4.758726347733624,5.2875888311536565,4.314504159937536,4.770948779115895,4.830850255759599,5.122152931369582,5.587791807179514,5.0012005103921,5.925762642746296,4.990082120781328,5.418194944300378,4.630076297396543,5.349930942735185,4.787775419743152,5.485255381277015,5.05013513978216,5.294551572938902,4.067749346938662,5.472653569247028,5.002487101968509,4.396428015974753,6.72404207847273,4.829198000323859,5.398463329522855,4.874166875615705,5.7950158812709684,5.698888321099574,5.023700515926025,5.218201481816217,4.454013800237194,4.591384840244997,5.907592818154412,4.605822283923221,4.7891726750090315,4.38845099773232,5.4142083878935106,5.087655913306709,5.293949832846302,4.272319420355261,5.60191583805375,5.488049962082793,3.6363116724279245,3.4593760252848376,5.677879621832007,5.528409219803358,4.771878372898325,4.4754130308066005,5.411975229609842,4.7568113801791165,4.912256138652374,5.177596986869387,4.511814012339805,4.599929092803352,5.022027901806754,5.149092500384124,5.660208403275853,5.534384442977045,4.401888791667556,4.526073129150461,5.072865528345547,5.758880962179923,5.275649341035064,5.088603876137166,4.519842432317258,4.110322738409991,4.954364595235318,5.240567798172,5.516714008855096,5.3342285419380575,4.514682615202214,5.245507495494145,4.4955531224567045,5.500205363473642,4.807245047170529,4.3601501343542655,5.478470564718163,4.401562530224293,5.142858591199356,5.109132336532143,5.140778327963595,4.952716307406999,4.729942771493216,5.692092565346447,3.778150526607956,5.247847271501849,4.244364334239747,4.7603989911156415,4.747408755580761,5.141103918886895,3.970985931171209,4.816136463481013,4.054389799969995,4.9447479450300555,5.486375144247063,5.26246441360401,5.121616733530712,4.376047110581904,5.069187784595953,5.1357041017982965,5.088522452289032,4.682200069683238,5.309691805093712,5.57494146592207,4.877723496101888,4.472415358552429,4.782969321241164,5.315886890982786,4.65594798509692,5.070064942336604,4.238919228114245,4.259958136086857,4.568670446515178,4.150244875270237,4.096573074218217,5.067114581509576,5.055641511105353,4.748385621106268,4.185059994573571,4.536705330909225,6.047759049609957
TP712509,4.841436887006466,4.606539299470171,4.767424381213034,6.397268660378122,4.949168019602954,4.819967005149399,5.70772534025779,3.8070700547611556,4.144315445850036,4.352824185801011,5.539459435803368,4.5073757999884725,4.817841732926389,4.372901287897454,4.969284636034,5.260629417517485,4.670286031793788,4.017477924142381,4.233862482730832,4.777417323766923,4.707055681274944,3.4468440562520284,4.81190189819951,3.99159548083006,4.8979398896597415,0.0,5.287329878137888,5.1222510596490975,4.336358027172525,5.586404054107037,3.9898208824323964,4.622976700083729,5.116402887812658,3.9238481262022282,5.082382474183652,4.002398064772052,5.361731906285904,4.156628538198009,4.430605909795218,4.901872584315666,4.7056745922778775,3.2829657264087935,4.099727211810717,5.008925954221349,4.588578910731573,3.3377063756826457,5.400258066175967,3.924418743112569,4.655550536231517,4.806821634350076,5.448515848500133,5.653683921690339,4.770330637942533,6.078770018292506,4.41061049435876,4.439020012594431,4.256113921275119,4.614061703365655,4.508880221672492,6.239016603338198,4.922777141321566,5.594171380607348,6.207115102467681,5.019876125947385,4.4850152343013745,4.769371346849025,5.368386988971209,5.3294592165166135,4.745481727791752,4.708551355896969,4.989792320765006,4.468918329645072,4.671251835897433,6.112403101977606,5.02924114795208,3.972314114104965,4.585875944996618,4.796414769116507,4.86321753364213,5.442590408734168,4.196524745268832,5.251828505159516,5.1817212866629605,5.154383998978794,4.32767232944082,4.464141044334157,3.9780148330273586,5.121932093659232,3.616510779792075,3.171836189002479,4.443468686032414,4.746996686108721,4.059245778072359,4.642317663246308,4.681808323996759,6.523192064681143,4.844280344203391,5.046021601156714,4.705714208625632,4.475260796407626,4.351948203846687,4.955092488295561,4.633058263747012,4.565957040053365,4.512997421343182,5.826163809473654,4.752496958279267,4.157214503533736,4.134478716384086,4.6156652569966825,5.302264245407787,3.6562366886912594,4.919362130446883,5.0934539847491225,5.145934312036025,4.706443575599391,3.6599298919124243,3.677746454285333,4.946444258964604,5.547659369528184,5.521596222616565,3.942969682109302,4.416487647164184,4.656989791062435,4.622025874481595,3.4634430555242863,5.108747038199807,6.314744685183937,5.061518179676898,5.319536954875769,4.463984662105622,5.358929478467133,4.198735732302942,3.59787769595805,4.529313085647267,4.871934364099308,4.093758059437958,5.036898615695658,5.888634652794774,4.952635004859848,4.8180454807424535,5.0458099338682985,4.460088819825505,5.435939914039759,6.199368883098018,5.283319974742834,4.237872783268893,4.515259879462862,4.081899238447743,6.484134997043187
SV756975,4.561455930528357,4.23432148213933,3.036063701802224,5.7521332052448,5.113069275490511,4.604761963067124,4.941563357127939,4.1853263710574575,4.978142618641184,4.518303629199205,3.3767680828666373,5.856300743799856,3.8757947854819004,4.426547535233693,3.1942338790667115,5.046279248343431,4.6463868505334,5.0014788059734085,5.272335166608525,4.734098955397157,4.9622094618894765,5.2471958525743485,4.7987281853048085,4.483702295353046,4.443363359284743,5.287329878137888,0.0,4.54842228369389,4.801827201129782,4.718670071112217,4.063552524456994,5.878832496454695,4.846365156612698,4.937363318320075,4.134917441786136,5.056719521235411,5.030243505979721,4.586618293736218,4.8057673419977665,4.615084704638919,4.858094973550384,5.061882860304801,4.093850914771457,2.7859880454575325,5.039090147673054,5.2772231613526825,4.035938181751392,4.314829984929458,4.553030194398272,5.211651129420414,4.107654387131089,5.698200675617352,3.026194432482977,4.882296957993309,4.988241175647,5.444349498170012,5.0490569613330525,4.681474460965239,4.847963603618288,4.931255563691569,4.333330607327124,5.182403199294894,5.097379010226225,4.337084482251497,4.1230540340366995,3.963643293400734,4.021986478580685,4.656995803545115,3.371685790176975,5.061640345810796,5.266885311394422,3.610490297229452,4.39214959215489,4.72321191605883,4.353004930455799,3.560354905022835,4.840226495161033,4.475630523787366,4.597766589068239,4.84614753357629,4.541159689053419,3.4046281551267064,4.981230070763423,5.026474779316216,5.194829467193812,3.947461916735329,5.1818840571754246,4.399619812530275,4.274347208583605,5.239020721476441,5.3046048510327175,4.418561258818936,4.89416042672432,4.418240210338966,4.088859256336759,4.928903407212554,4.040403029159576,4.7127325366126565,4.962972557311416,3.903670416056889,4.154539821748149,4.473704464199769,4.9211022441188454,4.4314111928684525,4.29556778975257,5.191054979618737,3.2535662060571227,4.943877369615928,3.9261444945170263,4.316819596538346,4.710627103189717,4.312163195404212,4.033374214829311,4.218831509281604,4.877954290197822,4.669235099604154,4.6800100427629765,4.852736203943533,5.574127913049669,4.892511077537832,3.8614203547166213,4.80044064923137,4.752940554757903,4.955145184321922,4.0648968346374135,4.762250319809072,4.263796317315647,5.368644385566733,4.507057328286806,4.082867565997992,4.19416926911102,5.3869996804828775,5.1700886719765755,3.97379584443142,4.026820143259473,3.688130592855832,4.449769060405948,5.055786621894396,4.673639100028231,3.8322337004301943,4.5470363252374115,3.5003239866783926,4.758791160083664,4.132853597378776,4.368355763560845,5.4841777951707815,4.137742139376352,4.455906015238258,5.352093626046592,6.063064644702662
NO407338,5.0276442137745345,3.7576687544123804,4.745025250382364,3.381452491649249,3.6920194713317604,4.548976469396165,4.740537217125898,4.490419838355485,4.732564758666375,3.4742884304327366,4.559121939622238,4.009134100191837,5.061428960704031,4.89844814436496,4.436764606921082,4.2213609761807405,5.210798918330221,4.795607003913539,4.399519353622752,4.452835592229042,4.3568360898788585,4.400518379747972,3.864903081857248,3.720526965911024,5.636225741458754,5.1222510596490975,4.54842228369389,0.0,4.598634139210881,5.073597497345968,4.396703237640508,4.707251952969001,4.661349233521624,3.9655844194826857,3.8173284021885823,4.374255572029692,5.5178961639154105,3.6491596320150657,3.8198481112971456,4.040143050219034,4.090495549744471,4.729401788849065,2.63519881734242,4.056457880856723,4.690967362182311,4.270339664770552,4.1232257344434275,4.713760186023971,4.3954121810145725,3.9613307827648923,3.6847210392782355,4.030466811885875,4.555803672218252,4.27671100352527,4.839774157475998,5.0128364285363345,4.212102441132514,3.9518270734331664,5.140914143169387,4.624731574827999,4.575010973997062,4.122917067292518,3.8070712667152695,4.071094633610628,4.173091114723213,4.205677943442017,4.007167926176571,3.7856093344694424,3.8503605032419865,3.801556996818312,3.9893457033328956,5.103102917911734,4.890395241471765,4.437864425458895,4.44696632025262,4.174126330449206,4.77243030273983,4.5161516688577485,4.21103351176501,4.524173068574066,4.344484942348178,4.6126395493990895,5.510958224556321,4.8128714484293305,4.073988102165051,4.929865899645118,3.9677295228947154,4.306802941308952,4.551059328666488,4.734229501531557,5.348167564460129,4.087866030511238,4.621309253095824,4.604846423989448,4.623893989419197,5.032015008572554,4.506192644512024,4.27966968952649,3.7697902333452555,3.9133161198191178,4.94216118389546,4.840470912077566,4.946436633938488,3.925181696624423,4.196457029607733,4.437962530819612,3.680376158428829,4.529796753540241,5.629708015040566,5.004734053806395,3.3021598025255243,4.882995346017434,4.456618092657597,4.723901514458045,4.0193103490402455,3.786565835458312,4.69182515563137,4.763467475164097,4.369095919636188,4.955158981013438,4.413535333588284,4.766551675886838,4.589374378992495,5.381338749591286,3.670495596214021,5.281832669393611,3.7268817534345513,5.014244810860779,4.600448123012064,5.237465486010398,4.154836522995804,4.065450838560759,3.8510149940246383,4.533174868776912,4.134736387424591,3.2697405757693825,4.613432194837793,4.503948959918879,3.905133144892804,5.141955580996158,5.688346684525375,3.8439175542589332,4.514953120532157,4.07002714390048,4.6960174647262525,5.092086059422289,4.831422236368513,4.837880154526553,4.106289726491152,5.882637409400062
XH609836,5.1891918214697,5.10974349627078,4.687336390848989,6.196455039981094,5.059556610175925,5.464896728981292,4.737082884976281,4.176943858605852,5.66593041446203,4.510794172003457,4.7866300877841645,5.753782157494455,3.757990988997376,4.2046909880755035,4.855064674779838,5.074334735578161,4.924354232435851,4.808052634933964,4.5035943764414,5.651166568728974,5.723344854705658,4.310997430946521,4.990238031153178,4.844278658821612,5.230691210000421,4.336358027172525,4.801827201129782,4.598634139210881,0.0,3.6385143590416322,4.098929846708309,5.881939226234108,5.030925135443804,5.429678760913569,4.716562107250058,4.293952163082733,5.396703653523339,4.6367132152518655,4.457869004020135,4.115410506030975,5.074030494493287,3.9257788016002673,4.058399342160514,4.938801733244681,4.680375324507186,4.980613405087401,5.075634093950066,5.1111766813554995,3.92330001956247,3.9858899490050526,4.567159271462596,5.112489452571226,3.973390902223525,4.8191760014487715,5.1961599101767515,5.4225549392529695,4.949085066962988,5.022235942537754,4.352319231601931,5.773944593924277,5.577368971054238,5.272273393531229,5.721823600219664,5.3744883882569425,4.207713341705242,4.1795465194465535,4.806061773950471,4.7048866887618574,4.373514266688124,4.827950349806815,5.246406596795513,4.219283309251483,5.218433800215012,5.564246508672713,4.19757795838754,4.161065622726501,4.947522064751885,4.6578621057769425,5.7375619668777125,4.955665505592575,4.027280763748094,4.546097996785255,5.2778818199187665,4.683704911893166,4.662562209518706,4.103715709402167,4.789663143024622,3.7254466127380477,3.5462371087732936,4.696645532424645,5.21287757114833,4.315021988757218,5.363708546174911,3.725777592376623,4.635603954206781,5.6207513126477595,3.5939122071768366,5.564092455355728,4.720018757448521,4.800411412011718,4.5609883378951555,4.450799581380919,4.945905311911133,4.131750756401153,3.692550282077385,5.033218610638936,4.545421529009245,5.058916004187093,4.329367010859398,4.280629961587541,4.359416379766239,3.9523330212859062,4.300056253128142,4.934448328625076,5.252788462928592,5.139141862346728,4.17152601439857,4.922038196407787,5.271588936788726,5.408028895847471,4.074116900977155,4.515870258096256,5.10537755453791,4.64199173191732,4.273976346752903,3.8702854317912916,5.065557067648519,5.39347749130331,3.7744233514502046,4.101255050111041,3.631416683181294,5.635798097429051,5.156094736747982,3.814585838214963,4.262183331447923,4.4722300611872345,5.273215180548015,5.300426750522328,4.780476849464238,4.211063696008585,5.74767966915142,4.636923061719143,5.26031246760844,4.9582891144628904,5.299373764933102,5.594829445765965,3.649436247384263,4.253553267074035,4.243960788596371,5.792911650656008
UO208012,5.797946909886528,4.978711100129676,5.23528614122564,6.667119956638822,6.092045922186349,6.312336732523428,4.756149714947427,4.557061412332785,5.848387365215,5.1717329838394015,4.269516459001765,6.4270225794202025,3.565664089471721,4.473515172496358,4.777324478748646,6.038422561204387,6.225778764219551,5.478646655605026,5.233632867893446,6.464554277431086,6.3494094619782695,5.4705157616991285,5.173569839293487,5.742761365756898,5.6881691356602,5.586404054107037,4.718670071112217,5.073597497345968,3.6385143590416322,0.0,5.252407836960955,6.443219155144672,5.7448779419825735,6.198839681258328,5.064612904790989,5.242465203317547,5.260465566258492,5.115345729408209,4.4417824455135975,4.856389749149563,5.739636974500114,5.483382357437626,4.645178740020151,4.763114121051874,5.8892763209962755,5.926423129214419,4.640983426994802,5.842175956904083,4.319263324670917,5.067470884432821,5.498641239392338,5.610978208535312,4.565595930501223,4.3801824683913,6.1068029955767695,6.169931389033564,6.123034024295977,5.572805324102436,5.894012446361867,5.197203443912179,5.535836840629841,5.94695135048997,6.133247049096042,5.82370178334674,4.231677257078715,4.141235961789073,4.937519422460494,4.962515446070101,4.31718514717993,5.114936664252083,5.854778489461532,4.718541407854444,5.835239109674244,5.825890226219526,4.432504228428826,5.1208271719562735,5.734887540750147,5.14102821007931,5.836266779305899,4.562129301252972,5.592231188888311,4.416912661282176,6.402584309329509,5.80875073120803,5.110554779056067,4.8799035231974965,5.414191686632618,4.247604741955799,4.402000509124219,5.852881524676472,6.3159458922747005,4.381822023877421,5.616568115922052,4.554863145959179,5.035651318336433,5.700312970536625,4.1398475437118565,5.259968575178516,5.285793949392375,5.211691090443203,5.571713889905736,4.4897791225037045,5.809395995130896,5.210182802225365,4.826030457618392,5.49518294291535,4.8253245699460665,5.782778909940182,5.174465451074098,5.186746691369343,4.083361720309194,4.880375790029972,4.669129383697372,5.4460711204305206,4.868482458370237,5.378084913528474,4.8675527362017785,5.743448569802678,5.39600266801944,6.571900377325293,4.193747672432331,4.566460750953542,4.793863333154176,5.303542441631046,4.820507223103343,5.48779016754019,5.763786540456825,5.833709395025546,4.6061851948703705,3.8444022751125773,4.505249254051403,6.768107097127961,5.571339029133364,4.74136306204273,4.58120796949805,5.113420650620425,5.8439039197294775,6.080173019132847,5.301943468198275,5.511168387112328,6.467892846084331,4.566773396929462,5.7888150361541415,5.410126004765437,5.84615527840828,6.80092360027899,4.391544088610655,5.3806701057082735,5.293818715245086,4.523951103471753
FE927797,4.803393583698457,4.393713221642575,3.37768648292322,5.2611456559349,4.000558545013764,4.8769182047359925,5.0836302154857025,3.700863458228508,4.859088992575741,3.920908236181608,4.765395600931333,4.9830190830140335,4.700840290970491,3.6205123000847697,4.541361928934686,4.616893470304842,4.542821005273491,4.6100174670420015,4.262913214667506,4.165890731885636,4.665775217417709,4.2118661852113615,4.162077295226683,4.204755157528884,4.758726347733624,3.9898208824323964,4.063552524456994,4.396703237640508,4.098929846708309,5.252407836960955,0.0,5.267324393015855,5.308111233795587,3.6060063571246834,5.11250787499751,3.7697157665377428,4.806734355903808,4.534499379708039,4.386065484130431,3.839468291526425,4.714855307729143,3.363551137788089,3.929253782351548,3.991785118851705,3.609665691242248,4.41370539488641,4.44307915492272,4.819366395853411,4.912963056387728,4.2417653247766856,4.483313875961922,5.132309932612591,3.9233043627645494,5.328289265631741,4.942646319043775,4.291380497077124,4.033397317264261,3.9015014787137323,4.897321191555588,5.357122662446315,4.69279198383606,4.531421861752059,5.130128829466812,3.911718227740217,4.357553487087898,3.9121758033527048,4.734947528603087,4.335318383349582,4.547270830386789,5.153767467151131,4.424978931871475,4.465659787171031,4.286513242103897,5.498080695532474,4.47015138059137,3.4140979362420585,4.6736124857336,5.064109121155432,5.2625394568854675,5.669712334586818,3.278887308839662,4.796750010364652,5.340460683266891,4.578314121092024,4.282540761189993,3.704669773434958,4.1329714866311145,4.262978473150471,4.055466842652643,3.3443943108126795,4.629676035082072,3.733948712661998,4.969140219863959,3.8497081424898627,3.7104445436428484,5.538617010418991,4.6075148614096735,5.222084445576552,4.246580232656092,4.288446739218319,4.596691069912786,3.9890213463769637,3.7470038657076743,4.276537711664429,4.633367517218568,5.502324662994951,3.926378310030881,4.3386718426413875,4.267289809421765,4.009012214341608,4.851978293082094,4.3534494409265765,4.1712171424371975,4.774631792468815,4.877476966085034,4.354414323248922,3.7716274742559657,4.064599195145345,5.409104433781186,4.910862223355947,4.567519313027393,4.347461109340808,3.6990237129874335,4.529390709898291,4.368378349800719,3.822241001304623,4.34046510432369,5.543858089801877,3.752020202613318,4.6529197546577,3.6538462235378018,5.328217225955988,5.08543883590987,3.441993558415787,4.009775883683264,3.9397569613882637,4.797265512845208,5.237218934388195,4.3305016333871515,4.198154382966541,4.942075438837675,4.233784668217309,4.2823260300936346,4.464146743023159,5.687385203516054,5.019962532813841,4.094521997769942,3.864169055427443,3.9025848749699388,6.180044655316992
EJ557771,5.1413210708889965,5.471179580896536,5.4281686931091695,4.902281674967826,4.041132143406838,4.041790822498491,5.3625938544438485,4.726349354319745,3.6204617688956184,4.603528893011348,4.929578503205772,3.277115608992542,5.680988988294009,4.731388578935165,4.819886728493609,4.259978215736448,5.123492332267574,4.2356420586658095,3.6950421929253343,3.9450409167768807,4.66565871156413,3.3431356923148767,4.157293863636559,4.0773226776934965,5.2875888311536565,4.622976700083729,5.878832496454695,4.707251952969001,5.881939226234107,6.443219155144672,5.267324393015855,0.0,4.162255378821195,4.716436511521662,5.427284573522842,3.3861977739930813,4.837288672798597,4.325933225498448,4.658189069675985,4.2549295905977464,4.104413075095469,4.149555640718971,4.716463941270604,5.717567534768655,5.053010084862413,3.711481871897463,4.8603783757036165,4.541055606063663,5.124942017086712,4.603681912358678,4.8250083039969995,4.611376897077286,6.001162337625696,5.373149669893134,4.922464146334839,5.267658771254347,4.947104694266028,4.1291367236854315,4.6387741647594725,4.9531281592180445,5.707763615473615,4.506954040047131,4.9404519685353705,4.347872440917085,5.451279137200674,5.757270026219875,4.949598190419949,4.486054581183558,5.498135514040344,4.3719769782408,4.472900556977717,5.248429717599225,3.9304592242429224,4.017290796917601,5.677475799176953,5.447814933742517,5.5673168335809615,4.000902648116544,4.3810282108152885,5.307965577804291,4.440398615707604,6.070649716423698,5.1214349701439446,5.057211700170434,3.911054402830712,6.186831290688525,4.177017508042865,5.58113202057194,5.539014618863714,3.9197955011182497,5.406627747736402,4.791432604094236,4.387243552131913,4.226887768071144,5.3527890362193995,5.847390007789225,5.276346817991405,5.101220488635186,3.9705258177115907,4.966350120819582,4.971871304792529,5.358638040494822,5.285910048505275,4.578036272239918,4.708546588286048,4.379814509326966,5.673080780794289,3.582847038161374,5.6737502658311865,4.98177167939685,4.661281674871622,5.458634012700802,5.285790668614553,4.73154829554453,3.964538731866621,4.287922275681605,4.833269261624524,4.578226569529154,3.4063680874875044,5.677009652252331,5.322119631356672,4.682944817973551,5.170076956470648,4.329975356154357,4.722329676086124,5.311391182004299,4.773670462967817,5.583230465513212,6.032842535376413,6.05398966455592,5.076464570812372,4.342503600239564,4.495906545512962,5.394305823170552,4.689419851914192,4.733375901114254,4.967743200736254,4.3391412754918965,4.983518735768173,5.135872410993155,5.166454213011637,4.743485732332021,5.030795642150911,4.571697032340675,5.244615675175755,4.127458187028234,4.219454868466476,5.176391699258597,3.9015732868901845,5.853632586336255
RI373110,3.718232616143595,5.164722497879716,4.781112843744457,5.081011308305458,4.1736788388965484,4.019311018041862,4.824872513123582,4.33680675975241,3.7830925255831724,4.966697032583303,4.143083607620514,3.6338762936021887,4.755581125953672,4.761648056566814,4.518014813266281,4.913909616061786,4.628488006952453,5.051848207073474,4.334984501117869,3.870722653835725,4.660474241188373,4.255412805326101,4.103221759410489,4.427308899282067,4.314504159937536,5.116402887812658,4.846365156612698,4.661349233521624,5.030925135443804,5.7448779419825735,5.308111233795587,4.162255378821195,0.0,4.859344747276388,4.227235470009383,4.924685240132439,5.310514569662306,4.296333050269131,4.776772989144202,4.848930598234881,3.3805654796392477,4.959615627345209,4.896610281616538,4.564260353138638,4.800975010090645,4.37982348291603,4.7953601152256455,4.374167742559581,4.1280969543861445,5.260161208276545,3.7914499969282605,5.1034869020469324,4.479579001253338,4.898217998274313,5.442152793715279,5.161458144075372,4.472209436990087,4.627744482662725,4.216467871635154,4.946641867205905,4.647285847181937,5.069728733341235,4.21096218455548,4.560543582764567,4.169331592170993,5.594246593121682,4.372064932987741,5.364700506687322,4.570785538128925,3.9735976137152735,4.39837209586135,4.099942850136953,3.022989669399035,4.421524987798861,4.895538235242982,4.712007008771338,4.798581711480248,4.258093835803758,3.732101067196759,4.285326840901764,4.7083060665947025,5.744730897248209,3.671977425898568,4.352135158473965,4.527729998408909,5.615985840169891,4.399249647634858,4.742319004741576,4.958076778658754,4.78419163604949,4.957350122495797,5.154881308716266,4.740512450001843,4.043177377235976,4.319579235640383,4.852423384412147,4.191223151714417,4.543882184526706,4.265708355415872,3.797494792930262,4.7366604240294174,5.193589820644018,5.522607943122277,4.323645519745931,4.63922944534803,4.5310621509661,4.963705809645713,4.667290900346135,5.5214800613961,4.89051359199369,4.6187609697682035,4.653763410800718,5.317955801878878,4.700982371202507,4.979261951053987,4.621654523147981,4.7773146022597786,4.469820343992151,4.202982017485582,3.8540896710629764,4.532924203416064,5.1961751317774425,4.952859919535186,5.20233911443649,4.8992187969508905,4.590242698140867,4.13765958551283,4.919522669574462,5.48417018653008,5.939933626870261,4.73062506764612,3.954421200312352,4.563535542207595,4.612654989989025,4.989652205726863,4.397892925638078,4.570321310978287,4.306634429598484,4.617824704087634,4.507935927966473,4.097954878931626,5.10478420077834,4.4678627729584965,4.538896582435464,3.9773238550916346,3.6131454875590094,3.780561237064,3.9709067736661874,4.432566207236115,6.955510087484776
VC424315,5.145934618413906,4.3612874715897885,4.67406059555764,4.467914560173541,3.6851947433793386,4.774354044573412,4.787767165136774,4.603739708390192,4.457172868533503,3.9775370095474427,5.063476549375141,3.959739172535495,5.15943017128477,4.896087821905104,5.278701913595193,4.902568675002911,4.745402496193555,4.624184465070181,4.589125356881704,3.9235977991307034,3.6074561201922566,3.948972893412636,4.244196990119124,4.411446740937291,4.770948779115895,3.9238481262022282,4.937363318320075,3.9655844194826857,5.429678760913569,6.198839681258328,3.6060063571246834,4.716436511521662,4.859344747276388,0.0,4.072529623992584,4.556156135055704,5.214965469129506,4.423312677739248,4.488607873447521,4.786998283124636,4.199429232120402,4.173039769900293,4.154468636420438,4.278707516166357,4.4537817584189705,4.4344719400237445,4.780512616333707,4.325204593720154,5.151104032779233,4.660085800750173,4.594735223366341,5.088456927719535,4.718687287932447,5.983599122909376,4.4718713513517505,4.053541043294144,3.919503558293648,3.267189273070622,5.491173603196849,5.286740074945422,4.132888416377079,5.065324464066354,5.169837707687393,3.5944454370051693,4.118701521431728,4.8681380581106,5.0341523971482465,4.238014089460039,4.8319835769626325,4.3492438970890746,4.092554522335606,4.745859364762853,4.300494596587867,5.601583105503817,4.89791569657475,3.517392108739025,4.237661698283023,5.065381187935768,4.270757622000376,5.001510857354482,3.957652990525041,5.247860987532388,5.365266582934175,4.60669613609568,3.9296676760748186,5.1786990202870475,4.070182658272068,4.354123797752665,4.745548121531995,3.818252312338519,4.900157876077102,4.625150523675606,4.288304952668105,4.5113336734296725,4.392973962810978,5.167050880245619,5.24809367446892,4.3026450406530765,4.123175327690177,3.6691523096211434,5.0846015270248195,4.552170747418407,4.629066805926624,5.070049550865818,5.3898895852290005,5.4463009832294995,4.3995918016551405,4.661062746889995,5.766031221869471,5.105450917758706,4.880252625362796,4.659069969670988,5.290858074604272,5.080442178031265,4.587248913940665,3.894688147799246,4.162435683035742,3.338405785958705,4.127081851057397,4.758840121351597,5.275167399558191,4.521581510077534,3.2170736687651598,5.5779521412268345,5.068427718209181,4.6515792094570125,4.1082880318299475,5.981614144167646,4.795473206065107,5.611169031487192,4.644570293925642,4.749251182944867,4.348618500908966,4.698763407064224,4.533032224888306,4.31299596196083,4.878279191241498,4.805109985091551,4.908089125805406,4.787839261064683,4.214990651984757,4.409315586520386,3.0093350497891698,5.066955205430557,5.887110204453572,4.848704119926699,4.800059085442164,5.115263322133635,3.8015502700881902,6.86968092675861
JW793198,4.345037515620348,4.739247489846759,5.0818442267538995,5.032376555950628,4.125255821517263,4.438409183433345,3.494961883160467,5.052094190632288,4.945845069175657,4.461267186283415,4.268122682752282,4.687225109133184,4.828894782648436,4.964212203844093,3.907857445456312,4.852089108306229,4.944440098868437,5.3677699214902495,4.82431453511769,5.026111263202837,4.385429218221835,4.496960676773584,4.590564985080986,4.4909189554743305,4.830850255759599,5.082382474183652,4.134917441786136,3.8173284021885823,4.716562107250058,5.064612904790989,5.11250787499751,5.427284573522842,4.227235470009383,4.072529623992584,0.0,4.966980098341663,5.6750146367428815,3.6531413824713503,4.932604079206017,4.883232182241732,4.417131689357487,5.243461604198879,4.0916979448211785,3.5022305803565654,5.912023963777809,4.8543504677101845,5.018163695758961,3.7772541049139146,4.062480755036387,4.9186991957362265,4.188887155540827,4.65852421692375,4.042971338434276,5.171245916969107,4.5880182534967995,5.012779202283316,5.446180064461345,4.0107248383218455,5.959817485618575,4.861792681334962,3.9944027505415973,5.155117329357758,4.707280436615516,4.351047273571164,3.6210375854411687,4.865073318949236,5.169981353151549,4.7094951451120215,3.4662951116678724,4.263467589977373,4.813528429419019,4.827589659941986,4.93556351045318,4.994506826017746,4.18007155707653,3.8804179103365204,3.7635694493533864,4.937599364474411,4.36046367611649,3.774417217330986,4.151135441241922,4.698602574378149,4.614510917277677,4.325088461740175,4.032484870754626,5.621029031766498,4.790820793051102,3.7803934341662657,4.336765787027419,4.870098436887125,5.89930877783347,5.112807871516192,4.609574963746819,4.371877076278441,4.496825218621422,3.8644062210996157,4.492698500849464,4.61115177978225,4.429865936247326,4.259858065144195,4.936957308299942,4.806319229146886,5.894575680788971,4.785656199756673,4.411566338998649,4.561354484801007,3.952392901202804,5.520810376008747,5.963337751388111,5.525154097923185,4.558495480832299,4.060932327343781,5.775986186358326,4.788002312301241,4.469515864745155,4.078466100059892,4.8956096344841935,4.911180863381096,4.082357192092434,4.594014954191029,4.317108245284593,4.1076587402769045,4.488411366066091,6.035869709685113,4.583147787646121,5.371959699859829,4.3737154499709545,5.128688534915456,5.588905291148426,4.80117894666965,4.078268970054261,4.595006375399796,4.733703224988514,4.284192951427777,4.594916211304037,4.351683467842909,5.16895361069677,4.363428539856691,5.271042762954434,4.927447775699001,4.928553536786618,3.3848755099870877,4.719824657951636,4.68638711452861,4.168102199197016,5.0708522040414215,4.777258887894723,5.165506299627009,4.864072318073854,6.151070625878595
IL590822,4.9015045586118635,4.871979280934624,4.22230050388157,4.9131771071675,3.797916745196382,4.340526146845131,4.5460137679399315,3.584632238633318,3.7843064177494816,4.043526699916012,4.611535241951762,4.199665715200106,4.945801568537681,3.9636583176677305,4.13251610988924,4.021047044393735,5.105305366257828,4.053213977047027,3.1646736895826875,4.737795011526355,4.381784894371755,3.7073534049637535,3.9711581962981923,4.223436831613533,5.122152931369582,4.002398064772052,5.056719521235411,4.374255572029692,4.293952163082733,5.242465203317547,3.7697157665377428,3.3861977739930813,4.924685240132439,4.556156135055704,4.966980098341663,0.0,4.061516506179976,3.909673704837213,4.48052348001863,3.27896547030394,4.3521041279408825,3.3825483759203845,4.105912042579843,5.095362223374713,4.848332055864953,3.9295178825006913,4.369969145717559,4.228899275521705,4.632234642530563,3.991333105008201,4.417664422815979,3.8111825547263565,5.0318567973872925,4.738540479440609,4.013667475781158,4.842379262932785,4.369669163677654,3.4235201991081436,4.62726424339864,4.468284674231888,5.274523949304428,3.80302701071013,5.066009421924732,4.120195505905483,4.804649800569054,4.401338874554776,4.949418397515648,4.123855121925519,4.620852325003074,4.362887311574818,4.754985879146247,4.871179722026556,4.604716614074871,4.072173567719263,3.9218423045302147,4.016606855141611,4.391031453162452,4.317504027132768,4.745825362127415,5.138268824255906,3.4516767984623393,5.154377604238306,4.984690835891397,4.436243624633183,3.0934466300566905,4.924442188008454,3.2827443167210593,4.433430556892126,4.583742812698068,2.130177494260744,5.089853645740664,4.191411590757978,4.266279536007181,4.070083365167807,4.605110436760824,5.4292367956470375,4.891489082209127,4.888886322384216,3.815145699086517,4.774258912006158,4.266115668162815,4.143147356463155,4.574924079368734,4.148219066348419,3.843788577853696,3.855397525157856,5.264745441549523,4.104424072646467,4.255272631761639,3.8323110232654045,4.593943257871703,4.686097442237784,4.654366603935653,4.005286050694974,3.7401124879168988,4.180409584766742,3.552097173873434,4.27209406945958,3.876177218067908,5.688813362759411,3.9961353984147263,3.756253512932351,4.7075323583415765,4.385621522013244,3.7083736476482083,4.78156765243527,4.620130896538163,5.150223823479213,4.511318668124804,4.622619915089352,3.898610369973878,4.4109805788531045,4.495792400483751,4.185188915845091,3.2501579953370876,3.9000741059960817,5.093021913603057,4.243319433372942,4.842463737414519,4.581414591707853,5.279556576858404,3.9263355805842135,4.954185142988759,4.228264823424185,5.347484627930282,4.790312327804376,4.107520895619128,4.982374174092745,3.6888524018201627,4.878829722608361
KC161872,6.212744552241927,4.748513982549598,4.259083021615185,6.060189928368274,5.181785504001033,5.677547524870721,5.515480719331392,4.457719132119975,3.881496392508917,4.81282315782883,4.760102834414037,5.362049504221295,4.5784817903408745,5.323504120991815,5.235726254039969,4.787798652627706,5.819156636065138,4.86115743091149,4.508601104005968,5.55078948096483,4.6597154721869645,5.211886229166517,4.482450451359851,5.464367985857282,5.587791807179514,5.361731906285904,5.030243505979721,5.5178961639154105,5.396703653523339,5.260465566258492,4.806734355903808,4.837288672798597,5.310514569662306,5.214965469129506,5.6750146367428815,4.061516506179976,0.0,5.474926368702223,5.431174543385454,3.708042066629928,5.5187298268414935,4.679324034658594,5.483390609977274,5.243879419901067,5.572699167463884,5.204058290012725,3.753497004517833,4.567146401531909,6.047229347297882,5.8402648385997065,5.170140522648823,5.104775910635622,5.808754671038253,4.200044301881425,4.076511774314243,5.739100013982234,5.288322558846204,4.488889828535312,5.787505115863243,5.188960460833355,5.901971776462584,4.754431956899856,6.175583547268529,4.595555896277113,4.957905202676544,4.603476927825648,5.669021435203259,4.4402572353056335,5.377201447801217,4.634329853753683,5.717833349384996,4.454284873648763,5.115752599057113,4.874875090701173,3.668839660746234,4.7559427899438145,4.972383753116638,5.565248620523628,4.613402173757426,5.83521391045936,4.994749028266277,4.900348830545152,6.605990106793689,6.634477592595443,4.8911632325142325,5.60006052486042,4.182365008397242,4.919508088344115,5.039754622106095,4.640483692681981,6.173894382285734,4.492118008369635,4.506920333051083,4.271736162958786,4.409842739007271,6.110336665336447,5.398194456866517,3.7945943401212694,5.067221925435544,5.018268322450103,3.6230515970785864,4.138699667599026,4.107955607671613,5.173296888466465,5.733426136778419,4.004533497692429,6.194157692813608,4.375639148216311,4.737473814127275,5.294245173317092,4.960465240414421,4.218420876693082,5.5719633466510405,4.1455357212597495,4.452353543933118,5.194780789389455,4.946787514448675,5.055220470913892,4.943343270883027,6.972453911425713,4.68304872797381,4.682370011206177,4.0888630185038135,5.8138711011492985,5.718675797749442,5.573359997452659,5.768898087779736,6.290759372806165,4.699409295845273,4.441576399951591,4.7914240257915415,5.347643125120982,4.865451256781033,5.765112334467892,5.099788363344463,5.409222620164182,5.457693953910802,4.9690191119521065,5.9779947346214515,5.198653282398429,5.505106967474142,5.2170392601253015,4.810630456278755,5.310775962550474,6.317346950674851,5.693819555983992,4.075496492102275,5.880842148436493,5.18893645162021,4.89458554312419
YF907288,3.7050022511303315,4.347060696360752,4.862321590834711,4.727642073827304,3.7740286138055548,4.070381176832561,4.162084676346287,4.694092352364867,4.326690904643889,3.363247107461177,4.768459999073843,3.938467257646819,5.047575872901584,4.514970404301763,4.1720407855026895,4.4950510515703135,5.137052088737655,4.054231727757762,3.9402996852986973,4.618504021261603,4.967929528498576,3.8720235100978555,4.465593356229257,3.647285400591678,5.0012005103921,4.156628538198009,4.586618293736217,3.6491596320150657,4.6367132152518655,5.115345729408209,4.534499379708039,4.325933225498448,4.296333050269131,4.423312677739248,3.6531413824713503,3.909673704837213,5.474926368702224,0.0,3.958818391951047,4.783780542498665,4.101027016201288,3.8948503696437005,3.391708325092755,4.133373970048649,5.123963216538395,3.8005343893501253,4.015993451710433,3.8919638483944023,4.295328635236914,3.9980832478714525,4.89478544121741,4.288749121866463,3.748988050247151,4.92148106741571,4.488158067031071,4.053090908286373,4.119364159180666,3.83379537776611,5.261437194942169,4.6093865979950595,4.347261642017733,4.207051646887939,4.6173644642998815,3.77735356515171,3.8299853213201964,4.106426690593752,4.244953783248205,4.724751877245859,3.5536938670498093,4.138699730242566,4.2402609506849025,5.072975550405832,4.567668927485444,4.462459082564167,4.146445040375711,3.9253168397751357,4.363923038753433,4.171620099133587,3.7001877368342115,4.830694954082423,3.703419688200428,4.859708334093862,5.047977895082079,4.238266184614022,3.5459455526286927,4.672478322756203,3.9424568492951,4.264327579782024,3.9956192436872633,3.8794242707539213,4.773815365241365,3.501059728062751,3.659554888246243,4.701173096791403,4.338137190904731,5.083526879540325,4.609204692179643,4.457370972419789,3.6087804430786314,4.121961222905268,4.51356437751161,4.832587289334845,5.016963527581229,4.343452299123287,4.336165151987248,4.697331058451876,4.006770910313569,4.051949915132396,5.537279758011566,4.67718292311712,4.199043882776563,4.263594271631643,4.802674964763763,4.856684552712562,4.462773050111988,3.9242922492438486,3.879096002634527,4.423415044398809,4.201162860332846,5.048640921342833,4.36506275846984,4.250080313654649,4.3842970688404765,5.027656712492959,3.5958519408467082,5.0145740756733055,4.363153528630713,5.293853362852255,5.026219548751626,5.252313707252483,3.838978968032582,4.604289939288685,3.504857975302186,4.459583278360033,3.9013996806101887,4.136570828817276,3.60744138771264,4.039092624567421,4.699886745667062,4.9171828878989725,4.990022101408669,3.6834143102876156,4.727306969798736,4.305059105136924,4.999052909630706,4.748281850239378,4.7420916337162335,4.273948215789992,4.480554589342402,5.648268339607179
IQ381974,5.087343946046575,4.806308405482901,5.240692842679264,4.893177383856232,4.50770722390224,5.098351384267339,5.308417151816985,4.474340767290436,4.548841188315619,3.967342235811063,4.896775232143213,4.4162696055484405,4.555848678002237,3.806560095218728,5.112221811102538,4.7916991128381925,5.078845450902202,3.8749407799336013,4.00114446171287,4.321155116446654,5.484464713687978,3.9408004400546246,3.940127880867011,4.253366571058944,5.925762642746296,4.430605909795218,4.8057673419977665,3.8198481112971456,4.457869004020135,4.4417824455135975,4.386065484130431,4.658189069675985,4.776772989144202,4.488607873447521,4.932604079206017,4.48052348001863,5.431174543385454,3.958818391951047,0.0,4.412351154162521,3.8799422741403937,4.502759687260176,3.058678512911591,4.6497372164684965,4.143128492739186,4.828582243313485,4.3105093980295575,4.943459681740536,3.7212921189902652,4.128765619980111,5.1385212430344085,4.179337452375656,4.1222673955877625,4.711737450921568,5.5782574166557515,5.1322325155440724,3.9353488705357846,4.671943959748691,4.44063717169758,5.488718564505067,4.899743785621688,4.31040972633346,5.2937517453522185,4.430145480291361,4.696906148941599,4.135987525682201,3.293698322132341,4.143511123009424,4.69784292796912,3.3762114433986765,3.9920626710620755,4.643898584301176,4.570358163146948,4.749195284380205,5.077148307895396,4.144839876274054,5.544152362017731,3.290857461099854,4.901420730673713,4.226721966821156,4.1342801278572425,4.947923588515443,5.476788472804032,4.709478585672692,4.298027065734242,3.7522715018220163,3.8628980656028387,5.23634502451155,4.408765385632111,4.651205773368856,4.014777552301046,3.898161485250584,4.663123709908792,4.433012741621415,4.8457992919436,5.975962271993469,4.068489726813182,4.6198711298141975,3.6947172775767583,3.9122684144020683,5.028507016843048,5.062106099634875,5.081877619255608,4.5704825368973045,4.625000839053466,5.0277822114708,4.259479540239912,4.129455494265961,5.525747363968996,4.866150982045263,4.188010086614318,4.842554021287253,3.647152109473841,5.835847464883981,4.714368520611182,4.467732942554275,4.324458424459482,4.623350055265825,4.237352616460259,5.311022819696937,4.982890335398053,4.81455111464105,4.250234889411725,4.165627172764976,3.5791222801084697,4.409719986128713,4.505590882022537,5.011714390355278,5.022345500354011,5.0698647549740326,4.7800803886872885,5.133131506776032,4.181746743897346,4.305634715256133,4.294058032105333,3.987876319410698,4.417618405035724,4.821664217409858,3.818971868194463,5.006540286777898,5.222276186481352,4.221485998959368,4.694657681568657,4.712890052610249,5.427667036901072,5.025314200244576,4.086367530780474,4.440466919842088,3.58685666445854,6.112348486223816
ID704706,5.504076040232981,4.737376275520036,4.0757498837695065,5.225800951588159,4.040482469893725,4.49899161973547,5.224085006266572,3.9017603602979674,4.387770559920094,3.899235002741576,4.277184757936668,4.555055153006486,3.9537636303714754,4.128417841716672,4.302304876215065,3.8319309484362867,4.689529934419408,4.196203618658543,3.5616654527851006,5.044247452743259,4.948868202445049,3.993419608644802,3.8737399069313154,3.546122260893163,4.990082120781328,4.901872584315666,4.615084704638919,4.040143050219034,4.115410506030975,4.856389749149563,3.839468291526425,4.2549295905977464,4.848930598234881,4.786998283124636,4.883232182241732,3.27896547030394,3.708042066629928,4.783780542498665,4.412351154162521,0.0,4.428550582247884,4.0921985359928525,4.078075234440659,4.656162741173264,4.670051455040584,4.098305857655886,4.3947248524696825,4.468136088697098,4.1548384610380085,4.244520683716174,4.109145265650751,4.520446494294951,5.2159702284219875,3.8158473188654685,4.294695725837908,5.039838404092834,4.7066898501136345,4.392140851817552,4.551254418569351,5.062091396077258,5.4299374279218044,4.307296660663013,4.961307061581817,4.292830626300053,4.235565937419119,4.924074146386413,4.553476197075212,3.623823474304054,4.943919547456651,4.024112581784463,3.9162437207902436,4.741131294997009,4.554792367603581,4.634012323159178,4.474238013484237,4.725022351055123,5.415588232096587,4.369853881778426,5.089490243271883,5.068351148161353,3.9829215736254224,4.51368957120891,5.302689415049838,5.141555624284821,4.140709405857972,4.592135033499676,4.115316991833373,4.50753025184558,4.16701644759319,4.015110366212349,4.978099362039756,4.0729890320355535,4.986607797288623,3.5796785602283214,3.909369644128326,5.261108493228295,4.117246769690185,4.9309510365869365,4.196049643934258,4.397752193047925,3.8141505653621355,4.056864988127877,4.608289233948979,3.92497379389258,3.7914964614059974,3.6067693950280497,4.452891340611311,4.175470418273647,4.31706001131519,4.439540580756567,4.045820435936475,4.212171260540469,4.470578230926614,4.035126065253979,4.08051339235943,3.491498262284232,4.133454449844598,4.580624645761075,4.467039263522586,5.618847625190036,4.063345438684792,4.022826822969902,4.1948583011484395,4.46712817052269,4.013020989507934,4.485170408246984,4.343804284452834,5.068658323764544,4.250186765604962,4.567607366974813,3.929294462922503,4.318973676782666,4.947218157439579,4.185336956747567,4.370940932876527,3.4650020510312856,4.898617714864074,5.008034016199486,4.479614356405696,4.086064250531478,4.911078238783195,4.023184911416967,4.733593618366162,3.804738638067707,5.179047119364401,4.512033612023997,3.6083548685385605,4.524151633499511,3.9299846269040666,5.408212941498257
YK951326,4.643142368702632,5.6310803302689205,5.0338015788543,4.6385871350042285,4.46404190302556,4.924956427494315,5.424938893780734,4.094380690940258,3.9297192536572454,4.302743850257365,4.84077011337974,3.572945988989495,4.726241139411174,4.478657669254163,4.65174004240768,4.896524760217414,5.043588636010823,4.455351311992218,4.390666785627153,3.767247575339828,5.037026234294256,4.139001094447204,3.957990191332687,4.455916041698233,5.418194944300378,4.7056745922778775,4.858094973550384,4.090495549744471,5.074030494493287,5.739636974500114,4.714855307729143,4.104413075095469,3.3805654796392477,4.199429232120402,4.417131689357487,4.3521041279408825,5.5187298268414935,4.101027016201288,3.8799422741403937,4.428550582247884,0.0,4.340540016996968,3.8493525479963893,4.575466397716373,4.964033446219371,4.761100909865097,4.67482569291596,5.092939768743549,3.9233935759975282,4.482538379948398,4.455961473989545,3.5960923788291352,5.00178392409962,5.378586589448928,5.973537323711453,5.278674838903022,3.983491473227787,3.879055749077112,4.20401006023655,5.6469472692457625,4.684439864794799,4.874587050280295,4.7504854514213255,4.3737567234095645,4.181725703956873,5.202144963826749,4.148755881807276,5.147285236914382,4.823687607825799,3.44856538111472,3.6558547929542113,5.234243739364584,3.7372427920239146,4.1203878934881,4.871703413830533,4.201618536285868,5.293256048501945,3.5296168121775167,3.832759171355522,4.083520593366626,4.5021400172315165,5.837401501749512,4.572428804489962,4.125054149949533,3.639531628439519,5.026952696995985,3.6068182897207794,4.573551870369671,5.234117997909783,4.208563861273683,4.640072585052222,4.790401352048128,4.693389714755573,4.064716035952304,4.982961423848966,4.798626211541891,4.273674421104951,5.019987966033082,3.830714488587216,4.008845257496143,4.8104762959603375,5.097699851025587,5.872008279651366,4.44112766142114,4.3893844309365955,5.140882920125129,4.536631995200945,4.556057908994986,5.445130515195083,4.400430341203124,4.563236346709413,5.356799203978937,3.9419434778640485,5.284490700385842,4.584034918253323,4.161025205269824,4.005488042056128,4.043216895089388,4.213013642990045,4.554632808754057,3.758197073368376,5.274501963266587,4.819426646938048,4.882002529817377,3.5811971235158406,3.5447279045856934,4.166895503741587,4.867275105210869,5.668986231583049,5.846455338609925,4.94556073590532,3.8254930486476244,4.892827597616913,3.991397915398184,4.707707921723535,3.186491843842969,4.6264085254874985,5.160669249545544,4.549675771072595,4.444457907633484,4.0637270289421,4.7053897133841325,5.008287915139583,4.778551118507644,4.621372869427232,3.875835246125151,4.100656471251845,4.268176745951962,3.958863737299967,7.007662372708801
CF622663,4.674646157255236,4.971999442044422,3.9819883843394708,5.41943075590299,4.330346977119719,4.776914975086479,4.960756347584882,4.0031322014602155,4.413521950690626,3.9295207273393364,4.911585521549758,4.433752702218794,4.807803682037684,4.031953229876323,4.754261518549899,4.2997182784451695,4.287448160795637,3.8554334293888273,3.3608385198421,4.301075489600774,4.360211058050775,3.2600819893316646,4.6119204989529825,4.2361646012335425,4.630076297396543,3.2829657264087935,5.061882860304801,4.729401788849065,3.9257788016002673,5.483382357437626,3.363551137788089,4.149555640718971,4.959615627345209,4.173039769900293,5.243461604198879,3.3825483759203845,4.679324034658594,3.8948503696437005,4.502759687260176,4.0921985359928525,4.340540016996968,0.0,3.9816504268613575,5.041314422182757,4.473230405473797,4.065350955841218,4.314947265717751,4.425800279974609,5.035018767794662,3.448964163158578,4.59124772784676,4.91632816342284,4.938307127545724,5.129442150874547,4.3775464835946165,4.829847404880258,4.025883722375724,3.498639764854351,4.472424347219278,5.435654677994616,5.622325638147979,4.626717006333099,5.196997591864102,4.18593263817359,4.608631384776696,4.214321970883768,4.931547777574168,4.342749991964566,4.7118335978372325,4.839671957832385,4.966021781829829,4.498241901683738,3.9492206735307707,5.051969121144905,4.773805436323671,4.02116800660876,4.548145245084092,4.4736096880967695,4.740590716215724,5.4534001914830625,3.670093446771677,4.854556936541183,5.658191035264355,4.816359851210806,3.8293337800781035,4.589599956758832,3.9582030513896993,3.7022550257853517,3.7488520391354014,3.2715052618762948,4.6709696569980705,3.2220312166321157,3.847231863916943,3.741216293235042,4.094496032260021,5.611277812258088,4.531154209139218,5.093075850594644,4.122278061586773,4.812152221177952,3.881479998190725,4.172967630015086,3.867443918991923,4.094307787524402,4.305679091196056,5.106148178166927,4.739175001743868,3.3718421950039184,4.279772034439789,3.8558586593817963,4.8375852635831755,4.218003169769074,4.278037671118731,4.231547726999777,4.136887915011585,4.172101242273113,3.637867647087148,3.821301126060995,4.888182473694388,5.212586473821855,4.396884953200305,3.6768283843713836,4.489639933556566,4.1926879540971385,4.182472357752812,3.4659273033662212,4.661997549517795,5.408433000027695,4.354034574462845,5.0447696845204355,3.980984874465682,4.955623167047719,4.800344696672911,4.326468810317528,4.005749430801883,4.385380175591864,4.124368557560289,4.810820773342408,4.792552544240399,4.216081258547957,4.8661704792911005,4.478179968834643,4.597443614643349,4.337757691088039,5.552022764161852,4.588067215080375,4.084669273226868,4.031747188140015,3.3276455213746052,5.684140583428946
WE759046,4.302130075092449,4.250866286089504,4.353150750311,4.1838401070021565,4.495733612488792,4.087653164988797,4.788764771958535,4.171711229964057,4.667557500332853,3.0794461446975103,4.36050254532392,4.502831683657367,4.543701475653175,4.065618617623183,4.2866828036526154,4.72546107269315,5.186536903204617,3.823217572168809,3.8694654904560344,4.010263087651039,4.536759838813059,3.543273951014663,3.9754375918845977,3.562200741049454,5.349930942735185,4.099727211810717,4.093850914771457,2.63519881734242,4.058399342160514,4.645178740020151,3.929253782351548,4.716463941270604,4.896610281616538,4.154468636420438,4.0916979448211785,4.105912042579843,5.483390609977273,3.391708325092755,3.058678512911591,4.078075234440659,3.8493525479963893,3.9816504268613575,0.0,3.99645610081741,4.71960170429101,4.335884410309829,4.297603758873803,4.267338896349306,3.983446529589956,3.966564174683149,4.0623533171108805,3.8904900796898185,4.06235905191461,4.587086494444591,4.811679317145401,5.201999070173085,4.0490629395950855,3.997316242181579,4.722985132790163,5.03146474933465,4.046931033324018,3.925939146369855,4.289466214835075,3.882212235002316,4.473547513964682,3.1296706851250575,4.0177615342372395,4.012989758487233,3.32656088896472,3.608034638170981,4.363230728851404,4.766514450405227,4.283234483977408,4.657557130197412,4.357622985167209,3.43178249339193,4.6288033612723245,4.277933551227441,4.193410295050744,4.305931622184221,4.158586309938869,4.23798559565343,5.290432697870851,4.572113596790895,3.3791408616441583,3.827940225937468,3.575192525750953,4.483040338791389,3.8192328078585436,4.187169385447516,4.963505305257712,3.7654177515839966,4.2689580282448825,4.558136269085547,4.392630339508422,5.053134717784474,4.201546338593642,4.752521675699521,3.833782214613288,3.743432253672723,4.7377923730164255,4.636644763087885,4.669322021821056,3.896850466487004,3.307322584233802,4.475909998937377,2.8703696196635846,3.983428116881724,5.033031668946782,4.724844666310925,3.515370249355554,4.332018858276568,3.9173335948398487,4.406455068853441,4.073267700716674,3.462497566887445,4.233717291153117,4.268645653688671,4.428776251540672,5.002249282698208,4.224226245459352,3.9514159965609212,4.443428668441367,4.954741281931152,3.07698963911125,4.54873464560988,3.793323895623242,5.106070398312918,4.533964094405585,4.754302961136673,4.484443650086132,4.634553356626133,4.099730017600919,3.532230283674288,3.833694071029169,3.286342015218469,4.273641417700741,4.331336980614885,3.7861118808825434,4.705732950680416,5.434281549284997,3.6124384682202373,4.424300993436973,4.3798067155385825,5.016200812206089,4.7246474619981536,4.4584013536411815,4.193780283140843,4.042034835742405,5.579942201618363
DC741383,4.52402911370379,4.142860198389134,3.7032651620528774,5.692932779283424,4.641518899600861,4.6837432288495915,4.375113733626557,4.684925055071958,4.600661760829308,4.492320902728265,4.02155108544272,5.372297689293374,3.979499156781519,4.595026883857407,3.4568888971662646,5.419288501874463,4.618205923725758,5.615159632314742,5.137131678874838,4.778970543092966,4.6604185867849335,5.060967554064483,4.508311076441259,4.044274796721626,4.787775419743152,5.008925954221349,2.7859880454575325,4.056457880856723,4.938801733244681,4.763114121051874,3.991785118851705,5.717567534768655,4.564260353138638,4.278707516166357,3.5022305803565654,5.095362223374713,5.243879419901067,4.133373970048649,4.6497372164684965,4.656162741173264,4.575466397716373,5.041314422182757,3.99645610081741,0.0,5.3153931690748975,4.678521760532196,4.469375714943325,4.1053558017383445,4.1409753774045095,5.231246727397322,4.147020348380385,5.57556688080435,3.5384036602631803,5.334187558133549,5.281758505594076,4.8431501701932405,5.162274100514476,4.232998873006981,5.599586289819494,5.154477785306602,3.4362593100916428,5.52728406324859,5.009937840544857,4.627819900808997,3.9302238958062246,4.552815911358231,5.1033318892501445,4.895322232695722,3.4581152636710693,5.042576688075962,4.531045948538262,4.210554618937216,4.583068204331836,5.260509259753651,4.3453445688486045,3.736481655512518,4.660737192303107,5.018009071415275,4.502059875913778,4.980525178794339,4.37670730262584,4.593624821955756,5.222892437786469,4.62787270668838,4.832259567974697,4.429929928439958,4.837424347365548,4.092827758693249,3.7323083522312843,4.787884939020507,5.39474611449411,4.006624314474008,4.552773327191675,4.3308185128644965,4.469929216681557,4.726592028884513,4.024763578343502,4.147721797251928,4.75681481683518,4.207564956081142,4.887712906966654,4.865348984837927,5.138395560766285,4.827429678972227,4.645972339289199,5.669947936205023,3.4134221365755666,5.419696954485735,4.867963607406456,4.763061692911042,4.56864954561625,4.042485467766454,4.7630695750698,4.575718365980631,4.746928871993051,4.029661687309608,4.419699666746396,4.336652420934987,5.3107957383656785,4.992231082310012,4.145375761604599,4.32394685669501,3.992081362629622,5.659054361857471,4.462486317512886,4.8841007577929645,4.251943076374586,5.570898049110498,4.857650972136534,4.826919128635935,4.262493240129804,5.4610399969476155,4.955238855164844,3.870684659774912,4.742219159675268,3.939088724401039,4.153187873868754,5.09353926799609,5.193185785753255,4.557176727674054,4.438924014472888,4.013564931131311,4.584559180576639,5.0875602220937,4.842048539777333,5.227272150339817,4.477567994084033,4.950796755367981,5.294082481525763,6.539406029747526
EF295835,5.7240468038898875,4.871844886262154,4.63892715243289,5.613742687760815,4.564859436702271,5.0539160558101885,6.224906467775689,4.457346410197453,5.356517256509108,5.188314414578296,5.30261983969028,5.248507910125007,5.484873708685439,4.612123749638153,5.8961243185300924,4.121326287905958,3.7479920810146945,4.219099344028913,4.825823923989927,3.728125400377845,5.620759768231033,4.586740877142123,5.322347823276374,4.617130750785964,5.485255381277015,4.588578910731573,5.039090147673054,4.690967362182311,4.680375324507186,5.8892763209962755,3.609665691242248,5.053010084862413,4.800975010090645,4.4537817584189705,5.912023963777809,4.848332055864954,5.572699167463884,5.123963216538395,4.143128492739186,4.670051455040584,4.964033446219371,4.473230405473797,4.71960170429101,5.3153931690748975,0.0,4.60779452618083,4.679012395749714,5.353004474532208,4.6297938890298616,4.370498148362715,4.719568388503204,5.872261909852956,4.04961407811143,5.6558929885280325,5.639697799154575,4.618021690126734,3.926310337334584,5.324862366131378,3.6236599367143545,6.228079394044598,6.236932138879051,5.1476183957625725,5.1102615350155025,4.66924125480083,5.089005027452924,5.1242933199857035,3.7413444915243335,4.761607637738607,5.105611630506271,4.989657003817225,3.9738791998873424,4.962295022820654,4.448940814851143,5.74029619386151,5.594444659952743,4.759540735710689,6.108531172721693,4.544820117865296,5.566729874723157,5.866466924821474,3.8094741050673626,5.693693947053631,5.3953084765871155,4.549839384738655,5.428840888184836,4.344699401016846,5.09529492734169,5.6001229783773665,4.910533897312666,4.849955379895505,4.117802173707048,4.508252537295668,5.816583160907687,4.158454149681925,4.571095009277247,7.046128634395381,4.740951989706973,5.639420017369829,4.876971976174795,4.5146160851744055,5.044989834900958,5.4750541740773535,4.836802497286723,3.7730375031131875,5.262698221256704,5.706771076443364,5.135822161472885,4.046448292852597,4.904239799224375,4.017039227859433,5.355362254634808,4.69861032665194,4.174985943434253,5.828857025515708,5.981377256081027,5.426365638094927,4.165015830250817,4.772702649866219,5.509000141417826,5.353572489973763,6.078193217196768,5.850202817331232,4.81695373723138,3.668509334674835,4.678254438543549,4.173178622565877,4.112901692708728,6.163482924697259,4.319942742769069,6.032349263500154,4.717864556736419,5.26253688711179,4.7205276121153394,4.653728586360942,4.461847731616645,4.6120756516036705,4.300326781620727,5.902305865993294,4.276152161111939,4.652328186840255,4.899907211766349,5.00909580680267,4.812652507183388,4.410802525256808,5.481130494170189,5.073686628088576,4.244261444685504,4.12857528542274,3.991667496801907,7.3049756207776655
GN704275,4.901458704363063,3.6562895490891147,4.953227683125094,5.959724886657986,3.8960764846289093,4.320278186187639,5.498992934583612,4.092621357132461,3.915851821355371,3.877187464220329,5.128015958581137,3.612780421492852,5.131235308654532,4.87866353045961,4.6848146886346,4.4086573679122765,4.570624440594731,4.384890578143989,3.6651596890107103,5.025836024535537,4.764025377930161,3.958954158243861,4.212254131207338,3.2173365902182227,5.05013513978216,3.3377063756826457,5.2772231613526825,4.270339664770552,4.980613405087401,5.926423129214419,4.41370539488641,3.711481871897463,4.37982348291603,4.4344719400237445,4.8543504677101845,3.9295178825006913,5.204058290012725,3.8005343893501253,4.828582243313485,4.098305857655886,4.761100909865097,4.065350955841218,4.335884410309829,4.678521760532196,4.60779452618083,0.0,5.2006330417256645,3.9209941062834117,4.23615137326446,4.637387552132789,4.918633515650843,5.423584351221134,4.966454697021475,5.421446908298,4.464468813597063,3.9564865615350375,4.0599590922773015,4.540432126021494,4.775176226878725,5.560033380333969,5.239933780266164,5.439475090714821,5.432458360345217,4.475413434935256,4.196540649308535,5.319381584293212,5.200403694533625,4.651130211373887,4.704553588810044,4.728895169815681,4.5136909978196575,4.8510215673118315,4.547750251642172,5.26882325218014,4.918790111446856,4.8191458646144225,5.182407260524665,4.632030783527109,4.86105055273743,5.872607707359763,4.253949999682172,5.1883516833587455,4.941374213569191,5.072298894158501,4.390023730790609,5.175910373943183,4.259779804649476,5.3626939120072326,3.8940766138010625,3.549621208096057,4.295462543798744,4.51706331295149,4.1735399186594195,4.577106987305994,4.483404481322028,6.363993600615856,4.1712988584996795,4.629279800930202,3.8152850161338363,4.3646355203135565,4.293137936990402,4.940044593495911,4.703169373553773,3.7010875234930856,4.4907384195780295,5.179589004142859,4.650308378479536,4.3239906660800465,4.387433444570413,4.579224928324068,4.465101073577284,3.8011288992485257,5.400522315806622,4.813963211433971,4.418572896033006,4.014521978314625,4.119059077088021,4.25029126306694,4.797354340835178,5.431387402578584,5.463860399313982,4.332927713003589,4.5944379617965305,4.930046692535317,4.676493449428854,4.710068092023973,4.326720315926187,6.127294657864505,4.918626831807543,5.9234387848067165,3.8342705277701716,4.73371599306557,3.8741204851304483,4.305563262381425,4.9112774789760225,4.309273196145124,3.6065318224183125,4.743813733477191,5.478544140479481,5.1090927775647135,5.25631646463234,4.9460368440122355,4.5751079331872715,4.865616077358492,5.474367275117134,4.930449622577569,4.084341033256421,4.375527660528913,4.463545663450312,6.586866571931563
KY124041,5.438471313033846,3.9619603465141355,3.752455231225942,4.832990700742219,4.487745296691077,5.265186651278241,4.9281137048496495,4.37259195518358,4.355285181164064,4.129316314909238,4.195282868131265,5.088485837757783,4.885842953736256,4.571152482371492,4.685528384333908,4.037242437260793,5.420428463886239,4.084035835507342,4.3611823118830735,4.695071589075818,4.582414389782599,4.7841563790005575,4.276185388099472,5.321815394006378,5.294551572938902,5.400258066175967,4.035938181751392,4.1232257344434275,5.075634093950066,4.640983426994802,4.44307915492272,4.8603783757036165,4.7953601152256455,4.780512616333707,5.018163695758961,4.369969145717559,3.753497004517833,4.015993451710433,4.3105093980295575,4.3947248524696825,4.67482569291596,4.314947265717751,4.297603758873803,4.469375714943325,4.679012395749714,5.2006330417256645,0.0,5.167056479948324,5.42957357815866,4.647273938679507,4.417244613351784,4.8719514701274464,4.461530509002189,4.247529458227161,4.528732677360135,5.136613959317132,4.564705265969786,4.384948879673627,5.470131587118665,4.616156483948836,5.14109314994076,3.6997807993844334,4.7565089736442605,3.8791008588783713,4.226094305950249,3.881139043089083,3.8792375368482723,4.042809771399059,4.454218115185649,4.449580850823066,4.778165798424756,4.426834216987678,4.334749839855965,4.466389973912422,3.9544401140234298,4.199161714829655,5.2575287629212175,4.690337009891498,4.160351582294838,5.134883107460775,4.158796622359464,4.226562001849404,6.447336309334483,5.777231302193799,4.646318594095984,4.7105007061901745,3.9681860349760427,4.094395966938001,4.61423808443128,4.855149931499956,5.797081775038214,3.0779862114313286,4.438790857766656,3.9581710898102878,3.9836134210018987,5.533334157922356,4.814171326777251,3.7232217261120177,4.7538866413587435,4.167038493906113,3.830497642567592,3.9388435402617024,4.067173162525697,4.792868816334764,5.500638054687099,4.3310239737296685,4.875928607703301,3.605390348879438,5.095866929590666,4.366153006792894,3.9760965758311695,4.797569189115173,4.115527965648177,4.604308108672787,4.115593668256793,4.8871424291899945,4.0911996175240475,4.86605113341425,4.67706574283435,5.990963654332402,4.337979225599591,4.856862611757876,4.3845435840493785,4.950890092318827,4.494384335852315,5.142665581384461,4.617293524748657,5.673088034059406,4.116420224571113,4.385479346587943,4.588205346559384,5.108146262500438,4.09126182083036,5.35919228274795,4.231082775186458,4.435968190414765,4.504892628032207,4.872112801977738,4.453432348808382,4.710170055929576,5.133492558836669,4.308902747766132,4.322187153455329,4.209633040556968,5.453043201280887,5.612612266472711,4.679662433428276,5.130662530416054,4.683798281536412,4.820684822260843
RE294338,3.820538775643265,4.532287767306097,4.298071157028777,5.434295517320359,4.622913363041425,3.2394683348090814,4.506013570159902,4.424091331616516,3.63201538123259,4.554942930702067,4.555424296773164,4.432429178926362,4.998562721460678,4.960837383530268,4.09316982838869,4.435686413692798,4.347044389749849,4.744534637292158,4.272747976977575,4.459852598257921,3.888062379266852,3.9273658043214383,4.618703767827796,3.205737128029494,4.067749346938662,3.924418743112569,4.314829984929458,4.713760186023971,5.1111766813554995,5.842175956904082,4.819366395853411,4.541055606063663,4.374167742559581,4.325204593720154,3.7772541049139146,4.228899275521705,4.567146401531909,3.8919638483944023,4.943459681740536,4.468136088697098,5.092939768743549,4.425800279974609,4.267338896349306,4.1053558017383445,5.353004474532208,3.9209941062834117,5.167056479948324,0.0,4.822966133218457,5.192516729910041,4.567729371345836,5.261063406781229,4.501918789914219,4.6474363076523355,3.335317814640522,5.223607912219058,4.835314587503765,4.355224183609733,5.124308207137827,4.8016087533909335,4.580760104298599,4.864819779716939,4.8651428686392695,4.208220754640427,4.885147060640599,4.548471553965016,5.215921285486921,4.694124477086853,3.54032861092253,4.303198452328887,5.1861573535186505,4.080795033566152,4.458864763304809,4.783061331534995,4.369914796322115,3.6605823811085303,3.2567327833241113,5.117041053704844,3.865882187484147,4.683215002981973,4.302566905051241,4.495267899341359,4.670356075992814,5.068900128413727,4.453140808151727,5.12099601019227,4.3981666343405,5.0818306465949385,3.7378572758746564,4.142725853051725,5.067266311723484,4.970037788109211,3.3663136921432626,4.828878566295107,4.245366848082622,5.656031463283627,5.235781102119697,4.332345820719213,4.485505337831006,4.343535530640337,4.010011222632145,4.895117581960861,5.045466577007143,4.140281912687533,4.13678866590854,4.301882723928986,4.687488650742628,4.495761040961834,4.860899796616913,5.384029092535399,5.131675751071374,2.791736043430814,5.8640045231289575,3.7624676711562106,4.878843381445122,3.9439528310858645,4.926984995654437,4.694857792361538,4.4348512004971745,4.901212540060261,5.093492494491672,3.373025850316086,4.4333052184863355,5.731551480757914,4.629218634432964,5.2722963159343355,4.535511442347885,5.086635961510661,5.4662158046380895,4.978137786209577,4.471818416893176,4.0263078588134995,4.217431719111282,4.515575522824037,4.410054301259383,4.67876716514308,4.0640145354022685,3.2634091983080293,5.541688050277261,4.8633791400736435,4.479375937980918,4.178967873520822,4.307186002048922,4.493573562507433,4.927384614814016,4.515342619363078,4.563140974944456,4.780187218759235,4.653959823917475,6.005024276871992
KG679473,4.978255364256527,5.021382052379104,5.241304275880266,5.984366763919714,4.729385437757597,4.8516168752030975,5.120980890274628,4.488599108187787,5.044054669443551,4.738977163163492,4.286349521701673,5.1370836799672475,3.9430723169049613,4.473045404281277,4.6282608286124045,5.09339236057539,4.1340092650116045,4.561380016565819,4.427951219717873,5.099286151825154,5.7890446887413445,4.553614057331027,5.082485435800357,4.150702582336249,5.472653569247028,4.655550536231517,4.553030194398272,4.3954121810145725,3.92330001956247,4.319263324670917,4.912963056387728,5.124942017086712,4.1280969543861445,5.151104032779233,4.062480755036387,4.632234642530563,6.047229347297882,4.295328635236914,3.7212921189902652,4.1548384610380085,3.9233935759975282,5.035018767794662,3.983446529589956,4.1409753774045095,4.6297938890298616,4.23615137326446,5.42957357815866,4.822966133218457,0.0,4.362648581670557,4.50019466260595,4.993910363540426,3.7497354209093983,5.3155454522553,5.881974724709853,4.7392120400499715,4.616481249440334,4.965029497733927,4.164572110492459,5.783120189817356,5.276213160667143,5.747390127718929,5.325031366381886,5.007067141267281,3.998699373906151,5.26861780692465,4.291594356523585,4.968990735646018,4.273355225119238,4.01149016562409,3.943897279730518,5.08150122181138,4.6849625216885,5.204745624947084,4.982191255582303,4.646633790460917,5.815373049662168,3.683137756986064,5.426171378242049,4.104512768757453,4.327396394282968,5.284792923032904,3.973489155832553,3.443232529390393,4.204644997028605,4.241312182132058,5.10743778953489,4.746118684407678,4.081716401095332,4.661167230639741,4.031565096988355,4.5983566376524925,5.192304542597122,4.313585779721039,4.888525358837137,5.407330722756626,2.8950101878692838,5.372147913213208,4.311499920646648,4.334341987366805,5.18355883363973,5.17414176285845,6.078658197256618,4.034448595221343,3.81027279908617,5.223462068025292,4.120490419748144,5.378163612147694,4.774549034712605,3.9525097879260365,4.673381706802977,4.278689009963181,4.457461808768941,5.523032714957182,4.915076078075965,4.180161522863992,3.971951429375609,4.630277730618061,4.6432994865857244,4.968149880033982,4.576167293895658,4.705946237049512,4.911263067479058,4.333473058205957,3.7240779027722732,4.282841554148841,3.9419692624427345,5.396684176625059,4.926712010491637,5.698440443438503,4.374847817789327,5.244756534719391,5.070908028954366,3.375187789332004,4.283439141857631,3.6580702467682302,4.223976363264555,5.66719095678797,4.628595724485857,4.343222579698308,4.603621986216656,4.163109197168648,5.385946806895022,4.765753968934071,4.444257193688224,4.611313198693042,3.9078268477760374,4.25893764414671,4.640863601987407,7.011416693214193
QB453383,5.17471841470293,5.300459269642831,5.2275022399722,4.812460151012228,4.086225367177029,5.01424107365384,4.511698522462744,4.369761746406711,5.491547690232406,4.208559739336165,4.9194096355147074,4.997419703384715,5.210187432626155,4.038108870391182,5.119445535208072,3.8134598078771114,4.512147075068377,4.124070671952828,4.462780254668762,4.679911929069098,5.565233670245882,3.813268876121852,4.697161249386404,4.483851813637996,5.002487101968509,4.806821634350076,5.211651129420414,3.9613307827648923,3.9858899490050526,5.067470884432821,4.2417653247766856,4.603681912358678,5.260161208276545,4.660085800750173,4.9186991957362265,3.991333105008201,5.8402648385997065,3.9980832478714525,4.128765619980111,4.244520683716174,4.482538379948398,3.448964163158578,3.966564174683149,5.231246727397322,4.370498148362715,4.637387552132789,4.647273938679507,5.192516729910042,4.362648581670557,0.0,4.558615237683521,4.554914935351778,4.7182914727665,5.23177173609126,5.5714797148099855,5.2731473292341065,4.651211445561088,4.164157937942039,4.66143862526106,5.013983640939127,6.053214934616507,4.932822798563692,4.52085053027254,4.155464932842322,4.692672947217787,4.5226983454179726,4.2651927275130745,4.011881108822909,4.284619539833929,4.824918370568932,4.302352774702975,5.197363698821015,4.743457432381654,4.516312176477428,4.976299680560141,4.494853355194711,5.428986971705694,3.8396416520373124,5.399308502416515,4.8098127690532895,3.8633099852126023,4.541935104655674,5.6180976252531885,3.886419217258521,3.974130738507395,4.927548399924404,5.085452115828695,3.95915976541467,4.669855339395643,4.587658819546778,4.576582565477175,3.7695184146358454,4.8103595887045385,3.8464496694276282,5.149311859389062,5.525651447360524,4.183120711366579,5.52750041420737,3.9061297435509985,4.953617902731849,5.331544352078962,4.399429610908269,5.586036388799941,3.485235829021194,4.0765480901560265,5.336488711956385,4.503830381206133,4.444124070325614,5.329194306814642,3.636651253923999,4.015543603339979,5.058282411180486,4.251236281662167,5.026776083869027,4.514797332413099,4.0285483315086665,3.9895644568543887,4.912684403779655,4.737156555057317,5.13811158807971,4.492215074641161,4.552710622188262,5.191027959686098,4.359262933678987,3.768073056318624,4.694573662055003,3.4681965010256226,4.406949739199633,4.381738906086422,5.355880322362549,4.010812673830237,5.0297285877691555,5.1163098707063925,4.892867846218589,3.7001063918003028,3.9024639472082487,4.814552577857529,5.026309680165284,3.864327330849412,4.318558452129086,5.431297845848856,4.045420103616061,5.194627806736358,4.091979353065562,4.882225831784603,4.983819436480778,4.77291196403175,4.357499661930109,3.0316989199065927,5.892564619387862
HM872504,4.420801817283478,4.8259611344751265,3.6328487821487006,4.243663324959238,3.7316449936191054,3.853415632223022,4.596962085277967,4.083576432171493,4.565699869258685,4.649974665562285,3.865638005445199,4.838460409817037,4.758825839989334,4.503341099201144,4.09941465951672,4.499097031632015,4.071809892200329,4.816488971338311,4.4674940299080435,3.780094094898076,3.643405816638035,4.312091364543263,4.370555274978201,4.478062910750051,4.396428015974753,5.448515848500133,4.107654387131089,3.6847210392782355,4.567159271462596,5.498641239392338,4.483313875961922,4.8250083039969995,3.7914499969282605,4.594735223366341,4.188887155540827,4.417664422815979,5.170140522648823,4.89478544121741,5.1385212430344085,4.109145265650751,4.455961473989545,4.59124772784676,4.0623533171108805,4.147020348380385,4.719568388503204,4.918633515650843,4.417244613351784,4.567729371345836,4.50019466260595,4.558615237683521,0.0,5.275213815124562,4.4615503735874995,4.93355358008207,4.680020463826195,5.809402504622805,5.00275706147674,3.9010233783167245,4.435133414604363,4.799243050477996,4.886845042065875,4.446302099563658,3.3378213691971337,4.145020046781566,4.506866980869988,4.8104597234564785,4.830773633263284,4.8641959295824995,3.8566962974751764,4.343989214919687,4.876297004036169,4.309098627737062,3.3104650716741655,4.71594637185772,4.686837248829506,4.364282408499212,4.415981885142302,4.846185817548464,4.7544558698493,4.409076472085179,4.378173071694987,4.826145073651276,4.479084409895127,4.24672876720458,4.327900240948316,5.175423994224464,4.6598271883885936,3.864227533684081,4.585440119726098,4.589368760426312,5.630457486801054,4.6280174405257055,5.073307249713808,4.1272203602632915,4.316188937417665,3.9890372915714885,4.430801362789712,4.49494989981652,4.939572016491239,4.068014457539367,5.05027975292319,4.877190869091007,4.7748254756551685,3.7517928327943477,3.64111193031893,4.127989384551843,4.186461851035971,4.518773353836914,4.837477456184096,4.168256556677316,4.241111382059209,4.7339685598766,5.104342781637603,3.1329632365367788,4.138638041545253,3.8673460596617786,4.6388981043281605,4.438694329818293,5.095862609176085,4.196641594853611,4.276563042037736,4.373849260345736,5.333690037720859,5.231256216041455,4.7094079668886595,5.126040718803879,3.0614654522706655,4.7438287533369365,4.294057336010853,5.245827009874813,4.225525197886527,4.692819912470445,5.054847793918401,4.453369220033272,3.996022731777469,3.957431504133519,5.070343805497454,4.644676170350553,4.131280192773154,4.341526049284047,4.990184196754415,4.087492603332093,4.596346876113441,3.7254230633899055,3.324099646197667,3.951848665834927,4.613690071074228,4.736914872814221,4.346492628607604,6.127740068630971
YV652720,5.463276252267976,5.795018694717615,6.035547540124279,4.113596772635297,4.7661806411349685,5.658082805855181,4.902996986966149,4.765050512980059,4.564922298785623,4.08799642913573,5.464596122176691,4.337290052814914,5.824517907197205,5.194874762912297,5.402134043995875,4.486813568229202,6.355067717256738,4.851548674717762,4.3225657285723145,4.969071234715345,5.367751203396937,4.72654961255879,4.017009629870169,5.396163152117806,6.72404207847273,5.653683921690339,5.698200675617352,4.030466811885875,5.112489452571226,5.610978208535312,5.132309932612591,4.611376897077286,5.1034869020469324,5.088456927719535,4.65852421692375,3.8111825547263565,5.104775910635622,4.288749121866463,4.179337452375656,4.520446494294951,3.5960923788291352,4.91632816342284,3.8904900796898185,5.57556688080435,5.872261909852956,5.423584351221134,4.8719514701274464,5.261063406781229,4.993910363540426,4.554914935351778,5.275213815124562,0.0,5.570965259090582,4.738233154685634,5.826542169474736,6.121531016555531,4.63368683525412,3.847269772991922,5.762774299260664,5.155838083848403,5.614902248120277,3.8061870993318254,5.181072878833303,4.091654400451209,5.388934807559321,4.240295756899371,5.024498951604394,4.456376447382247,4.90498947819934,3.6023103696949,5.078932542164219,6.121481625848634,5.40484668402436,3.2753744739846526,3.878687216155502,4.1053597759521905,4.878071110628346,4.742207821647527,4.79105865814064,4.468912546835968,4.510683802873056,5.831273713156185,5.872183079824361,5.037580379161024,3.2567946020204737,5.618533980808758,3.5403566909294315,5.110817018094415,5.83519880682933,4.427024641487716,5.772187896237774,5.095830918384408,4.725110353984213,4.7079699673364175,5.624691564005909,5.348943407271134,5.341135389064062,5.311012220921436,3.2845539565272373,4.997618589891492,5.296538497437012,4.817491473116577,5.9798919905999295,4.629407167661437,4.886538665405353,4.261271520917065,5.5648981796562795,5.057009903320029,6.335144022533337,5.376789536255496,4.413906317775523,5.552668994477436,5.189829912059842,5.603156673402105,4.3161530355892745,4.768959002945464,5.188724227704392,5.584962829012224,4.12695348062269,5.9280538956888025,4.117289639169656,5.236622995186094,5.239144591586977,6.0444903543115025,4.166858942226131,5.584114545124512,5.175673610902023,4.741830007215985,5.8022218195315425,5.338348590209594,4.926862502750192,4.226344823515083,5.0591579419148385,5.1614326094635485,4.804048651062813,4.258126282628466,5.983597469995628,4.627979539970033,4.684275376041196,5.63998739556913,6.31470926100761,4.727176345105869,5.740557491381103,5.329573501195456,5.325532670118769,5.074890627857883,4.911443643716145,5.41985604239131,4.484282992019052,5.864327443126664
PI543452,4.164433384584192,4.25405084273355,4.273770704121774,5.619491602109886,4.550380500255444,4.6569022848584,4.54888943495537,4.514388893765227,5.310684245453813,4.318242961129536,4.20378546284411,5.690088678495177,4.29694618725031,4.4534325887945965,4.541227748457512,5.097058613742473,4.361430755272017,4.506110174045678,5.048441065355693,4.63978283469734,5.455462312816937,4.902096396441569,5.180525073520911,4.6360575681425376,4.829198000323859,4.770330637942533,3.026194432482977,4.555803672218252,3.973390902223525,4.565595930501223,3.9233043627645494,6.001162337625696,4.479579001253338,4.718687287932447,4.042971338434276,5.0318567973872925,5.808754671038253,3.748988050247151,4.1222673955877625,5.2159702284219875,5.00178392409962,4.938307127545724,4.06235905191461,3.5384036602631803,4.04961407811143,4.966454697021475,4.461530509002189,4.501918789914219,3.7497354209093983,4.7182914727665,4.4615503735874995,5.570965259090582,0.0,5.445753706561725,5.233705834802871,4.392753442255182,4.213272330185224,4.7625995363598586,4.595410781704195,5.177522737005217,4.496901767344232,5.040913891780573,5.222111128672346,4.094064839725191,3.9466839129761238,3.8222824760195993,3.7945340017290485,4.978322972020253,3.3969862542584344,4.72230617043953,4.801839118998463,4.080855815701636,4.504362377794521,5.210336102853414,4.226429853496139,3.2855318925534696,4.743614469366033,4.410084994893761,5.028890548888453,4.801644823121627,3.745891823380184,4.370581017568325,4.408273489982997,3.8079651560004413,4.833128838405196,3.3107274708772954,5.204660042314841,4.5035636154162475,4.043763498738614,4.860226608545404,4.2644272922522815,4.180798897098494,4.91520193239567,4.617781046640436,4.182597305132849,5.321986638015105,3.923099077845069,4.866508298732046,4.475042127424491,3.5637307085600134,4.928813985426364,4.760989906499196,4.890029789247661,4.317015002297696,4.596916967195091,5.406541613266828,3.596778633906268,4.940534396108002,4.75382269347286,4.028425027921029,4.805996037803896,3.988098331334207,4.511325285882922,5.23113541067863,5.524883786744269,4.922239351518352,4.223131808828584,4.643335683334896,5.370825935972324,4.520943481654328,4.736046458797419,5.083928719249844,4.562579910734745,4.767851859772639,4.358568971904035,4.776458372553125,4.086000639806792,5.573983747411987,3.9170445360917956,4.87943641319761,3.817996475857961,5.757246344706915,4.535148925941991,4.013781298778536,3.7630620046026784,4.33116328618179,4.16580470742413,4.994064792501068,4.168064651603042,4.057883088420262,4.72723065950456,3.8900853754628715,4.517296826024828,4.584353748802305,4.64030286684796,5.1627954333419765,4.279245102609329,3.9264834884397897,5.079005384016361,6.690976782641326
FE471123,5.236837688462995,4.7420228972795835,4.608457145470024,5.057281769733319,5.3030634415615605,5.242124553040507,5.169140789025887,4.478217624311182,4.80107224885333,4.7912471763795335,4.084916325390666,5.02794221510263,4.959892549146523,5.231389511415933,4.53954810200778,4.50775595811556,6.088919611857072,5.541939202933671,4.302409780562105,5.606452377700315,5.122788637160903,5.341183477298645,4.341592136540496,4.703090351970852,5.398463329522855,6.078770018292506,4.882296957993309,4.27671100352527,4.8191760014487715,4.3801824683913,5.328289265631741,5.373149669893134,4.898217998274313,5.983599122909376,5.171245916969107,4.738540479440609,4.200044301881425,4.92148106741571,4.711737450921568,3.8158473188654685,5.378586589448928,5.129442150874547,4.587086494444591,5.334187558133549,5.6558929885280325,5.421446908298,4.247529458227161,4.6474363076523355,5.3155454522553,5.23177173609126,4.93355358008207,4.738233154685634,5.445753706561725,0.0,4.956154984277992,6.294357580652254,5.181345090369909,5.286335828843179,5.6814871758168906,4.100659891456628,6.01299845912871,4.43746504862228,4.490546971812764,4.873027314411276,5.0043145832970675,4.301883492878426,4.177392915671375,3.9863984839656124,4.588013937102989,4.539022495235632,5.759745206695548,4.6770670577984665,5.296184547263236,4.487469539141152,4.48869831937839,5.110994760691312,5.021448304394695,5.249637635487003,4.550337173059127,4.728308959266966,5.546807729471129,4.198801309264431,6.224472842977451,6.415622850049431,5.056161392665649,5.663105339832339,4.574328222515433,4.934950252404377,4.847236056489474,5.687946208551166,6.132661347736148,4.702335806924042,4.902832060973761,4.92881829345556,3.8392557473375346,5.862463473081879,5.1300736839253895,4.936088378811968,4.583776293455408,4.90253995735942,4.1694622825562115,4.451827617734017,5.316760111268297,4.419134649788865,4.819596545700032,3.471462818671179,5.200720184427907,4.886498689643951,5.465909274297906,5.929752082139993,4.3607396729410945,4.725518348383163,5.220238390823765,4.50407768113504,4.58418280819228,4.9274560169089865,5.850460972946787,6.155613988881413,4.834161650484537,5.843212542556559,4.263562497650215,4.612910554909256,4.854457825713654,5.680290194777403,4.563825802626724,5.892553997939663,5.354317988879453,4.670608385905635,5.162518357393773,4.537969014383322,4.747213353281253,4.244080973141251,5.256639957351229,5.344066787732205,4.779118498435718,4.51381448546278,5.47566083343162,4.546988030770849,4.690088376238196,5.6864417274709576,6.258749656847119,4.682434957094483,5.37307940131919,3.822677450524955,5.296380008456548,5.7907478702644815,4.57063946015966,4.84674879369037,4.695913685793913,4.509095054264523
RE488091,5.297999184695916,4.12400101253369,4.197628490193442,5.508813224723547,4.4612656412019955,4.101371295373078,5.010079431525158,4.865021297791023,4.349806116847863,4.504481752274458,4.814989962955008,4.896992260240084,5.29985890919952,5.250517333624911,4.766216180529561,4.434740274335133,5.087401386161084,4.347370253417192,4.020182663877567,5.540278802722051,3.6037914869639005,4.24691245082304,5.054997448670628,4.4425723580413266,4.874166875615705,4.41061049435876,4.988241175647,4.839774157475998,5.1961599101767515,6.1068029955767695,4.942646319043775,4.922464146334839,5.442152793715279,4.4718713513517505,4.5880182534967995,4.013667475781158,4.076511774314243,4.488158067031071,5.5782574166557515,4.294695725837908,5.973537323711453,4.3775464835946165,4.811679317145401,5.281758505594076,5.639697799154575,4.464468813597063,4.528732677360135,3.335317814640522,5.881974724709853,5.5714797148099855,4.680020463826195,5.826542169474736,5.233705834802871,4.956154984277992,0.0,4.925853910161055,5.087782590898611,4.397371702425983,5.683901189966637,4.968014104273705,5.20647828809772,4.396468378092518,5.781310444790622,4.534822848656877,4.868456109679589,4.955112626189381,5.665456038659,4.5336518214930175,4.811467259545204,4.65391937114069,5.653566494886107,4.46268707586039,5.227264326628015,5.5868077043715285,4.5239199272337265,4.417226440000459,3.893793629427597,5.6149191541943875,4.68831371839511,5.725530671508548,4.443809845920623,4.564656146055879,5.845976028010667,6.08850128490175,4.828268016814436,5.436281896619408,4.5399759070695,4.893661989365731,4.447244057198877,4.060842255676482,5.820078476175638,5.011947976650698,4.143178482846039,5.137988041107362,3.83798812437675,5.7816398500671955,5.668436513656668,4.2817588957469015,5.152024544460106,4.540551050723429,3.5572048425429226,4.54000823816795,3.7777068286762647,5.192124230379688,5.084903208655286,3.6343210697655692,5.342624445257088,4.043980209783643,4.907346554947128,5.50789826747669,5.431672893037825,3.8497777073409996,6.21749046319948,3.741782781158035,4.438254983500553,4.577033253910624,4.845806392311323,4.538332137752558,4.628697947226406,6.078498742620334,5.579834877997317,3.8634599182494185,4.560007311891208,5.746870841451606,5.311818410456183,5.776779404602686,5.326176253202996,6.311022798996394,4.808998033649357,4.996349900781438,4.585807564125213,4.912427953096513,3.7977201195601236,5.323511456066388,4.361739695594169,5.414421451404515,4.909904461370333,4.209610587691481,5.790606840465851,4.993408112155833,5.294560776333281,4.273363161068481,3.959116740429598,4.455851266927093,5.976171290705356,5.519879513843771,5.1015257529230436,5.750657404278705,4.883266128626732,5.407343281814739
OA636972,5.749525251144996,4.245302751894106,5.216041574790754,5.9600261820249125,4.11020734174528,5.212759390656699,5.678924657722941,5.517151577400185,5.184916411188327,4.479042562252679,5.064327036404089,5.253529955568763,5.29091501276911,5.647497675940839,5.5501504303393725,5.462087142800933,5.236656639844504,4.974207555641821,5.050976408725834,5.445871160589496,5.233549051853049,5.168865571247351,5.683027743602855,4.568520497007973,5.7950158812709684,4.439020012594431,5.444349498170012,5.0128364285363345,5.4225549392529695,6.169931389033564,4.291380497077124,5.267658771254347,5.161458144075372,4.053541043294144,5.012779202283316,4.842379262932785,5.739100013982234,4.053090908286373,5.1322325155440724,5.039838404092834,5.278674838903022,4.829847404880258,5.201999070173085,4.8431501701932405,4.618021690126734,3.9564865615350375,5.136613959317132,5.223607912219058,4.7392120400499715,5.2731473292341065,5.809402504622805,6.121531016555531,4.392753442255182,6.294357580652254,4.925853910161055,0.0,4.165292137527668,4.798004813724695,5.810600902418008,5.6618584597015555,5.281126989228848,5.663632016450303,6.267766227195369,4.596115574028103,4.285258705301141,5.810797267090802,5.377035218855587,5.281716589760436,5.5940674339908245,5.35067521712917,3.9371184036827547,5.549479147507939,5.5391379692721445,6.462101244389134,5.248668257922839,4.963000802099514,5.843259984797658,5.312496052873362,4.952226676982819,6.371149683047706,4.302567763629196,5.9544652291428894,5.473024850902441,5.029328825294061,4.535486342263581,5.131029869111153,5.447918292666089,5.102052750249278,5.122468570049805,4.066801498399756,4.4835700991323915,4.4874824880366235,4.780692515113829,5.26750274730128,4.127757548946819,6.13705019898047,4.922843945840546,5.152606866923161,4.799018842575774,4.462792269168178,4.94858913172662,4.934263960218382,4.791462004677059,5.75231906733013,6.236282720501485,5.740532765180454,5.032640741127548,4.955072537152995,5.694708491443802,4.867310457346716,5.891573211410119,4.739726074448979,5.892788092075109,5.987576598405068,5.586769047085288,4.926014286684263,4.4432951248984285,3.999924702585538,4.7759858681587035,6.075463611125999,5.92875608014517,5.443176372731251,3.559590672418323,5.168413964504486,5.581933140327125,5.212268115725056,4.993232139010122,7.193588685540749,4.7472032065989636,6.756537659986991,4.907314873733053,5.668923599553233,4.485134731580845,4.809519259909521,4.894257726406191,5.341513849361355,4.269484571755712,5.8030982256844155,5.524359667242907,4.825781433544591,4.554907244626221,5.178753093583813,4.244679015899661,5.596371586096162,6.78502680148505,5.248748415871638,5.077931502173659,5.049386859509332,5.176530746829541,7.444791221267949
JT714574,5.109944114952132,4.107485988613189,4.756627255712571,4.786968946360223,4.20641687842272,5.286051406691016,5.874133203882819,4.1403136412285155,4.27909163438444,3.3826218029738695,5.268833467814125,4.112106242037436,5.100790357660537,5.452573826961442,5.817988585667551,4.818369872124703,5.128966747015556,3.9712865491144718,4.122740290431432,4.560083910119585,4.803166445115012,4.833285273460082,4.507169011067773,4.568843193654726,5.698888321099574,4.256113921275119,5.0490569613330525,4.212102441132514,4.949085066962988,6.123034024295977,4.033397317264261,4.947104694266028,4.472209436990087,3.919503558293648,5.446180064461345,4.369669163677654,5.288322558846204,4.119364159180666,3.9353488705357846,4.7066898501136345,3.983491473227787,4.025883722375724,4.0490629395950855,5.162274100514476,3.926310337334584,4.0599590922773015,4.564705265969786,4.835314587503765,4.616481249440334,4.651211445561088,5.00275706147674,4.63368683525412,4.213272330185224,5.181345090369909,5.087782590898611,4.165292137527668,0.0,4.22045465638014,4.351133196653736,5.538892583886529,5.416269770137848,4.739440847949462,5.430417467408413,3.526797876016526,4.409595514026854,4.317011501962255,3.8708722227255827,4.547163776353856,5.065450808222326,3.932343967628043,4.6413920795489885,4.859198169122832,4.3932324108346785,4.9033460292011615,4.443287021580505,3.540800743030703,5.09075277395521,4.426318446673206,4.4079079974602156,5.506073325930357,4.412063773322831,5.10618193860351,5.2265920058937425,4.877614278872925,4.222722349113893,4.047294439343359,3.7860443879328134,5.146621424132772,4.737156733088117,3.962151867131938,3.0849468886921168,4.259962044667365,4.09531035380962,5.312514853235627,4.236120876176001,6.26842148801158,4.611183310169781,4.416926796391022,3.447772987619535,3.224742483357615,4.3084382212113415,4.636062476618216,4.379001432064941,4.27263125167051,5.299705899557464,5.174532759645238,4.797423600880661,4.412708422534818,4.882931672109927,4.259116510232793,4.873780183859219,4.681499110829963,4.580868377647856,5.4430201402156735,5.082965680510497,4.623075029434568,4.163297610165532,4.021814616412392,5.006449758189268,4.941108619188607,4.985282421647456,5.541019078114702,4.40367276447994,5.2763934498337015,4.500643186714557,4.420227701298508,4.12113903055205,5.8862274503483345,3.891022983944589,6.16274341956485,4.611950288231943,4.442036014939267,4.14777277227802,4.838393978814405,4.474998214678339,3.7530036062975873,3.878028329677029,4.870068751782361,4.291348283751919,4.724842469719038,4.813119139216885,5.352762837038351,3.9162453551268546,4.969775765703455,5.940822732798317,4.71832720987484,4.5219880529846375,4.08210746520167,4.351472567912131,7.340531337053338
OO519485,4.579353363164062,4.7370050516002244,4.520700816810825,4.056575064766417,3.6430019268210394,4.631292166980847,3.7335108933771117,4.181287909813838,3.873857387190018,3.6304961435596743,4.351611352390347,3.8831036702797195,4.702423054254125,4.518550624328457,4.403150332343191,4.697659661218568,4.884300250671004,4.3430029393692156,3.7449697820050405,4.204005380989399,3.657879668963225,4.037693240143365,4.089679032343852,4.595534192232984,5.023700515926025,4.614061703365655,4.681474460965239,3.9518270734331664,5.022235942537754,5.572805324102436,3.9015014787137323,4.1291367236854315,4.627744482662725,3.267189273070622,4.0107248383218455,3.4235201991081436,4.488889828535312,3.83379537776611,4.671943959748691,4.392140851817552,3.879055749077112,3.498639764854351,3.997316242181579,4.232998873006981,5.324862366131378,4.540432126021494,4.384948879673627,4.355224183609733,4.965029497733927,4.164157937942039,3.9010233783167245,3.847269772991922,4.7625995363598586,5.286335828843179,4.397371702425983,4.798004813724695,4.22045465638014,0.0,5.235172515328559,4.227241960535378,4.57766019997214,4.45635926904189,4.971484537781981,3.219971945491667,4.227160029065499,4.112383629400587,5.295059631904767,4.243957633820388,4.108135072787679,4.0609513463866,4.861164860100902,4.914109429334773,4.191751053581095,4.009772304068966,3.8565366738915374,3.6187224187279665,3.4954565885262285,4.462126224052726,4.153253484077946,4.749602883967657,4.2240015790838354,5.1960180175303625,5.268635203586645,4.008254000976488,2.8896073546876164,5.278261300709534,3.9354679629713063,3.4394275854932905,5.06409094945452,3.1817975873278095,5.028195876417976,4.060586880326625,3.6068933161283945,4.315129045490443,4.4590385149663,3.8085130185658094,4.697241807103226,4.047113844169892,3.1341620734270195,4.139017526001792,5.010172365713147,4.1654778137888595,4.375862377656699,4.4895564498419365,4.534373363029194,4.551337996922188,4.645963048550526,4.280928949258516,5.208293175268988,4.2321454929642615,4.458166439927476,4.93233897358094,5.212233122304008,3.819662870811444,2.850978217958735,3.3069134664305766,4.059222185678591,3.2315314113719746,4.243119633007963,5.147173004647482,3.812097758174017,3.9672330448113113,3.810369506099053,5.364552756385553,4.543170275244704,5.110278525764801,4.264240350639065,5.198517053461927,4.513383328451864,5.285861304397721,3.7465257318909027,4.991762384207524,4.454586973075827,4.790035564365537,3.668420411441848,4.24533024030125,4.916861682960233,4.606410476681196,4.593939772959143,4.66801719402294,5.058315542963706,3.619274802008859,4.2364262663709615,4.590211155406182,4.810701957631558,4.375092566636811,4.387240982161399,5.123639575998698,3.891482220858749,5.694514127475708
NK811267,5.277171893039593,5.806358782343481,4.886578162827342,6.070321857310263,5.276564175742348,4.7495904984010675,6.3780994949746095,3.9094998979892726,4.829300433997646,5.210559334281912,5.120984599411762,5.033564731391655,4.405489997202997,4.573456298387024,5.1291069143912065,4.906275187844254,3.8847820668094943,3.971857517113411,4.829815436767287,4.3312644725951355,5.9840398890926645,4.36245572040744,5.355121334566859,4.222327902414575,5.218201481816217,4.508880221672492,4.847963603618288,5.140914143169387,4.352319231601931,5.894012446361867,4.897321191555588,4.6387741647594725,4.216467871635154,5.491173603196849,5.959817485618575,4.62726424339864,5.787505115863243,5.261437194942169,4.44063717169758,4.551254418569351,4.20401006023655,4.472424347219278,4.722985132790163,5.599586289819494,3.6236599367143545,4.775176226878725,5.470131587118665,5.124308207137827,4.164572110492459,4.66143862526106,4.435133414604363,5.762774299260664,4.595410781704195,5.6814871758168906,5.683901189966637,5.810600902418008,4.351133196653736,5.235172515328559,0.0,6.294529521233777,6.189632936821583,5.638614245950002,5.710500224436347,5.363753607984204,5.109579734332734,5.578026876191725,3.8286151240660007,5.5125568883538305,5.115558027144033,4.461329198661055,4.708626494284461,4.542998256746228,4.239640452372187,4.903494181077695,5.78867283172471,5.048502973993191,5.983764939279878,3.0997210262042216,5.385101482776341,5.3285072592338345,4.8503653447215225,5.6780289522554686,4.451792564812083,4.382128465263984,5.478624168164264,4.403966763732149,5.189125854274496,5.675631888619979,5.218234681643145,4.929740702903579,3.8029973733412175,5.312632656308058,5.568422201734265,4.518119425690346,5.309299198600369,6.420894430614922,4.2007524999347705,5.793630583541892,4.776767253616036,4.343834850472329,4.842719023176526,5.907956207933636,5.490790728090642,3.6314209920132408,3.7887346951419687,5.457929069004696,5.081784353694094,4.110496608694502,3.904336814654954,3.6784424731823444,5.285175979370866,5.166341303489525,3.8115303870362767,5.058619908764217,5.705117394670004,5.16794317740954,4.315812814535276,4.335577039525262,5.6206601116344315,5.116258401494708,5.173669618279365,5.844559293256741,5.857294971891155,3.2576386584215538,4.077992004274777,3.677796925119476,4.589191852516525,5.5570446987005555,4.925313457486537,5.955866159073611,4.704116309575214,5.156383095177086,4.9742112223547705,4.495801696649914,4.3568080380293015,4.220993398758851,4.404410749517,5.829832863560018,4.65104670488976,4.063826300361559,4.6912709013499505,5.027418881487327,5.45051114250333,4.395373680118105,4.539171018486938,4.526764954936658,3.5253438434153646,4.167284031334175,4.185820869078823,7.315209816618556
IJ989560,4.364293446072359,4.81238095903235,4.943505515110608,4.05814412302915,4.878572118702437,4.364719515130553,3.288366896239855,4.722564347955423,4.801144026007181,4.828874877280857,3.197840299386062,5.056618590154141,5.463784884095524,5.022264742385323,4.210541017318754,5.15859760518902,6.373228125097093,5.650397420724729,4.7461345959203065,5.354748460924656,4.557670832182284,5.015487087107869,4.501931288507818,5.1120208907203555,4.454013800237194,6.2390166033381975,4.931255563691569,4.624731574827999,5.773944593924277,5.197203443912179,5.357122662446315,4.9531281592180445,4.946641867205905,5.286740074945422,4.861792681334962,4.468284674231888,5.188960460833355,4.6093865979950595,5.488718564505067,5.062091396077258,5.6469472692457625,5.435654677994617,5.03146474933465,5.154477785306602,6.228079394044598,5.560033380333969,4.616156483948836,4.8016087533909335,5.783120189817356,5.013983640939127,4.799243050477996,5.155838083848403,5.177522737005217,4.100659891456628,4.968014104273705,5.6618584597015555,5.538892583886529,4.227241960535378,6.294529521233777,0.0,4.852006349797542,4.527559133845311,4.382220871690035,4.134848417390354,5.313979984517199,4.634460598598957,4.997587570972576,4.273698891802312,4.276222751424126,5.1762720573052565,5.743258679098043,4.790894635919174,5.002268299676849,4.11745167786784,4.656263277060635,4.81455378920312,4.302943141358245,5.502557311468784,4.423050015107115,4.654125399288418,5.609449393090226,4.806597241041628,5.644470961688037,5.390521985016411,4.238507473835499,6.184280328233177,5.378649056167561,4.6205392391280204,5.988976218337514,5.064689907426395,6.28481617418959,5.115889485647281,4.341659284562141,5.319098262916268,4.451408925059637,4.48754652680457,5.697843203489811,5.048949327770117,4.156584045182936,4.643220131723514,5.761547682735466,3.7908940585980173,5.432862250098147,5.344167680230402,5.237998803268906,4.140164286846809,5.10493884569777,5.255358481188177,6.184034891371619,5.516731946945286,4.49061287512201,5.8240211879865775,6.211375819494672,4.087836728292236,3.884283828080849,4.293958651808525,5.7941783783434255,5.37324232229213,3.9516967241294925,5.344877377290916,4.4528739875162255,4.385731087911557,4.6894589119115055,6.053700381974749,5.2349741389841515,6.890467924264843,4.91629731322146,4.660636911940546,5.104289888780141,5.380937408960812,5.034359825873441,5.105987803751788,5.1363363425402095,5.786616222640688,3.8629682840130095,5.071400840017942,6.066899542313124,4.093160338130605,4.073703254342023,5.23541846237152,5.983699220413048,4.262137515389955,4.385657570724927,4.336930899618858,5.417386797970136,5.539403244461955,5.43339437175409,5.4164266776812156,4.750810370482207,4.679983984968193
WX675432,3.851835014762916,4.787169001917894,4.692438835382752,5.226640505122145,4.972680459576256,4.2830679726104925,4.348677966118979,4.849966616185669,4.608604771696488,4.416467741069801,4.605198844557042,4.805791880328205,4.7204522879677,4.440133984701735,4.215224663991564,6.365510495149489,6.2123083876213405,5.550588403141293,5.148523525283483,5.006936739248684,4.682578401692082,4.405604548235355,3.9758074050724987,4.6012620459744396,4.591384840244997,4.922777141321566,4.333330607327124,4.575010973997062,5.577368971054238,5.535836840629841,4.69279198383606,5.707763615473615,4.647285847181937,4.132888416377079,3.9944027505415973,5.274523949304428,5.901971776462584,4.347261642017733,4.899743785621688,5.4299374279218044,4.684439864794799,5.622325638147979,4.046931033324018,3.4362593100916428,6.236932138879051,5.239933780266164,5.14109314994076,4.580760104298599,5.276213160667143,6.053214934616507,4.886845042065875,5.614902248120277,4.496901767344232,6.01299845912871,5.20647828809772,5.281126989228848,5.416269770137848,4.57766019997214,6.189632936821583,4.852006349797542,0.0,5.1455534196578645,5.425466686885167,4.815884570686644,4.447748525583883,4.911100772784118,5.596426680579596,5.562341408480866,4.343449781057932,4.760919650883407,4.9396681121354415,4.455666458829394,4.493249227147747,5.712261436442231,4.847346243049138,3.8698074547348296,4.274263971300681,5.677280841582731,4.325906149550886,4.845319096090519,5.118278376647417,5.383284573192995,5.114982224348401,5.2410728986731225,4.535624256998931,5.001156829466015,4.389086560808968,4.949035985830779,4.89155594753942,4.602342640484243,6.04911723202598,5.335480838487904,4.812962570845223,5.2167043169918434,4.795420300494326,4.381326810578098,5.313777418561413,4.660990413851238,4.880342657168902,3.746911283904112,5.763982281394761,4.8984207216671125,5.24584470540358,6.025422206618675,5.02185788735565,5.573561825692055,3.7399060136374835,5.528841773368554,6.0877271283056,5.954381870349294,4.601161762376365,5.186408289631751,5.762617354853237,4.912214764020669,5.018778436131507,4.199341071572231,4.925840956726723,4.16098104911015,4.7038080181549775,4.803155278768766,4.794701277383546,4.553619702717116,4.194839887237854,6.507808431369762,5.170839430742486,5.538727699739346,5.0555613950939895,5.807503343746696,5.562779579225496,5.221923279889264,5.296894451591836,5.639389228327241,4.614046010188795,4.3149123661888975,5.103244352671058,4.769069048303968,5.55659832930984,4.545516308690697,5.151155438546716,5.050223439448099,4.950847142360486,4.750045273045542,3.701451150888231,5.770405326816954,5.9529310497605445,5.352123648576906,5.203583603853759,5.247874762632002,5.342863583041567,6.50237606344479
KX221298,4.772091352332027,5.197805390868625,4.894479285677788,3.2915230891407568,4.021488354007878,4.373645706521269,5.0350453255827,4.703992274293281,4.218430654890853,3.9859990733867687,5.00610461176426,4.581422046261084,6.145432528320754,4.582267560364416,4.925539085275732,3.7356510665358273,5.808860781199779,4.199190084446363,4.078750226877054,4.1558404300578315,4.346902047154217,4.052966308424873,4.020130356433496,4.911961902662378,5.907592818154412,5.594171380607348,5.182403199294894,4.122917067292518,5.272273393531229,5.94695135048997,4.531421861752059,4.506954040047131,5.069728733341235,5.065324464066354,5.155117329357758,3.80302701071013,4.754431956899856,4.207051646887939,4.31040972633346,4.307296660663013,4.874587050280295,4.626717006333099,3.925939146369855,5.52728406324859,5.1476183957625725,5.439475090714821,3.6997807993844334,4.864819779716939,5.747390127718929,4.932822798563692,4.446302099563658,3.8061870993318254,5.040913891780573,4.43746504862228,4.396468378092518,5.663632016450303,4.739440847949462,4.45635926904189,5.638614245950002,4.527559133845311,5.1455534196578645,0.0,4.301412328600603,3.5281427577920894,5.72830646989718,4.190171614116023,4.570950744022029,4.533741968665386,5.019552364126852,3.9609048513900893,4.883037025030536,5.405650071499389,4.55968465847472,4.150417523987134,4.636742651105693,4.159499643568653,4.657885942566319,5.268012017051475,4.8511048909445975,4.845581018790201,3.7616927510131193,5.3707644997294,5.803666665631267,5.6097059886766685,4.051076840463508,4.931208053574173,3.7576928170932837,5.368805285191422,5.464630886708934,4.209034322427943,5.855960007676074,4.616356548519497,4.559717420687143,4.753523028016251,4.413725760826286,5.28533108395881,5.983611743718718,5.089283393324348,4.399914871402866,4.413439218253495,4.750967067069385,4.479920589072728,4.381510050735852,4.948308900145333,5.135859619096875,3.306766563288543,5.07839215226582,3.4395796575430353,6.155132320314276,5.342920388275471,4.714904588457169,5.317429532241914,5.472068569050455,4.871224562956955,4.559570511470366,4.686766861732354,5.408066486023825,5.495435272482923,4.410592724293311,5.389589143449056,5.178183684780277,4.690196547370763,5.156348323559926,5.43838332601698,4.754571622993903,5.847516633190424,4.96446945228502,4.60223131263007,5.258638058832194,5.105087181105852,5.035168394414082,4.348522814030433,4.502362267411251,5.217552279412107,4.35755240229953,4.9535172161522025,5.656866283375611,3.8754086063820687,3.727844826210268,5.1740886837588,5.958471943897989,4.526982013021439,4.710091254421667,4.197922941368731,5.318582212898059,4.467686654198608,5.430002105155462,5.017593630035329,4.362956320130872,5.215423130027273
HC286421,4.068799712842162,5.584834699520661,4.644270881811257,3.5658477186250397,4.2662641608306675,3.881870229097942,4.841158259404373,4.893049635039381,5.228941908756115,5.20381817820233,4.517908157229542,4.793775713840947,6.367194692626829,5.008239898994555,4.619260697481979,4.371775071305366,5.346181633058047,5.652603739934328,4.932428998198072,3.5663213771701443,4.4975239873448745,4.695658238896656,4.58693395140234,4.556308894828698,4.605822283923221,6.207115102467681,5.097379010226225,3.8070712667152695,5.721823600219664,6.133247049096042,5.130128829466812,4.9404519685353705,4.21096218455548,5.169837707687393,4.707280436615516,5.066009421924733,6.175583547268529,4.6173644642998815,5.2937517453522185,4.961307061581817,4.7504854514213255,5.196997591864102,4.289466214835075,5.009937840544857,5.1102615350155025,5.432458360345217,4.7565089736442605,4.8651428686392695,5.325031366381886,4.52085053027254,3.3378213691971337,5.181072878833303,5.222111128672346,4.490546971812764,5.781310444790622,6.267766227195369,5.430417467408413,4.971484537781981,5.710500224436347,4.382220871690035,5.425466686885167,4.301412328600603,0.0,4.215783338258527,5.482128896175522,5.129371745003814,4.546286812056472,5.048225505474828,4.041627602695623,5.1360185765744895,4.974015546480686,5.510366850303519,3.8771847236451817,4.877142705059333,5.559963392228249,5.08079556783812,5.058869618591858,5.595403461767021,4.522603400802856,4.589812207079343,4.932135265423462,5.362337571033052,5.308502962962593,4.839344787745652,4.540257271972879,6.225966260048552,4.976025257867721,4.9399443338117495,5.317588791060481,5.426346608011448,6.368518167281605,5.056725547645214,5.468494507882707,4.965951663370856,4.574516520546478,5.017415211613484,5.775731306085206,5.700419310286822,5.13139690482524,4.9355230633761815,5.855965927606681,5.42799496976761,6.163557343838661,4.081229148981763,4.4759858560569326,4.560035694450759,4.5576342890552475,4.983366874473036,6.482779576314794,5.541989187159084,4.619534358980442,5.559588924385292,5.667997742064718,4.437361650998596,5.113249071713585,4.2827107600632335,5.647812000233262,5.902162170931226,5.000280291913501,4.211328390697429,5.027601915240913,4.812088721945043,5.735631812730905,5.8970215634780985,4.6939180492957915,6.067526907586268,3.3170550533001792,4.189659317048973,5.732827938349523,5.97864057588896,5.316006086354165,3.915838628537241,5.752867487972468,5.152135703126892,4.679894483117033,4.237028705310857,5.5489014330557636,4.427055381013924,4.02614967078588,5.630525369524699,5.692151984916138,4.599715222783894,5.316627708614494,3.556405399066583,4.099399705291207,4.457026685539817,5.816808169074079,4.648765610909433,4.391424795273903,6.085976228901006
SY199938,4.425961961074254,4.406262794526194,4.668473969291891,3.6069128786543443,3.2627974310783645,4.378121255005689,4.4167299008011724,4.182070968596086,4.1196793117217565,2.6677664120802422,4.4440471708627545,4.221167459011908,5.228040271551808,4.884844289541317,4.941923334519834,3.9530681779794175,5.10527162305584,3.6094765304024583,4.151074232530512,3.7249044491614507,4.075691124257522,4.141269530128777,3.8467306999084543,4.511355496422838,4.7891726750090315,5.019876125947385,4.337084482251497,4.071094633610628,5.3744883882569425,5.82370178334674,3.911718227740217,4.347872440917085,4.560543582764567,3.5944454370051693,4.351047273571164,4.120195505905483,4.595555896277113,3.77735356515171,4.430145480291361,4.292830626300053,4.3737567234095645,4.18593263817359,3.882212235002316,4.627819900808997,4.66924125480083,4.475413434935256,3.8791008588783713,4.208220754640427,5.007067141267281,4.155464932842322,4.145020046781566,4.091654400451209,4.094064839725191,4.873027314411276,4.534822848656877,4.596115574028103,3.526797876016526,3.219971945491667,5.363753607984204,4.134848417390354,4.815884570686644,3.5281427577920894,4.215783338258527,0.0,4.349040585363344,3.662719438464843,4.1992959085694235,3.8923096378157465,4.207904854191936,3.866999375114596,4.630311331125141,4.85504397367603,3.6121056285113684,4.019623847895838,4.02607464025329,3.4018048182970704,4.2750515950729095,4.636720478065023,4.221595560578671,4.660125754664211,3.795728016291938,4.269138520825469,5.1770973757074605,4.5455549287463,3.178597198326436,4.788368769807436,4.145760395724862,4.595289734166614,4.93664385738236,4.015757421612886,4.599595105772763,4.010127649047562,3.676445821715986,4.644470730379835,3.8675045099754866,4.489172630593666,5.046559100287041,4.217114144598518,3.258117430252843,3.0674401867368313,4.784957615295903,3.7824728492955177,4.456229067533459,4.050353836125894,4.890847562330238,4.052203260122699,3.998958705421382,3.8319804399395614,5.605647582873359,4.532250487425099,3.9663567259459147,4.587678034774472,5.3814796122373,4.292647890547568,4.040821429176133,3.3398875609998107,4.70207522297272,4.377746874125975,4.379217583623359,4.6665321674471745,4.613422742233551,4.370740854652576,3.983066667800305,5.471236336975687,4.960881628902647,5.536246640972773,3.361655141205401,4.864098532957028,4.146667522799714,5.219853590019818,4.034200723809691,4.598413596469501,4.60971720650376,5.169589860420815,4.105385943818662,4.1074877461650185,4.8050732195017245,3.941592261799532,3.6161967391969108,4.589850024823539,5.021324216810394,4.091879243587489,3.627301268168002,4.201437461015364,4.863971836602533,3.9332483737702386,4.756267358761406,4.347957710686782,4.1979738387159475,5.822778963267999
YH305068,4.917145574146644,3.9353744702262152,4.482661714893485,5.86953409250609,4.007749539306182,5.363888092606543,4.815265825415321,3.9322648187477562,4.8117123769669226,3.683061594269634,4.503160867316272,4.407128155505804,3.3311582817749468,4.606985980691156,4.40905162596369,5.280768911208774,5.0765823314284555,4.554080339914123,4.606632809413168,5.507361891023973,5.2144842266199705,4.761926309614231,4.214106667390954,4.534552871008695,4.38845099773232,4.4850152343013745,4.1230540340366995,4.173091114723213,4.207713341705242,4.231677257078715,4.357553487087898,5.451279137200674,4.169331592170993,4.118701521431728,3.6210375854411687,4.804649800569054,4.957905202676544,3.8299853213201964,4.696906148941599,4.235565937419119,4.181725703956873,4.608631384776696,4.473547513964682,3.9302238958062246,5.089005027452924,4.196540649308535,4.226094305950249,4.885147060640599,3.998699373906151,4.692672947217787,4.506866980869988,5.388934807559321,3.9466839129761238,5.0043145832970675,4.868456109679589,4.285258705301141,4.409595514026854,4.227160029065499,5.109579734332734,5.313979984517199,4.447748525583883,5.72830646989718,5.482128896175522,4.349040585363344,0.0,4.740755097063248,4.354843458801969,4.858777972821117,4.269145406181353,4.224168855620873,4.514585043859366,4.2705690305565485,4.468463066836299,5.51357957435441,4.0171409829478515,4.357014396817308,4.86335757241169,4.298031049927048,4.459806130153472,4.721059187043732,4.575180044852784,4.161822348152845,4.9612897729743475,4.843844482742034,4.407938321080071,4.772085951702499,4.382504905782745,3.415050186666667,3.8254849527807813,4.6718879431053795,4.906620786320395,4.16120266728162,4.888562611998907,4.222207909577314,3.8239067010341916,4.585436200181871,3.55950583809118,3.958490584114324,4.342343840889063,3.426979613720278,4.3563385112836945,4.306073931831122,5.021981795283004,4.488469665833164,4.57086272427986,5.187005054065522,3.7515826502948504,5.048442249792485,4.695508678588329,4.561476733542914,3.7827989689210733,4.172365819557245,4.58271486371825,4.811564268977173,4.510155363924741,4.167973037916851,3.4816373556008453,4.070009203975766,4.974639841554182,4.984550308110275,3.771747013378006,4.709924051321131,3.830106140576262,5.207327439360526,4.601966165455011,4.2561260183603675,4.348783554080572,5.889481381970699,4.057833257578679,4.602835651466526,3.026429076904167,5.381272644548556,4.437188324967004,4.281380551272914,4.521031876955169,3.773813321664269,4.507998102287001,5.405768483454451,5.261414192041396,4.589519908689146,4.6286367109002535,4.147232030010929,4.369003322082323,4.51967704344308,5.025379243751689,5.47198257061793,3.776188951315633,4.334185079981086,4.723050568997471,6.022136583342307
DH738529,4.624179239225038,4.067798758271273,4.277918429975654,4.891300852449669,5.226704520781269,5.2800403473580575,4.598452483978804,4.019019393661111,4.959268439249903,3.57164982302791,4.480600082499609,5.557123274166302,4.758053595845836,4.625477940371232,4.946824014077789,5.100268896320014,5.86198035271376,4.353046967282638,4.614896170223869,4.841053453440484,4.844084840827812,4.792594952973778,4.441919008931109,5.1683081509634405,5.4142083878935106,4.769371346849025,3.963643293400734,4.205677943442017,4.1795465194465535,4.141235961789073,3.9121758033527048,5.757270026219875,5.594246593121682,4.8681380581106,4.865073318949237,4.401338874554776,4.603476927825648,4.106426690593752,4.135987525682201,4.924074146386413,5.202144963826749,4.214321970883768,3.1296706851250575,4.552815911358231,5.1242933199857035,5.319381584293212,3.881139043089083,4.548471553965016,5.26861780692465,4.5226983454179726,4.8104597234564785,4.240295756899371,3.8222824760195993,4.301883492878426,4.955112626189381,5.810797267090802,4.317011501962255,4.112383629400587,5.578026876191725,4.634460598598957,4.911100772784118,4.190171614116023,5.129371745003814,3.662719438464843,4.740755097063248,0.0,4.523884064662215,4.241841455315995,3.2194531259118175,4.379831824264179,5.899071879270504,4.42782807379828,4.836728490684487,4.574270794953177,3.0812798104771173,2.842494758377537,3.9714922442124947,5.268169278229039,4.5353675939497196,4.734717669215513,4.658738346829716,3.6024083620904905,6.036852504835003,5.488420146301107,3.9793708275449675,3.921529353818439,4.111063772726472,4.300945058097046,4.2384015874309355,4.709714318989479,5.498771733280411,3.7302076298055766,4.0699955211753585,4.86625668177061,4.430913044134927,5.544652129182781,4.87951289120486,4.425108543981346,4.182473620556666,4.282402014505596,4.740757686914949,3.7981744314357457,4.179197965993761,4.204865688981763,4.568766146154246,4.836468668220137,4.242066750451897,4.504613055170022,4.857854249383771,4.75836032426257,3.9329042543910946,4.151234025772232,4.53862567645825,4.4495161109144155,4.439586681902856,4.771381541821664,4.778637732100186,5.17595129881879,5.292218177177372,5.664176118007858,4.090759933974767,4.316408487673038,4.4971664322936284,5.7763495990724145,4.398073893765538,5.34775239390635,4.722436547416169,5.328006576032909,3.8624998337383896,3.9614898437724815,4.2187971753254425,5.613202486619949,4.557455675320624,4.674333078284661,3.704416066226447,4.501189735944382,4.996598811990683,4.3243907337211835,4.3444516608144434,5.064344526930632,6.172059011947926,4.255384806449871,4.707336325610778,4.918455647814046,5.605819624411756,5.760383572290107,4.656695063332703,4.502271036025638,4.88990307925985,4.796163966515335
ZV661019,4.9918321346967,4.8167544508884435,4.743729677372158,4.813408995030319,4.734815470123229,4.957207597548537,5.667911618147976,4.254618991402369,5.131899027714494,4.303081732878966,4.410114309497403,4.735272334729534,4.7523787099959165,4.574812302023236,4.8324009791541185,4.300835017674079,5.013604551725278,4.103898826529061,4.74286444354515,4.337088444602986,5.807495361842332,4.728000342883636,4.5965150975807285,4.411072935175347,5.087655913306709,5.368386988971209,4.021986478580685,4.007167926176571,4.806061773950471,4.937519422460494,4.734947528603087,4.949598190419949,4.372064932987741,5.0341523971482465,5.169981353151549,4.949418397515648,5.669021435203259,4.244953783248205,3.293698322132341,4.553476197075212,4.148755881807276,4.931547777574168,4.0177615342372395,5.1033318892501445,3.7413444915243335,5.200403694533625,3.8792375368482723,5.215921285486921,4.291594356523585,4.2651927275130745,4.830773633263284,5.024498951604394,3.7945340017290485,4.177392915671375,5.665456038659,5.377035218855587,3.8708722227255827,5.295059631904767,3.8286151240660007,4.997587570972575,5.596426680579596,4.570950744022029,4.546286812056472,4.1992959085694235,4.354843458801969,4.523884064662215,0.0,4.158451946034667,4.642674066040705,4.144636699446078,4.3572619538948265,4.513379090189458,4.280345396032782,4.347608979652148,5.358187227017091,4.564463417254426,5.911483054316289,3.198703744606649,4.631244797912595,4.436255081206439,4.528711563236947,4.347260682966507,5.118003585011086,4.903296950121403,5.122424514128393,4.278425082678441,4.750696634010892,5.233237176981536,4.97898454476377,5.5650919793861044,4.405814467312154,4.377101780609103,5.271018847615881,4.61893468997342,4.417832958604261,5.989014577043991,4.46697521481655,5.278853769077435,4.180245757587576,3.5743864196258257,4.59653960071138,5.020393656664614,5.506197700217982,4.041464255108509,4.604994312663848,4.871516952592165,4.097003397720786,4.2088999072961695,5.2288325891819,4.594706070083327,4.2182505318374615,5.316202363591266,3.1985864074069164,5.577119558841444,5.291512945395677,4.962320107378548,4.692474007920552,5.292150292387228,4.746132564133088,4.648948206799936,4.688256262407371,5.686058879150863,5.079396547414153,3.7835185366999595,3.4792463819578603,4.6267893589147455,4.200810807096269,4.907057732877552,4.771559668010335,5.055053838169841,4.60937977318641,4.538214159867069,4.704663378887189,4.879781075895684,4.028690660673433,3.3626584908164774,4.506260875090488,5.096182671177904,3.314862629366303,4.517163799766717,4.913154807669446,4.1349530827322605,4.8450317729960375,3.3257291015058774,4.675177845016003,5.237786023000448,4.160371751749715,3.8167988584803223,4.155378872715543,6.214683828217506
QJ307468,5.8616402079651335,4.2001082869942685,4.704022169483606,4.883832206513798,4.483550952359439,5.088995393012324,4.201445666035871,4.865936617806882,5.245948166796309,3.9566011035664927,4.076560016629641,4.815411197465568,4.876768911084698,4.780009046031961,5.008158985733695,3.8054061029982904,5.359893253872723,4.682682369453916,3.592910031851888,5.176415027074608,4.753722536064386,4.285982466529706,4.0707728698854195,4.728930410548897,5.293949832846302,5.3294592165166135,4.656995803545115,3.7856093344694424,4.7048866887618574,4.962515446070101,4.335318383349582,4.486054581183558,5.364700506687322,4.238014089460039,4.7094951451120215,4.123855121925519,4.4402572353056335,4.724751877245859,4.143511123009424,3.623823474304054,5.147285236914382,4.342749991964566,4.012989758487233,4.895322232695722,4.761607637738607,4.651130211373887,4.042809771399059,4.694124477086853,4.968990735646018,4.011881108822909,4.8641959295824995,4.456376447382247,4.978322972020253,3.9863984839656124,4.5336518214930175,5.281716589760436,4.547163776353856,4.243957633820388,5.5125568883538305,4.273698891802312,5.562341408480866,4.533741968665386,5.048225505474828,3.8923096378157465,4.858777972821117,4.241841455315995,4.158451946034667,0.0,4.78343696871777,4.7800572182604295,5.059605864136951,4.427579922963224,4.975179004050147,4.256296027260138,4.627628035648038,4.330095554035633,5.274510787646595,4.511058281551976,5.128014928884671,5.237149010737898,4.094069065640759,3.9363453362440444,6.264438808681268,5.340747926027941,4.4389651576638,5.33808504675947,4.475473677612269,4.508943225500308,4.573770773950066,4.94953477288275,5.563130413650155,3.989203870151271,4.777534438415272,3.900005363042919,4.427966385097801,5.820959468651778,4.4098902000345666,4.886542386518889,3.4532942814159764,4.502672098449792,4.420165375679874,3.8631700969920795,4.732278004365571,4.455638852688217,4.890749154676272,4.072190180187121,4.757919239987415,4.718689668808475,5.428450803492467,5.169352675157804,3.7171777852519177,4.769403331412378,4.655834964405114,4.814676917682694,3.65411403813611,4.2949371211407295,4.845543867503925,5.040757364042091,3.656800925314104,5.7834360414652215,4.650573038324833,4.383836996593726,4.168578588875872,4.977772729869496,4.336897212667951,5.500064676583889,4.577863159103604,5.521214106657413,4.322146731327154,4.322728241884973,4.461928202832757,4.766677780977758,4.814540405121785,5.414390917010827,4.457308499765874,3.881938049176863,5.346041296312802,4.497347831406524,4.0147389330503644,4.730588267003158,5.74819779215122,3.81427937467872,4.079007138851503,4.320716009447017,5.675628348068565,5.8653215163672465,4.016912762906396,5.27446552652084,3.864353898745232,5.137881866451882
MJ657458,3.5794145574480845,4.258582159263071,4.068149066741555,5.047639809668516,5.038197695590158,3.8747291926384895,3.7518163117052388,3.948341969963757,4.809946650137771,4.536187700487919,3.7427330184580696,5.276576832016526,4.6488473933119705,4.283875080628519,3.777199561159387,4.7224542675159995,4.765571403065046,4.655265726259157,4.659948191158676,4.474655267411414,4.737508708902461,4.4802303881491765,4.787713072916802,4.191221636469276,4.272319420355261,4.745481727791752,3.371685790176975,3.8503605032419865,4.373514266688124,4.31718514717993,4.547270830386789,5.498135514040344,4.570785538128925,4.8319835769626325,3.4662951116678724,4.620852325003074,5.377201447801217,3.5536938670498093,4.69784292796912,4.943919547456651,4.823687607825799,4.7118335978372325,3.32656088896472,3.4581152636710693,5.105611630506271,4.704553588810044,4.454218115185649,3.54032861092253,4.273355225119238,4.284619539833929,3.8566962974751764,4.90498947819934,3.3969862542584344,4.588013937102989,4.811467259545204,5.5940674339908245,5.065450808222326,4.108135072787679,5.115558027144033,4.276222751424126,4.343449781057932,5.019552364126852,4.041627602695623,4.207904854191936,4.269145406181353,3.2194531259118175,4.642674066040705,4.78343696871777,0.0,4.5365842187792635,5.219813091935228,4.459475413080023,4.527218777434379,4.546317953544567,3.569792515336033,3.4726325125952355,3.696389519492746,4.89056262644299,4.104180128223875,4.207790657700887,4.732672258746839,3.959967513516196,5.051104997204713,4.179678373524683,4.1686183753523975,4.677550748293692,4.8212660355422345,4.081103827932292,4.055458673499164,4.7681306229667255,5.437502133738032,4.446396157017474,4.334054202826628,4.614969746949022,4.306353414028757,4.912345715119521,4.3485641960376675,4.63989499113665,4.417347943923906,4.289553054755148,5.046999995676414,4.575045261191008,5.408460592431058,3.3574521917755886,3.4760624767540356,4.800686951410685,3.657868224800309,4.803975559842997,4.714647971489286,4.430920735359348,4.131292886690892,3.746737340139034,4.960531308235476,3.6605126011777354,4.460205813289081,3.932394881115159,4.304276119529452,4.770068452609676,5.072376536105462,5.000097196087087,4.107947374458084,3.8784607233256994,4.69157279866242,5.5940517678703685,3.744106741508635,5.363037096839555,3.658008745469693,4.861424771977568,4.553855237510115,4.64774993887531,4.018217660401584,5.0517556624520905,4.380046072333263,4.0087917317365775,3.46830703819411,4.117578033371258,4.2500604708263525,4.47244596733353,4.653876089513984,4.825806388959615,5.35155878633438,3.315502902308848,4.857983531035873,4.179497929750291,4.0564612272878104,5.2685254985584535,4.740247531562736,4.449556945822905,4.743579850942626,5.399261652060715
QD365978,4.754792557002632,4.6821671816437,5.4010347834397985,4.090050933544339,4.397649788734366,4.549367323436724,5.268772226134186,4.090916502872512,3.5327954751718416,3.7723879955298814,4.7516116508827055,3.6834963395251417,4.5113827029000815,4.72726092311798,5.270356717953222,4.589411834701713,4.968482650163258,3.3413471769666576,4.144376289716974,4.352141691896848,4.7153569491446525,3.854298135387752,4.0526449698312925,4.332980429854727,5.60191583805375,4.708551355896969,5.061640345810796,3.801556996818312,4.827950349806815,5.114936664252083,5.153767467151131,4.3719769782408,3.9735976137152735,4.3492438970890746,4.263467589977373,4.362887311574818,4.634329853753683,4.138699730242566,3.3762114433986765,4.024112581784463,3.44856538111472,4.839671957832385,3.608034638170981,5.042576688075962,4.989657003817225,4.728895169815681,4.449580850823066,4.303198452328887,4.01149016562409,4.824918370568933,4.343989214919687,3.6023103696949,4.72230617043953,4.539022495235632,4.65391937114069,5.35067521712917,3.932343967628043,4.0609513463866,4.461329198661055,5.1762720573052565,4.760919650883407,3.9609048513900893,5.1360185765744895,3.866999375114596,4.224168855620873,4.379831824264179,4.144636699446078,4.7800572182604295,4.5365842187792635,0.0,3.9579903997809,5.007134009700908,4.2380920397498105,4.087941320433954,4.174287745406448,3.9644620043587144,4.606590593088855,4.131749612447824,4.058690478008098,3.204737552579465,4.636559971945068,5.209821476375323,4.6228219120918075,4.939001938581932,3.6505004014615188,4.2891045275010296,3.7427958405164024,4.948859910214818,4.955614035299638,4.418116807116618,4.365187657059918,4.731062687980692,3.965698765561614,4.601206995962329,4.6846565304919086,4.988965016124182,4.652396949129725,3.904989357013008,3.7598209860254266,3.374995796132117,4.6322583300232605,4.571608547396948,4.873585789977445,4.349647134527678,4.52270669742718,3.926262707477574,4.715061422009687,3.903997414646403,5.5345244520195145,4.847498294576563,4.095839695904512,4.389042918792187,4.942505344123153,4.981005137576582,4.234545506492907,3.9009524995244744,4.541464600013835,4.4433929967696635,3.94900986471054,4.981082605037512,4.678742287515279,4.761478140473912,4.388674111951853,5.34196694611849,4.331384228682671,4.843862332552712,4.433444601873541,4.844608473220228,5.028548997638433,5.500912927636922,4.668317740944492,4.268050977771693,3.3918114055617368,4.674698618348597,4.15236683805234,4.306034066626232,4.535219019351628,4.447358982469096,4.177408828843896,4.614210045234958,4.733579908003122,4.435422764753083,4.304831548594392,4.573103514229363,4.825579942118954,3.856944001225082,4.326747128544983,4.494136539958077,4.322342902678082,6.2579027757811785
BK257344,5.374002221799481,5.2268775249443795,5.327650718808799,4.791394241459912,4.13314285929152,4.437430031593264,5.6489972395764925,5.00687511938633,4.77126133234088,4.691626512589149,5.050464078337008,4.488220901509484,5.068539295564576,4.527631436311827,5.303494941768639,4.477557369627303,4.3783296117507975,4.354071114273386,4.982434948055964,4.163737450788543,5.643817895684482,4.046597806251213,4.886063855306501,3.6738979034821413,5.488049962082793,4.989792320765006,5.266885311394422,3.9893457033328956,5.246406596795513,5.854778489461532,4.424978931871475,4.472900556977717,4.39837209586135,4.092554522335606,4.813528429419019,4.754985879146247,5.717833349384996,4.2402609506849025,3.9920626710620755,3.9162437207902436,3.6558547929542113,4.966021781829829,4.363230728851404,4.531045948538262,3.9738791998873424,4.5136909978196575,4.778165798424756,5.1861573535186505,3.943897279730518,4.302352774702975,4.876297004036169,5.078932542164219,4.801839118998463,5.759745206695548,5.653566494886107,3.9371184036827547,4.6413920795489885,4.861164860100903,4.708626494284461,5.743258679098043,4.9396681121354415,4.883037025030536,4.974015546480686,4.630311331125141,4.514585043859366,5.899071879270503,4.3572619538948265,5.059605864136951,5.219813091935228,3.9579903997809,0.0,5.759667882702442,4.6624090227682125,5.320505194888585,5.560552147658172,4.987017464736198,6.178221423993358,4.392066051474907,4.772876957265001,4.955081072073785,3.9933107713194005,6.151004441794631,4.992002125105447,4.2416799040939654,4.491902321062818,4.6101838795829195,4.99895566494616,5.176608935108405,5.231734053250488,4.5710756032219955,4.392390509715084,4.4444467574256405,5.232430735342266,4.081402644424567,4.897607879976257,5.660828122838356,4.750498178098438,5.365577190261326,4.571600904937516,4.3639235759880695,5.325394972674987,5.214640456258995,5.590720160198877,4.861740878006523,5.182822533851766,5.433579630555286,4.55248926014652,4.342447459806583,6.009997628068259,4.537663824534464,4.906254488926142,5.076229575941662,4.679424050167019,5.865977578731974,5.4491252521113855,4.009612298609215,4.06762323564443,4.31873293898657,4.339052213991349,5.215274168098918,5.438913530205967,5.444349429212604,4.160137661890152,4.556509051596307,4.30817166908636,4.471935195100593,4.113296598817748,5.590568122460038,5.34644633525475,6.474215406626686,5.140344222292042,4.580302139755713,4.338329714753333,4.446977195776184,4.712956634597717,4.261858298513022,4.223353340948381,5.710213460778982,4.289109722163749,4.142647892538242,3.72227448837989,4.641356504598529,4.605253287393699,4.710996769677423,5.541464009404875,3.9599568486034653,4.819919327607925,4.490700062358342,4.243910946071908,7.372517461181909
AC873059,4.554101594304749,4.21736204843805,3.478317477065185,6.090153124395331,4.836057588266215,4.714864424932665,4.68928801166191,3.9492398456769813,4.476518355084724,4.686902528985292,3.726973672644264,5.196364489458819,3.5891465054706737,4.206844937699934,4.128595083236804,5.398892952004182,4.940726383422595,5.139341487702333,4.6774377069815145,4.940877319398312,4.396645810019829,4.470909401217851,3.9477079179560617,4.7311430807040775,3.6363116724279245,4.468918329645072,3.610490297229452,5.103102917911734,4.219283309251483,4.718541407854444,4.465659787171031,5.248429717599225,4.099942850136953,4.745859364762853,4.827589659941986,4.871179722026556,4.454284873648763,5.072975550405832,4.643898584301176,4.741131294997009,5.234243739364584,4.498241901683738,4.766514450405227,4.210554618937216,4.962295022820654,4.8510215673118315,4.426834216987678,4.080795033566152,5.08150122181138,5.197363698821015,4.309098627737062,6.121481625848634,4.080855815701636,4.6770670577984665,4.46268707586039,5.54947914750794,4.859198169122832,4.914109429334773,4.542998256746228,4.790894635919174,4.455666458829394,5.405650071499389,5.510366850303519,4.85504397367603,4.2705690305565485,4.42782807379828,4.513379090189458,4.427579922963224,4.459475413080023,5.007134009700908,5.759667882702442,0.0,3.8887294517963187,5.1716519195281645,4.613375217784267,3.9348854696250104,4.350607950342468,4.499363318487102,4.528592289373588,4.938770918113659,4.760571735664673,3.4876041189270155,4.994641685374986,5.611981157510293,5.28477207815535,4.726576973134438,4.652529699291598,4.34689892449977,3.8740364168428134,5.018670381600287,5.220488876393666,4.6634212369390875,4.51286667502135,4.057919732834164,4.096039882489598,5.48350623317,3.9447868817451672,3.936101790765207,4.872754763555438,3.820238237447558,3.9725585192296937,4.219784068595302,4.202402562174942,4.813358729541083,4.609451141110257,4.951534216657558,4.53368982961506,4.7858729862269405,4.087935568883946,4.936187255708338,4.42419362527443,4.016605599284114,4.723674553018951,4.01743875973282,4.865891592600608,5.086351063448038,4.846525625015765,4.47098512431469,4.8547328457791785,4.7313263180871035,4.387435564419476,4.415250998172818,4.587553442020389,5.033048949158366,5.144693766753715,4.506945439802544,4.721510915569027,5.342801102034708,4.281181936292984,3.9124451540384424,4.381287344458681,5.346526713132279,4.810564001200728,4.654920778242442,4.586239989117634,4.610215848299245,4.978545679975566,3.9132530250805084,4.959521184150249,4.075845038174149,4.694157091599032,4.8410578621633995,3.707474122656675,4.8078381664430285,5.282157118606896,5.505026003581581,3.3294745399468066,4.524476180537937,4.395958697525391,5.755405616938693
ZW286556,3.4330617931454896,5.135978723549844,3.894375778013198,4.823488630041408,4.064846854131643,3.6518700173350997,4.9720936613789055,3.8933096643168676,3.9984272867001542,4.411030680651018,4.082597581622304,3.982318505788919,4.79946035451236,3.802546252800638,4.546131815979575,4.851114288443492,4.281261990777542,4.0897279386235725,3.948173539001019,2.8424075433128073,4.200611179404908,3.363966953208354,3.8351606741529576,4.409936020118413,3.4593760252848376,4.671251835897433,4.39214959215489,4.890395241471765,5.218433800215012,5.835239109674244,4.286513242103897,3.9304592242429224,3.022989669399035,4.300494596587867,4.93556351045318,4.604716614074871,5.115752599057113,4.567668927485444,4.570358163146948,4.554792367603581,3.7372427920239146,3.9492206735307707,4.283234483977408,4.583068204331836,4.448940814851143,4.547750251642172,4.334749839855965,4.458864763304809,4.6849625216885,4.743457432381654,3.3104650716741655,5.40484668402436,4.504362377794521,5.296184547263236,5.227264326628015,5.5391379692721445,4.3932324108346785,4.191751053581095,4.239640452372187,5.002268299676849,4.493249227147747,4.55968465847472,3.8771847236451817,3.6121056285113684,4.468463066836299,4.836728490684487,4.280345396032782,4.975179004050147,4.527218777434379,4.2380920397498105,4.6624090227682125,3.8887294517963187,0.0,4.67928878431302,5.2791879289471755,4.309471330695347,4.84884414425892,4.431474987493402,4.278229011231558,4.41226442739506,4.3343791937134455,5.081497973801634,4.11983015265835,4.44606698127608,4.125984415885454,4.887132796093304,4.209693276796577,4.582594856687746,4.493910641861846,4.331389759463644,4.903343740069434,4.358306546565053,4.620775714321312,3.8666458918752795,4.060553495552101,4.625124060319421,4.5223020674199,4.75500699426108,4.478318078185999,3.6820985976101945,4.895025872537372,4.647550529559258,4.628159048835588,4.185101810321811,4.248446439195152,4.828663605367751,4.176879936040737,3.8251633000197334,5.067081761433765,4.362226977627142,4.329877776874292,4.772912838408296,4.752129737331922,4.043945320797931,4.419099241600652,3.8882492589115434,4.358601240926748,4.108023995052637,4.688949508827107,3.528761126070642,4.616628385720202,4.366286674221732,4.854672657998762,4.719214301616904,4.821301214869505,4.29290883802701,3.4772618127270363,4.855148882463208,4.942928272659161,5.452406654379858,4.7220124008181665,4.780874106120194,5.009860376669339,4.455113850015999,4.455055154115132,4.1310930277246305,4.591174881741901,4.325979788336335,3.9212417946395877,4.061523091299662,4.0418080496699,4.64060351920982,3.990285168995024,4.032463715371404,4.273978303080723,3.292431312599309,4.029563843093118,3.4939520161877056,4.058323815837328,6.380970843056446
DS480586,4.868264490413552,5.482360411350576,5.460047413108403,4.313078256349652,4.900245167704102,4.847951597729758,4.600836004414391,4.4901005357567705,4.1789320039217515,4.5524501175570276,4.527729183636029,4.392333531061079,5.506910913866342,5.006446718491445,4.630681852069615,4.03613700818934,5.558586828259031,4.807855442199982,4.563491769795617,4.747109107467814,5.380881635878001,4.770512369671778,4.166585394828068,5.04335899789809,5.677879621832007,6.112403101977606,4.72321191605883,4.437864425458895,5.564246508672713,5.825890226219526,5.498080695532474,4.017290796917601,4.421524987798861,5.601583105503817,4.994506826017746,4.072173567719263,4.874875090701173,4.462459082564167,4.749195284380205,4.634012323159178,4.1203878934881,5.051969121144905,4.657557130197413,5.260509259753651,5.74029619386151,5.26882325218014,4.466389973912422,4.783061331534995,5.204745624947084,4.516312176477428,4.71594637185772,3.2753744739846526,5.210336102853414,4.487469539141152,5.5868077043715285,6.462101244389134,4.9033460292011615,4.009772304068966,4.903494181077695,4.11745167786784,5.712261436442231,4.150417523987134,4.877142705059333,4.019623847895838,5.51357957435441,4.574270794953177,4.347608979652148,4.256296027260138,4.546317953544567,4.087941320433954,5.320505194888585,5.1716519195281645,4.67928878431302,0.0,4.347885707173268,4.391368970262227,4.942157579122104,4.01967442601084,4.593678938472155,4.481236460555773,4.821218567364886,5.254720451221762,5.250443512682512,4.966629892394081,4.451369083373533,5.553806181933985,4.648900835784552,5.202657212715183,5.996158048357389,5.049606195417307,5.442198867057181,5.034638153873978,4.375503248081483,4.443576599974739,5.671454390876686,5.275047271764504,5.0232630559765585,5.016842415323977,3.243257266309066,4.815369724727401,4.986745466689813,4.6839488953768145,5.7172512846249,4.134149930440821,4.641324188503955,4.320643508508082,5.524626079527076,4.695185676801133,5.616922344594391,4.670888723404113,4.225476795506017,5.653918312260554,4.914569082991557,4.814803154088355,4.024070484386858,4.74301478620928,5.386638962581401,5.635816292917057,4.396747249704619,5.2743471532857855,3.961785742289526,5.427388923976998,5.769888923671712,5.451924357054376,4.115855731317662,5.852486962514999,4.850323955482236,4.046086438024336,5.653352007364501,5.288756804225221,4.678938305757277,4.254282637223945,4.813818494008456,5.718685105396845,4.296144786384864,4.162642174739064,5.405970269406025,4.176481848948544,4.117918738227036,4.708850357670659,5.732334195294396,4.393444224375002,5.519978624963733,4.415510859785444,4.151062631141762,4.835269681046241,4.482996743512578,5.068012566111125,4.753455903798859,5.831920454686808
CJ891267,5.107524222117735,4.042328769281798,4.449135229848357,5.358106155330517,4.837952119428587,5.466040973909441,4.217997905835977,3.991733392588177,4.380719186021661,3.9862458522986697,4.537258151158304,5.334642041062382,4.4881728383405335,5.170784092780555,4.928336811617289,4.916388287944411,5.899138874982661,4.804061388265354,4.63028259516755,5.608572228511587,4.752958866160217,5.245942917087759,4.3490761439899455,5.446721787800136,5.528409219803358,5.02924114795208,4.353004930455799,4.44696632025262,4.19757795838754,4.432504228428826,4.47015138059137,5.677475799176953,4.895538235242982,4.89791569657475,4.18007155707653,3.9218423045302147,3.668839660746234,4.146445040375711,5.077148307895396,4.474238013484237,4.871703413830533,4.773805436323671,4.357622985167209,4.3453445688486045,5.594444659952744,4.918790111446856,3.9544401140234298,4.369914796322115,4.982191255582303,4.976299680560141,4.686837248829506,3.878687216155502,4.226429853496139,4.48869831937839,4.5239199272337265,5.248668257922839,4.443287021580505,3.8565366738915374,5.78867283172471,4.656263277060635,4.847346243049138,4.636742651105693,5.559963392228249,4.02607464025329,4.0171409829478515,3.0812798104771173,5.358187227017091,4.627628035648038,3.569792515336033,4.174287745406448,5.560552147658172,4.613375217784267,5.2791879289471755,4.347885707173268,0.0,3.0013696782766326,3.712320167886372,5.425428744671108,4.25664252160068,4.970007057911909,4.525092813067399,4.330887581777262,5.720285352568314,5.2779966730564984,3.807557717510602,4.753884360249039,3.880566352694294,3.8743871222597415,4.519099242491133,4.190858550798248,5.6254095490438525,4.394253800607792,4.124643026384951,4.544596478039919,4.48511353485858,5.246142880146364,4.588665981017217,3.6824743750666324,4.205115564949673,4.346085241883338,4.2263466556887375,3.5664472918238372,4.677233424161097,4.40091987224924,4.922140647952936,4.290990423297513,5.212431991877347,5.196843031383535,4.708421624995528,4.513495478824757,4.178174546359194,3.732082070158243,5.33728446374324,4.264754989351864,4.44112089042521,4.859881569572591,4.221330483246477,4.888955573423908,4.886329705978295,6.072636605039471,3.519511357691804,4.642596360625885,4.326728222933311,6.397234868554646,4.799748919674644,5.440730653036904,4.806954061129432,5.641530735710262,3.7860719984294082,4.287325643641041,3.9305194000399677,5.07311501145318,4.269444944355133,4.81479433969477,4.219245514246871,4.528797567024864,5.133336879315471,4.411317322514228,5.358800299118666,4.877684085340663,5.674294292845791,4.688086387297627,4.710180910129215,5.418548751051933,5.585331817671947,5.687188136598266,4.4621366552464234,5.222626920464928,5.258994466967621,5.36122269878493
WM625563,4.113409446316224,4.096543534345867,3.92654461696474,4.651430412289262,4.5101441645541875,4.681602932280574,4.203774322206454,3.673820495024221,4.114580259889245,3.6393697443653963,4.486337933958031,4.878903658985954,4.666226019550991,4.441499397959278,4.588872416590006,4.6206875965567695,4.860839985719492,4.339718302286736,4.507873775298569,4.28741016872279,3.955343343028959,4.248183699281805,4.074164412944606,4.714697703490133,4.771878372898326,3.972314114104965,3.560354905022835,4.174126330449206,4.161065622726501,5.1208271719562735,3.4140979362420585,5.447814933742517,4.712007008771338,3.517392108739025,3.8804179103365204,4.016606855141611,4.7559427899438145,3.9253168397751357,4.144839876274054,4.725022351055123,4.201618536285868,4.02116800660876,3.43178249339193,3.736481655512518,4.759540735710689,4.819145864614422,4.199161714829655,3.6605823811085303,4.646633790460917,4.494853355194711,4.364282408499212,4.1053597759521905,3.2855318925534696,5.110994760691312,4.417226440000459,4.963000802099514,3.540800743030703,3.6187224187279665,5.048502973993191,4.81455378920312,3.8698074547348296,4.159499643568653,5.08079556783812,3.4018048182970704,4.357014396817308,2.842494758377537,4.564463417254426,4.330095554035633,3.4726325125952355,3.9644620043587144,4.987017464736198,3.9348854696250104,4.309471330695347,4.391368970262227,3.0013696782766326,0.0,3.127140433999634,4.936237623859181,4.207050923581546,4.222489007272661,3.551616181090461,4.090328970297346,4.856785274332978,4.496063405514629,3.7355946329975875,3.5195749453690506,3.6387360119422274,4.043774506310494,3.9944983195012784,3.6713636700117367,4.591481403256101,4.309672603051321,3.527617393532814,4.353813979440076,4.284001400595025,5.097382429711781,4.680547197273512,4.156793500840392,3.8790004825541144,3.5082796432955865,4.183014852932135,3.515391477630738,4.335586554551856,4.320970824799758,4.561081004062531,4.921646463345238,4.114225811357406,4.706553609975746,4.587615895378511,4.1865461745155175,4.535245909751279,3.6787130348685464,4.607750515346985,4.551301802186722,4.658552695830749,4.39397268267327,4.074010007186769,4.247500607536112,4.61732689001532,4.420099098067469,4.014175242394435,4.192447396700704,4.193220802438945,5.718151365899562,4.162862478511378,4.354403623621963,4.150275874625891,4.838468707270063,4.04202293250845,4.2991449965271045,4.198007304680779,4.530304585701395,4.250953721166498,3.8981401201165866,3.7118226766091937,3.849369274495354,4.5850869724283045,3.8209595286555715,4.374968561801381,3.97325794171855,4.539709727275848,4.273768455981684,3.6715208647497257,4.959021395249351,5.230313349639292,4.885971029101179,4.506181110578062,4.337310639873786,4.4014934116236395,6.236427525927045
YU036236,3.6530620482391347,4.838256467314806,4.647798892587644,4.777957532121068,4.661754352211473,4.5215798982748305,3.7381178733130493,4.151594980835094,4.049123949002511,4.620803195888434,4.876084759595676,4.552933851028594,5.4587428832303,5.007556635831322,4.387147729558757,5.204128050925592,5.503403938847617,5.471039309455007,4.669751803086464,4.918582104402345,3.383552504157841,4.497416937032118,4.382753193955231,4.940045375507297,4.4754130308066005,4.585875944996618,4.840226495161033,4.77243030273983,4.947522064751885,5.734887540750147,4.6736124857336,5.5673168335809615,4.798581711480248,4.237661698283023,3.7635694493533864,4.391031453162452,4.972383753116638,4.363923038753433,5.544152362017731,5.415588232096587,5.293256048501945,4.548145245084092,4.6288033612723245,4.660737192303107,6.108531172721693,5.182407260524665,5.2575287629212175,3.2567327833241113,5.815373049662168,5.428986971705694,4.415981885142302,4.878071110628346,4.743614469366033,5.021448304394695,3.893793629427597,5.843259984797658,5.09075277395521,3.4954565885262285,5.983764939279878,4.302943141358245,4.274263971300681,4.657885942566319,5.058869618591858,4.2750515950729095,4.86335757241169,3.9714922442124947,5.911483054316289,5.274510787646595,3.696389519492746,4.606590593088855,6.178221423993358,4.350607950342468,4.84884414425892,4.942157579122104,3.712320167886372,3.127140433999634,0.0,5.916302010533893,4.325126062208648,4.44535413005265,4.814459840898364,4.925984745557136,5.13588633747151,5.261203529340552,4.201864047231913,5.61063334725719,4.226578874825234,4.258633734931349,4.784746268383747,4.0492968243097325,5.950327329882736,5.494253762304149,3.681126958455134,5.164016873640695,4.416275819629915,4.6294289945011045,5.824825087677191,4.388967142526309,4.451298808943245,4.470143206542323,4.992096086243777,4.373763327368956,4.832014555016569,4.872421755891404,4.763124226920462,4.676429655751047,5.071061324001134,5.142974739949285,5.512004142380471,5.634448327434267,5.203496888480083,4.2130173620565445,6.39387074385896,3.9022434660651557,4.5497588958954465,4.587505114609298,5.327736734789351,4.825166072527761,4.928299928396705,4.661856961458706,4.62619252742491,3.706214637719933,4.678599924696087,6.630166121731428,5.358168380109778,5.712447532185664,5.190949211671677,4.766784013714109,5.275419782960893,4.749811680086226,4.193217542283163,4.809771747507159,4.682626396688191,4.83035538813457,4.286546715498726,5.274178143316212,5.656010021921463,3.5678820455194526,5.491171910872809,5.4433434305971575,5.684624521211852,4.558429674145591,4.3790841124571145,5.005072146836269,5.06849554954693,5.216552792803513,5.216849881783507,5.213785860496311,4.659598757116502,5.637225075444312
IK865747,5.313924548525551,5.5404584467445925,5.301981931982641,5.632038087248987,4.425772509336292,5.033110481091369,5.393931913168607,4.291071440212737,4.657568827461575,4.304919225054998,4.6783899625697165,4.435304978092943,4.070687333307516,4.142528644958782,4.432177097055101,4.5760729363423,4.625507523973324,3.7929847685508684,4.319186431974261,4.664197346904678,5.934188005313388,4.229399943079149,4.44657116325808,4.252967256046435,5.411975229609842,4.796414769116507,4.475630523787366,4.5161516688577485,4.6578621057769425,5.14102821007931,5.064109121155432,4.000902648116544,4.258093835803758,5.065381187935768,4.937599364474411,4.317504027132768,5.565248620523628,4.171620099133587,3.290857461099854,4.369853881778426,3.5296168121775167,4.4736096880967695,4.277933551227441,5.018009071415275,4.544820117865296,4.632030783527109,4.690337009891498,5.117041053704844,3.683137756986064,3.8396416520373124,4.846185817548464,4.742207821647527,4.410084994893761,5.249637635487003,5.6149191541943875,5.312496052873362,4.426318446673206,4.462126224052726,3.0997210262042216,5.502557311468784,5.677280841582731,5.268012017051475,5.595403461767021,4.636720478065023,4.298031049927048,5.268169278229039,3.198703744606649,4.511058281551976,4.89056262644299,4.131749612447824,4.392066051474907,4.499363318487102,4.431474987493402,4.01967442601084,5.425428744671108,4.936237623859181,5.916302010533893,0.0,4.974403175424373,4.746967055623956,4.438789379009118,4.908060105030201,4.926016857214612,4.098003807707434,4.714118677774797,4.8384490227136565,4.762773828424542,5.100669661254031,5.132876023235072,4.869291828803998,3.899994266119932,4.623373825963711,5.033501105215535,4.204549475921271,5.2068376982445,5.518764764134785,3.419758159560552,5.066973680777186,3.686771804314485,3.99748261364425,4.769204095652691,5.479452565416522,5.815317740763599,4.079093463916359,3.953681215248883,4.988611970250535,4.513800429580758,4.177861845741574,4.777342328654684,4.061771813322261,4.394124984270701,5.419652773000968,3.532964218968007,5.261466990159996,4.604541405141355,4.50578112697501,4.124092745337401,4.266032589615015,4.523699485851748,5.341820590262548,4.383594291871411,5.3672399624157805,5.190358030122986,3.1327323653401065,3.499108897112356,4.247317755109649,4.348126301697925,5.057059662142269,5.189320485606568,5.254967587808922,4.187990021979612,5.109217815434252,4.811666456652444,4.766323909450434,4.28254213347647,3.636785050417938,4.5113419698997035,5.301301000898592,4.425995935991277,4.40143708875924,4.847669971316494,3.9363151551386526,5.3225803458364,4.190905269334612,4.292384538604296,4.891694527446735,3.339774969358611,4.66459308842605,3.6631881475286026,6.3391884407117995
OJ973177,4.292528665105257,4.587852473863724,4.315683630948492,4.483631829932383,4.862486365035745,4.195825377489826,5.136869961956003,4.763102644348183,3.817168296194545,4.444006109852686,4.128503479988132,4.275678753087915,4.93662326592171,5.522098529350653,4.552387953713064,5.42328948958463,5.836074348747074,5.025094479860897,4.997699565329837,4.076296343208798,4.045611799505289,4.7843332935370455,4.570226934846921,4.287972021492885,4.7568113801791165,4.86321753364213,4.597766589068239,4.21103351176501,5.7375619668777125,5.8362667793059,5.2625394568854675,4.3810282108152885,3.732101067196759,4.270757622000376,4.36046367611649,4.745825362127415,4.613402173757426,3.7001877368342115,4.901420730673713,5.089490243271883,3.832759171355522,4.740590716215724,4.193410295050744,4.502059875913778,5.566729874723157,4.86105055273743,4.160351582294838,3.865882187484147,5.426171378242049,5.399308502416515,4.7544558698493,4.79105865814064,5.028890548888453,4.550337173059127,4.68831371839511,4.952226676982819,4.4079079974602156,4.153253484077946,5.385101482776341,4.423050015107115,4.325906149550886,4.8511048909445975,4.522603400802856,4.221595560578671,4.459806130153472,4.5353675939497196,4.631244797912595,5.128014928884671,4.104180128223875,4.058690478008098,4.772876957265001,4.528592289373588,4.278229011231558,4.593678938472155,4.25664252160068,4.207050923581546,4.325126062208648,4.974403175424373,0.0,4.731502257718444,5.360167675724229,5.056732631092754,5.246097430595942,5.56969032531042,3.9542300858779478,5.686343859189556,4.089909483846796,4.5453972263004685,5.154446624362755,4.782729245603753,5.705384383185334,4.630181247909151,3.6227359430190145,5.104762693364211,4.326427669095512,5.158648068874639,5.336276896202439,3.8786463486450096,4.69971221632704,4.120140509316482,4.288610470627165,4.906966125563885,5.144153782343421,5.066329052673987,5.123300083698153,4.518481661888872,4.901533029594502,4.387021308449294,5.6833173504755345,5.493434503056829,4.789943270954901,4.634145267504884,5.198773356775974,4.189338900324044,4.850965127044911,4.547902977507571,4.996069046820406,4.4201311115414885,3.976881314422508,5.359436321913704,4.222557815707769,4.994861765028605,4.206741454411953,5.968414832012614,4.670133005322693,5.259275541276564,4.57458041308759,5.773473655014605,5.538501677133668,5.781450608348236,5.4284452534551795,3.752264325923961,4.054689941267706,5.028900160258952,4.503586874462441,4.507889430934159,4.2886914520058035,3.85454785617667,5.291714746408161,4.967878253762783,4.273575051024158,4.862449368926517,4.272633400424228,4.8950442181100655,5.638219528090573,4.600870224151118,4.75948026341049,4.831638602366438,4.963151799818429,6.079528707938234
WP630067,4.247390059590644,5.5302265024707,5.616718946065084,4.464515505565204,5.182758558739663,4.867638973861671,4.551756495977236,4.254423024262402,4.540492162960687,5.062451554538426,4.206774315983314,4.817024461977644,4.971621188968547,4.544463228870911,4.617908217925103,5.133055060642825,5.188960040505185,4.987430728827408,5.188394508576636,4.616881819670961,4.873096095787472,4.347746985565278,4.55441396293808,5.106442769291239,4.912256138652374,5.442590408734168,4.84614753357629,4.524173068574066,4.955665505592575,4.562129301252972,5.669712334586818,5.307965577804291,4.285326840901764,5.001510857354482,3.774417217330986,5.138268824255906,5.83521391045936,4.830694954082423,4.226721966821156,5.068351148161353,4.083520593366626,5.4534001914830625,4.305931622184221,4.980525178794339,5.866466924821474,5.872607707359763,5.134883107460775,4.683215002981973,4.104512768757453,4.8098127690532895,4.409076472085179,4.468912546835968,4.801644823121627,4.728308959266966,5.725530671508548,6.371149683047706,5.506073325930357,4.749602883967657,5.3285072592338345,4.654125399288418,4.845319096090519,4.845581018790201,4.589812207079343,4.660125754664211,4.721059187043732,4.734717669215513,4.436255081206439,5.237149010737898,4.207790657700887,3.204737552579465,4.955081072073785,4.938770918113659,4.41226442739506,4.481236460555773,4.970007057911909,4.222489007272661,4.44535413005265,4.746967055623956,4.731502257718444,0.0,5.153183287741971,5.055458838322837,4.3572867117503415,4.868521590577387,4.103952252405459,5.172102067053659,4.98978512266722,4.555371579365195,5.251866714089055,5.369319866588961,5.6044783390539195,5.461249522362508,4.520040335735558,4.591966213412138,5.139989655127452,4.329656782581766,5.096339453917888,5.114887667569038,4.685310041467794,4.366636755584588,5.61695553713855,4.471810616909262,6.215085617022735,4.826695721228624,4.51183012399906,4.84875640875717,4.605511761190084,5.236148156593443,6.077637005687679,5.2440032735920985,4.5576435194508145,5.063737115121025,5.318285533041298,5.267798731406671,4.564767994924301,4.442241364808885,5.446959163863261,5.579786015138079,4.124656571928951,4.097027402496589,4.470186914310727,4.361326625992224,5.245802404263203,5.629707339982649,4.588943107763855,5.26450755917066,4.641168743164188,3.586242112245701,5.92047963699749,5.131237216732694,5.0983352208417285,4.707131177461419,5.192340487694481,4.544048526320001,4.076492458365011,4.625510975121149,5.692698823618108,4.634093618315477,4.25418552319141,4.841443836844973,5.016620111985592,4.292788413402759,5.073241791259537,4.486620818813333,4.126399571724332,4.588294985052005,5.052869987156272,4.6531359676136885,4.457994504933913,5.981832466418721
AV875914,4.9379734020652295,4.922391129180944,4.494815855706882,5.166088858460461,3.1811579311498797,4.533984587709378,4.538327781049973,4.620120814207538,4.718003778916199,4.081991798325235,5.144109771652434,4.697434507854497,5.325145882775985,4.023766301616056,4.69322987202619,3.3232405774845044,3.9324210392788506,4.1399690311861255,3.993934365866166,4.145557785468231,4.738786664798553,3.54869007802159,4.376094485888826,4.379223155806019,5.177596986869387,4.196524745268832,4.541159689053419,4.344484942348178,4.027280763748094,5.592231188888311,3.278887308839662,4.440398615707604,4.7083060665947025,3.957652990525041,4.151135441241922,3.4516767984623393,4.994749028266277,3.703419688200428,4.1342801278572425,3.9829215736254224,4.5021400172315165,3.670093446771677,4.158586309938869,4.37670730262584,3.8094741050673626,4.253949999682172,4.158796622359464,4.302566905051241,4.327396394282968,3.8633099852126023,4.378173071694987,4.510683802873056,3.745891823380184,5.546807729471129,4.443809845920623,4.302567763629196,4.412063773322831,4.2240015790838354,4.8503653447215225,5.609449393090226,5.118278376647417,3.7616927510131193,4.932135265423462,3.795728016291938,4.575180044852784,4.658738346829716,4.528711563236947,4.094069065640759,4.732672258746839,4.636559971945068,3.9933107713194005,4.760571735664673,4.3343791937134455,4.821218567364886,4.525092813067399,3.551616181090461,4.814459840898364,4.438789379009118,5.360167675724229,5.153183287741971,0.0,5.113849718454087,4.905128553549028,3.9910935320008387,4.156009913809603,4.311277310635878,4.025520383454512,4.456001296189844,3.8575471734385705,3.5005090405773984,4.848158983905904,3.871854818053501,4.813425900885587,3.1823970584248205,4.522808419575944,5.583583428514565,4.652195127933156,5.13367789564354,4.21969858339802,4.506067985457858,4.232369288021743,4.5712644113860454,4.622715929446933,4.245687598754144,4.624030370785949,4.708704794172812,4.648589430341375,4.149743919455079,5.148405374699952,4.122488178990733,4.795500348341462,4.016860669038038,4.587225512763116,5.266598713160353,4.979021639456973,4.657543585063229,3.7838532768011897,4.7219370855392215,4.383638522917349,4.8346076874639845,4.978317314446934,4.385448237072818,4.691798418795793,4.292239769251927,4.232288262022142,4.195891899480783,4.298472742472859,5.231363473478416,4.662010124671698,4.555619318451259,3.7365605434156723,4.668571106356541,4.618076562187754,4.196526102187644,4.242910615921448,4.198613185844496,4.717816566236833,4.429008873950447,4.506302374907931,4.104009459580687,4.662544014942767,3.9370670843465962,4.640291015247905,4.379421160875349,4.928714206175084,4.5601192175792145,4.244316632261376,4.526119696165055,3.9222888417625192,6.224239468049433
NY061123,5.360808146573781,3.9801530837390207,4.105398594114746,5.938492239826736,5.12239716527779,5.40293899398508,5.013740174654716,4.26734377993893,5.493324291268993,3.9046553282954615,4.174140053404756,5.973015066473161,4.263482728916088,4.979040026969997,4.426670795529778,4.9964322113981225,5.702198043011908,4.8803637596364675,5.15158049844844,5.854828046414573,5.084386073605941,5.220286943312747,4.504671829907247,4.940881046586387,4.511814012339805,5.251828505159516,3.4046281551267064,4.6126395493990895,4.546097996785255,4.416912661282176,4.796750010364652,6.070649716423698,5.74473089724821,5.247860987532388,4.698602574378149,5.154377604238306,4.900348830545152,4.859708334093862,4.947923588515443,4.51368957120891,5.837401501749512,4.854556936541183,4.23798559565343,4.593624821955756,5.693693947053631,5.1883516833587455,4.226562001849404,4.495267899341359,5.284792923032904,4.541935104655674,4.826145073651276,5.831273713156185,4.370581017568325,4.198801309264431,4.564656146055879,5.9544652291428894,5.10618193860351,5.1960180175303625,5.6780289522554686,4.806597241041628,5.383284573192995,5.3707644997294,5.362337571033052,4.269138520825469,4.161822348152845,3.6024083620904905,4.347260682966507,3.9363453362440444,3.959967513516196,5.209821476375323,6.151004441794631,3.4876041189270155,5.081497973801634,5.254720451221762,4.330887581777262,4.090328970297346,4.925984745557136,4.908060105030201,5.056732631092754,5.055458838322837,5.113849718454087,0.0,6.151077467800794,6.172426254595754,5.154371785098529,4.774593603864558,5.184776404907532,4.40333730675199,3.8852681932616417,5.685674445872067,5.63833246759015,4.418723330993506,4.651195911172261,4.979035106274193,4.206225694666656,5.604298242842638,4.36845480569715,4.449453316024887,5.01730401591467,4.139265787583277,4.117095077690043,3.8553337431014656,4.9989668950467845,4.4133394703069575,4.520189686377956,4.862900588122039,3.7851530876682347,5.124414042334446,4.4566688399828,5.156799152042927,3.897531760832803,4.181927190360797,4.853439886484661,4.168772617242803,4.715980615924461,4.66519725130605,5.188094189065116,5.557256170453195,5.526249836076448,5.609040382414887,4.279546481370323,4.31748718970714,5.01212453442863,5.726522116662829,4.83613803916074,5.519129250776104,4.367058156104047,5.311695951076684,4.006908265678234,3.583843280954154,4.19600052762612,5.558248339408831,5.362469208460742,5.158658939496629,4.511212895395954,4.172454749905135,5.173356950709633,4.489462775129268,5.006775303970542,4.785694434517547,5.8228539964412,4.311487587509173,4.599451981509372,4.44373603885107,5.470472749632254,6.309846357234248,4.714512738246647,4.919721467485973,4.969396032493378,4.978356725198136
PQ145431,3.7369470335013384,5.739579152884941,5.334596302953743,5.727713552016241,4.672878222884875,3.9083285307142064,5.631657218602514,4.815498705203,5.087258146645235,5.597054955587114,4.684095221110324,4.8881988317081655,5.343561800765333,4.911235725232041,4.7830095438967,5.876738050635682,4.513326338182481,5.491132841178286,5.4243166839905745,4.673256712410989,5.480005977178146,4.762172014258321,5.346606394925347,4.526367450118786,4.599929092803352,5.1817212866629605,4.981230070763423,5.510958224556321,5.2778818199187665,6.402584309329509,5.340460683266891,5.1214349701439446,3.671977425898568,5.365266582934175,4.614510917277677,4.984690835891397,6.605990106793689,5.047977895082079,5.476788472804032,5.302689415049838,4.572428804489962,5.6581910352643545,5.290432697870851,5.222892437786469,5.3953084765871155,4.941374213569191,6.447336309334483,4.670356075992814,3.973489155832553,5.6180976252531885,4.479084409895127,5.872183079824361,4.408273489982997,6.224472842977451,5.845976028010667,5.473024850902441,5.2265920058937425,5.268635203586645,4.451792564812083,5.644470961688037,5.114982224348401,5.803666665631267,5.308502962962593,5.1770973757074605,4.9612897729743475,6.036852504835003,5.118003585011086,6.264438808681268,5.051104997204713,4.6228219120918075,4.992002125105447,4.994641685374986,4.11983015265835,5.250443512682512,5.720285352568314,4.856785274332978,5.13588633747151,4.926016857214612,5.246097430595942,4.3572867117503415,4.905128553549028,6.1510774678007945,0.0,4.084982322068189,4.768537386819799,5.185955178213281,5.699463615745329,5.476715488989796,5.470779668190024,4.789669465950277,4.800142937809401,6.101037013561577,5.547479646122338,5.129040494351918,5.338629054341844,5.1555561299722585,4.919082997646513,5.997165960494735,5.137970326508979,4.792200348808655,5.698478529862849,5.596721304835017,6.065597434610613,4.92454817861001,4.380326499152286,5.621255114968674,5.00841243034674,5.765410560249874,5.410124066638771,4.848202815465661,5.867924728510789,5.151172631912761,5.771857861920003,5.48532101740922,5.818545562458652,5.166334353919545,5.341138201201652,5.366582877030022,5.090902579323402,3.330426131778429,5.191727287672755,5.533966515008931,6.004307110820098,5.3137511528753265,5.005251603411787,5.012546894141117,4.54710514969304,5.2722415736655455,6.0691221870005,6.472093783084401,4.989110123842542,4.951828343843875,5.453129932422903,4.022702728652373,4.305379337719946,4.717810280055108,5.365085244124661,4.8660243601416235,5.013484518902588,4.147357264327345,4.3373554123848335,4.926396077708337,5.543335504907669,4.7479162448730055,4.36931994293408,3.8711980179571057,4.645104600329449,3.8434214062716405,5.4144564307742105,7.804780147197875
SJ510819,4.457818659748406,6.109913015770372,5.412688939392235,5.265935134132247,4.322650406735928,4.392804894187537,4.194799893094267,4.924958942465138,5.538291238301289,5.169274802665371,4.874186342471027,5.131252015291442,5.158010310520294,4.373636159603023,5.0271228514401365,5.099733053490838,4.173927341255442,4.7802020508625995,4.706634433284651,4.311736613962361,5.794677731319855,4.300609630454553,5.443202381605743,4.681237612187073,5.022027901806754,5.154383998978794,5.026474779316216,4.8128714484293305,4.683704911893166,5.80875073120803,4.578314121092024,5.057211700170434,4.352135158473965,4.60669613609568,4.325088461740175,4.436243624633183,6.634477592595443,4.238266184614022,4.709478585672692,5.141555624284821,4.125054149949533,4.816359851210806,4.572113596790895,4.62787270668838,4.549839384738655,5.072298894158501,5.777231302193799,5.068900128413727,3.443232529390393,3.886419217258521,4.24672876720458,5.037580379161024,3.8079651560004413,6.415622850049431,6.08850128490175,5.029328825294061,4.877614278872925,4.008254000976488,4.382128465263984,5.390521985016411,5.2410728986731225,5.6097059886766685,4.839344787745652,4.5455549287463,4.843844482742034,5.488420146301107,4.903296950121403,5.340747926027941,4.179678373524683,4.939001938581932,4.2416799040939654,5.611981157510293,4.44606698127608,4.966629892394081,5.2779966730564984,4.496063405514629,5.261203529340552,4.098003807707434,5.56969032531042,4.868521590577387,3.9910935320008387,6.172426254595754,4.084982322068189,0.0,4.076643410237357,5.158333553581256,5.450967918353584,4.643163061749461,5.3092581309999884,4.2835312672086925,4.498835397415525,5.075437868197334,5.605179663227985,4.5513845934465555,5.410095717383076,4.850287629946163,4.416560112626612,6.048375961069712,4.15384722760921,4.70382599039728,6.313852886464872,5.662804424905841,6.382964133608179,4.279392998903054,4.016947588438714,5.625973819172151,4.677430447771806,5.47322446463723,5.739695965199374,3.850112449792103,5.274982183089683,5.426620231207183,5.169000068846723,5.3154731581068555,5.282571723830322,4.173254696184163,3.8682442528675867,4.178264152452351,4.864073537046796,4.57119733637749,4.845546267633788,5.152179496238016,5.250850414136485,4.7397409727138005,4.156723274985302,5.041462350031403,3.6524572948740253,5.238427205997282,5.097264179823309,6.243337526412042,4.471451761658387,5.520160901001459,5.488969161362599,4.398738751001462,3.9559732898328637,4.18354852685576,5.118318306697808,5.646401173743046,4.363615042585539,4.452486393788263,4.733510392938821,3.9185694044631547,5.368365861379237,4.7800431977654245,4.234063130445063,4.314792679653154,4.7625293357303695,4.773599455764794,4.240406903427607,7.351107702638851
EN213213,4.341327551115026,4.951621191197819,4.930441664946324,4.016254343312791,3.84797311253544,4.34925362814814,4.053699174725178,4.231179765556159,4.145393183772257,3.4207754396893675,4.17464652784994,4.2344817909888945,4.895261693693799,4.489607953655259,4.669863764584778,4.923265901698912,5.584754208707584,4.049633681912506,3.7273389888705575,4.229223136634595,4.046655845288813,3.6771180833525583,4.0687760270294335,4.565698147379888,5.149092500384124,4.32767232944082,5.194829467193812,4.073988102165051,4.662562209518706,5.110554779056067,4.282540761189993,3.911054402830712,4.527729998408909,3.9296676760748186,4.032484870754626,3.0934466300566905,4.8911632325142325,3.5459455526286927,4.298027065734242,4.140709405857972,3.639531628439519,3.8293337800781035,3.3791408616441583,4.832259567974697,5.428840888184836,4.390023730790609,4.646318594095984,4.453140808151727,4.204644997028605,3.974130738507395,4.327900240948316,3.2567946020204737,4.833128838405196,5.056161392665649,4.828268016814436,4.535486342263581,4.222722349113893,2.8896073546876164,5.478624168164264,4.238507473835499,4.535624256998931,4.051076840463508,4.540257271972879,3.178597198326436,4.407938321080071,3.9793708275449675,5.122424514128393,4.4389651576638,4.1686183753523975,3.6505004014615188,4.491902321062818,5.28477207815535,4.125984415885454,4.451369083373533,3.807557717510602,3.7355946329975875,4.201864047231913,4.714118677774798,3.9542300858779478,4.103952252405459,4.156009913809603,5.154371785098529,4.768537386819799,4.076643410237357,0.0,5.149752328065374,3.689977983324552,3.875192019681471,4.831815503797072,2.9847297422327554,5.184617701697718,4.1383455440958405,3.721632012057647,4.481619731484073,4.405728191974548,4.07013350696104,4.734820598417102,4.709906128333786,3.5961390615729263,4.204612499586232,5.124948305578233,3.827730310314699,5.035129935522321,4.5822037029086236,4.220489189661568,4.01460350108898,4.470144467073658,4.441702076938413,5.57204033477876,4.443925661389719,4.1958789241708985,4.7048325140271325,5.313802342000069,4.243968650213815,3.500067286051536,3.3043491718008147,4.168907449844025,3.9973145256074014,3.3127650682789147,5.2119096180876525,3.8559024933325277,3.5951822984543753,4.0626787703153315,5.418282271576667,4.378259979616111,5.115823230803229,3.9163304789551634,5.142253799019501,4.729480174825553,5.4102144665128815,4.564346236885701,4.58120651319668,4.729013463032722,4.16096331806669,3.639674100062547,4.14142897850589,5.164424665036097,4.129225845890299,4.363763590588844,4.679871705546697,5.0894587849062045,4.087253620816368,4.425064873872702,4.869015022611307,5.369532130566734,3.9239798730053295,4.646733992540326,4.652002305272947,3.988823141521145,5.415696615003196
SF197707,5.03590324474797,4.485985083510933,4.413000722920033,5.95426528925357,5.429591326346064,5.240877510211721,6.0411463748869885,4.289733007178631,5.168681070131506,4.261149665809441,5.084498620182508,5.913892433896339,4.290901420667877,4.281226568651262,5.357845569504712,5.432704247821055,4.626195520121449,3.9263498472324008,5.09919764682786,5.182260692044212,5.92594596133926,4.7818775927205674,5.283176853953554,4.606826439801442,5.660208403275853,4.464141044334157,3.947461916735329,4.929865899645118,4.103715709402167,4.8799035231974965,3.704669773434958,6.186831290688525,5.615985840169891,5.1786990202870475,5.621029031766498,4.924442188008454,5.60006052486042,4.672478322756203,3.7522715018220163,4.592135033499676,5.026952696995985,4.589599956758832,3.827940225937468,4.429929928439958,4.344699401016846,5.175910373943183,4.7105007061901745,5.12099601019227,4.241312182132058,4.927548399924404,5.175423994224464,5.618533980808758,3.3107274708772954,5.663105339832339,5.436281896619408,5.131029869111153,4.047294439343359,5.278261300709534,4.403966763732149,6.184280328233177,5.001156829466015,4.931208053574173,6.225966260048552,4.788368769807436,4.772085951702499,3.921529353818439,4.278425082678441,5.33808504675947,4.677550748293692,4.2891045275010296,4.6101838795829195,4.726576973134438,4.887132796093304,5.553806181933985,4.753884360249039,3.5195749453690506,5.61063334725719,4.8384490227136565,5.686343859189555,5.172102067053659,4.311277310635878,4.774593603864558,5.185955178213281,5.158333553581256,5.149752328065374,0.0,5.01690322587662,5.217106549414198,4.104486004019249,4.692580392884219,3.725297721728106,4.0058415823604845,4.898387210944807,4.92236157355468,4.786917927116138,6.283652260312643,4.368364689684616,5.21875315984374,4.924280170102374,4.158345494695107,4.703168740994067,4.557334827059572,4.207227565650839,4.778419277615841,4.843095559350617,5.973455802076293,4.063525048370064,4.590830906021411,4.184527189751414,3.8326146212853907,5.112280886898211,4.296569493464281,3.8374951467221363,5.68760447769568,5.651704837067841,4.979330068031323,4.12979260816592,4.7928609966659605,6.026593931161059,5.26213788725613,5.087754319455598,5.241525927296321,4.903879562503824,4.809063967678037,4.180761806500076,4.083163125780898,4.885868961379286,5.777296390351718,3.9900856363797796,5.286345582658338,4.686480891884471,6.045592468400143,4.5242737857462645,3.8970007822592665,4.035933696913199,4.416633809637406,3.994302512965586,5.675444858352811,4.283169392716664,3.7254990842810045,4.809277798819104,4.82352954476486,4.8122938039604035,5.095044218515124,5.922647443563084,5.2129171556222635,4.661398688218671,3.8354699330741853,5.288467093265908,7.067442517828423
WW135442,4.8492751314406135,4.6717085526817135,4.451492877340739,4.81723032010135,4.078940844256194,5.073632651067785,5.161154411867998,3.6896461020388944,3.3311743369869884,3.5707809974787375,5.4026913186839325,3.3070861673749725,5.0891859675563005,4.458792320910786,4.761190607396032,4.677113739577305,5.909254311000469,4.395786961437843,3.2959505168585705,4.5075815559438075,4.133788170482411,3.9572640052602246,2.7791784205734325,4.628802925978553,5.534384442977045,3.9780148330273586,5.1818840571754246,3.9677295228947154,4.789663143024622,5.414191686632618,4.1329714866311145,4.177017508042865,4.399249647634858,4.070182658272068,4.790820793051102,3.2827443167210593,4.182365008397242,3.9424568492951,3.8628980656028387,4.115316991833373,3.6068182897207794,3.9582030513896993,3.575192525750953,4.837424347365548,5.09529492734169,4.259779804649476,3.9681860349760427,4.3981666343405,5.10743778953489,5.085452115828695,4.6598271883885936,3.5403566909294315,5.204660042314841,4.574328222515433,4.5399759070695,5.447918292666089,3.7860443879328134,3.9354679629713063,5.189125854274496,5.378649056167561,4.389086560808968,3.7576928170932837,4.976025257867721,4.145760395724862,4.382504905782745,4.111063772726472,4.750696634010892,4.475473677612269,4.8212660355422345,3.7427958405164024,4.99895566494616,4.652529699291598,4.209693276796577,4.648900835784552,3.880566352694294,3.6387360119422274,4.226578874825234,4.762773828424542,4.089909483846796,4.98978512266722,4.025520383454512,5.184776404907532,5.699463615745329,5.450967918353584,3.689977983324552,5.01690322587662,0.0,4.8505109675668905,4.194783005507722,3.2759435318586223,5.475601102965408,4.438356412081839,4.339289642780241,4.4641814124534,4.480499829357093,5.675624905502421,5.139989947521842,4.022613651260771,3.921900214912612,3.9814347445703895,4.132429926858816,4.723459478269756,4.626168762180805,4.578442274458127,4.55812563015641,4.226410066759547,5.006248476445813,4.273627631397429,5.149892707638081,5.257973244219268,4.081962692439244,4.614804728691132,4.613865240661479,4.712459345362555,4.255978919782796,4.5113973030060945,3.9754004531673197,4.381354091611275,4.25065631730062,5.4524908678282324,4.248514337567466,4.317137640051507,4.436977344167944,5.57622435781829,4.193611216222712,4.460269189698692,4.905970972967926,5.40509118155399,5.015499901201337,4.432212811513566,4.4648897410048285,4.111098391974107,4.214440043309911,4.403929011816954,4.855122342419795,3.7916655894671383,5.122824205043437,4.042667961495282,5.1974481480264885,5.593821345795766,5.505593978862576,4.908587517735679,4.464692608117671,5.017132550618686,5.709275047751961,5.157110815593478,4.26577514641504,5.042511570436114,3.9747600175079834,5.43379942306617
PA751345,4.885732599204008,4.718800391959474,3.9447320844759277,5.243365975027252,4.441321156978101,5.335311932641192,3.6126561068584104,4.623066649820959,5.342917070238154,4.51319580166317,3.817815193706921,5.370298515478965,4.0057623108452445,4.590186131933784,4.413200660824299,5.2829517955201135,4.999758705973863,5.28410054825581,4.678295776851836,5.305931703833241,4.41551531416509,4.692559470359885,4.878876768681158,5.281179363751901,4.401888791667556,5.121932093659232,4.399619812530275,4.306802941308952,3.7254466127380477,4.247604741955799,4.262978473150471,5.58113202057194,4.742319004741576,4.354123797752665,3.7803934341662657,4.433430556892126,4.919508088344115,4.264327579782024,5.23634502451155,4.50753025184558,4.573551870369671,3.7022550257853517,4.483040338791389,4.092827758693249,5.6001229783773665,5.3626939120072326,4.094395966938001,5.0818306465949385,4.746118684407678,3.95915976541467,3.864227533684081,5.110817018094415,4.5035636154162475,4.934950252404377,4.893661989365731,5.102052750249278,5.146621424132772,3.4394275854932905,5.675631888619979,4.6205392391280204,4.949035985830779,5.368805285191422,4.9399443338117495,4.595289734166614,3.415050186666667,4.300945058097046,5.233237176981536,4.508943225500308,4.081103827932292,4.948859910214818,5.176608935108405,4.34689892449977,4.582594856687746,5.202657212715183,3.8743871222597415,4.043774506310494,4.258633734931349,5.100669661254031,4.5453972263004685,4.555371579365195,4.456001296189844,4.40333730675199,5.476715488989796,4.643163061749461,3.875192019681471,5.217106549414198,4.8505109675668905,0.0,4.13032678086212,4.634585438427327,5.942072307912793,3.547447836155727,4.597558043388804,3.7231175436564543,4.242829262657423,3.8314724863808705,4.085239086912486,4.531334559352067,4.792042553483523,4.851992581082961,4.692056180612489,3.6517887916448575,4.766470861395137,4.939528779162751,4.648912458500789,5.083670580432496,4.539155081660753,5.261433111381737,5.081520240540948,4.2416564994697366,4.344700435121639,4.572714080606441,4.757462624562517,4.123220905971385,3.9506719134415764,4.394106147591144,4.024593124162523,4.39787999848489,4.715683104978856,5.054772191614379,2.9660104738822866,4.08344987785029,4.391076169573863,5.521252218736575,4.657802510536352,4.620636128953908,4.490950573797211,5.40975976525876,4.010102430988626,4.579236217223264,3.9211826000270165,5.41919690967613,5.236082714401856,4.615319076648303,3.834655394352171,4.320644619868796,5.178027222214371,5.08028585096066,4.9190695754519185,4.0459708892118105,4.856452563319112,4.013162736383832,4.674358603111218,4.615122718613135,5.134489332780931,5.336969947162656,4.484560804480984,4.845217365354565,4.504965426986118,5.4786919833583925
II067440,4.725045050579849,4.069362849643114,3.827954054380875,6.480518137868171,4.6810854052960815,4.904076977021527,4.992593779467875,4.442863142074377,4.971685710010968,4.197047734334818,4.941784527165887,5.228749582313821,4.12875000832014,4.458696171528439,4.525663015939895,5.05249880311669,4.445040450980538,4.8017764262828795,4.117228137089134,5.362711756119983,4.883861657841947,4.204435242587473,4.639694651398781,3.993535023365555,4.526073129150461,3.616510779792075,4.274347208583605,4.551059328666488,3.5462371087732936,4.402000509124219,4.055466842652643,5.539014618863714,4.958076778658754,4.745548121531995,4.336765787027419,4.583742812698068,5.039754622106095,3.9956192436872633,4.408765385632111,4.16701644759319,5.234117997909783,3.7488520391354014,3.8192328078585436,3.7323083522312843,4.910533897312666,3.8940766138010625,4.61423808443128,3.7378572758746564,4.081716401095332,4.669855339395643,4.585440119726098,5.83519880682933,4.043763498738614,4.847236056489474,4.447244057198877,5.122468570049805,4.737156733088117,5.06409094945452,5.218234681643145,5.988976218337514,4.89155594753942,5.464630886708934,5.317588791060481,4.93664385738236,3.8254849527807813,4.2384015874309355,4.97898454476377,4.573770773950066,4.055458673499164,4.955614035299638,5.231734053250488,3.8740364168428134,4.493910641861846,5.996158048357389,4.519099242491133,3.9944983195012784,4.784746268383747,5.132876023235072,5.154446624362755,5.251866714089055,3.8575471734385705,3.8852681932616417,5.470779668190024,5.3092581309999884,4.831815503797072,4.104486004019249,4.194783005507722,4.13032678086212,0.0,4.5114549401949,5.179159604855199,3.4608008096074188,4.580732054685661,4.22004926922029,4.166240930245868,6.036059339602774,3.9947111863574687,4.514422964917678,5.053943660400182,4.612710880551397,3.9042630438825983,4.754156739342953,4.609038692954773,4.236868735629337,4.058692374962199,5.332351616984502,4.006282450745066,4.952193726008991,4.211560938763362,4.867006782481462,4.368314980359597,2.612231520083035,4.584409813431628,4.629667317666627,5.02294928951231,4.459205926479401,3.8919158268519305,4.841331915044062,5.382011407660733,5.192281635329824,4.689497191285456,3.4513239702418246,4.610940600430101,5.227830604761129,4.381891768785245,4.0924415123021465,4.58511436591241,5.864331822912424,4.3390964583819915,4.138450679645714,3.8809216955218995,5.42165860915981,4.807129985024692,3.9042947747074215,4.788396837667723,4.14530932852697,3.9057101312307885,4.695079213027125,5.561301957620293,4.8240197558816496,5.028597668480642,4.540391489982181,4.741568366472985,4.848742701966967,5.535794317283657,5.563278318296968,4.172927087959401,4.368033218086507,4.800508180769898,5.884308599200844
VP052641,4.49921636593766,4.761900605410635,4.309018823367567,5.12113076232926,3.698113758570434,4.283381372903791,4.794578283490135,3.6203594044600016,3.4032865369644476,3.9754244050115592,4.990186222271209,3.9698732571119706,5.152675388344523,4.030754372693385,4.466713420367799,4.6197529227514655,4.890803635356519,4.050630878853198,3.2669244543569627,4.4864206394129305,3.933907121553146,3.566841400856001,4.100249369867549,4.20047824045535,5.072865528345547,3.171836189002479,5.239020721476441,4.734229501531557,4.696645532424645,5.852881524676471,3.3443943108126795,3.9197955011182497,4.78419163604949,3.818252312338519,4.870098436887125,2.130177494260744,4.640483692681981,3.8794242707539213,4.651205773368856,4.015110366212349,4.208563861273683,3.2715052618762948,4.187169385447516,4.787884939020507,4.849955379895505,3.549621208096057,4.855149931499956,4.142725853051725,4.661167230639741,4.587658819546778,4.589368760426312,4.427024641487716,4.860226608545404,5.687946208551166,4.060842255676482,4.066801498399756,3.962151867131938,3.1817975873278095,4.929740702903579,5.064689907426395,4.602342640484243,4.209034322427943,5.426346608011448,4.015757421612886,4.6718879431053795,4.709714318989479,5.5650919793861044,4.94953477288275,4.7681306229667255,4.418116807116618,4.5710756032219955,5.018670381600287,4.331389759463644,5.049606195417307,4.190858550798248,3.6713636700117367,4.0492968243097325,4.869291828803998,4.782729245603753,5.3693198665889605,3.5005090405773984,5.685674445872067,4.789669465950277,4.2835312672086925,2.9847297422327554,4.692580392884219,3.2759435318586223,4.634585438427327,4.5114549401949,0.0,4.564124141745558,4.485962192150358,3.9455391865955365,4.473030140485721,4.262442424473035,5.327647735934366,5.016000756034291,4.815050485101675,3.9236385425945737,4.391047577912742,4.558156892201801,4.247471210068938,4.273245845141785,4.610306412272019,4.459328177557726,4.674180153212253,5.01984356515573,4.14114129433206,4.453514155599545,3.95749308980334,5.20688007186153,4.466618324025747,5.3096389979822884,4.3664410819342425,4.085279664949606,3.918649460762079,3.3715148312318175,3.360650479186363,4.332811563709091,5.358571502206907,4.70419397424748,3.6541544345018333,4.181718144076635,4.9087235598617385,4.421336198474139,4.435131282280314,4.5936304699901225,5.6016909319438275,4.641192525922858,5.447413682590222,4.148289388346129,4.777454000557346,4.385781272992263,3.696279273313278,3.8464813071082964,4.400228723651522,4.749135603631618,4.597502986014536,5.149401152324978,4.680245025240336,4.8354318561578085,4.491376958498405,4.3654705917284895,4.9046717668358495,5.726003344808448,4.367122742966769,4.523994531832617,4.79887571126239,3.8545825109193546,6.037661947223843
HM132375,5.293027763617816,5.125876182528257,5.633867190132693,6.016482650338483,4.790854641846562,5.329842352758856,6.375883512463211,4.485717777703624,4.787538596900464,4.551323681222136,5.637455828482536,4.910282598423377,5.020443246728696,5.057091599725343,5.987093314317592,5.181531258010173,4.182330204099382,4.00071281891159,4.877264730154575,5.104593440597398,6.097716857835316,4.92730270779785,5.368795394668993,4.314685928103035,5.758880962179923,4.443468686032414,5.3046048510327175,5.348167564460129,5.21287757114833,6.3159458922747005,4.629676035082072,5.406627747736402,4.957350122495797,4.900157876077102,5.89930877783347,5.089853645740664,6.173894382285734,4.773815365241365,4.014777552301046,4.978099362039756,4.640072585052222,4.6709696569980705,4.963505305257712,5.39474611449411,4.117802173707048,4.295462543798744,5.797081775038214,5.067266311723484,4.031565096988355,4.576582565477175,5.630457486801054,5.772187896237774,4.2644272922522815,6.132661347736148,5.820078476175638,4.4835700991323915,3.0849468886921168,5.028195876417976,3.8029973733412175,6.28481617418959,6.04911723202598,5.855960007676074,6.368518167281605,4.599595105772763,4.906620786320395,5.498771733280411,4.405814467312154,5.563130413650155,5.437502133738032,4.365187657059918,4.392390509715084,5.220488876393666,4.903343740069434,5.442198867057181,5.6254095490438525,4.591481403256101,5.950327329882736,3.899994266119932,5.705384383185334,5.6044783390539195,4.848158983905904,5.63833246759015,4.800142937809401,4.498835397415525,5.184617701697718,3.725297721728106,5.475601102965408,5.942072307912792,5.179159604855199,4.564124141745558,0.0,4.997404706899866,4.7178910654372395,5.495438681369761,5.019133600684631,6.665925476681242,4.266749821313972,5.322952959314292,4.024571576526548,4.022395826598103,5.19499058008245,5.360892880174339,5.320853354928594,4.411743840488094,5.309354646589136,6.183813040986181,4.971808111343749,4.7622907427312935,4.818498347218734,3.9613336299985775,5.754062650279079,4.8949211328475775,5.018836186226678,6.1117641416333495,5.782112280209821,4.682229580101142,4.431457038050452,4.317769609257972,5.821953136491589,5.085012794928941,5.847270192039034,5.811636834525328,4.955920567318084,4.701846794470416,4.785104809379939,4.43705916862118,4.389362532576437,5.686088712846988,4.760432254467506,6.876467981041921,4.73772798607883,5.556506487614101,4.7594267633276885,4.826524124926879,4.695514988932687,4.607794229714056,3.6646425685453012,5.833837889390319,4.676584031572008,4.450591708213897,4.54636208024733,5.424574764452314,4.88717833814919,5.156746278542636,5.728091666360498,4.569252642029135,4.688218379027372,3.9887456473880847,4.533552639170702,8.175661339077868
LI971013,5.202934186922687,4.065129973100338,3.9561293616451856,5.304931850964988,4.27626311771668,5.189021733271977,4.842875465115413,4.864517640784909,4.945044733031001,3.6597234484963823,4.4274622112232755,5.237888563707095,4.294035319102828,4.510198212670041,4.931133039909426,4.80361231847871,4.808210606176483,4.226637540231627,4.169856372529436,4.794354455555092,5.043152311587815,4.455406062279715,4.776591479885101,4.477459399938218,5.275649341035064,4.746996686108721,4.418561258818936,4.087866030511238,4.315021988757218,4.381822023877421,3.733948712661998,4.791432604094236,5.154881308716266,4.625150523675606,5.112807871516192,4.191411590757978,4.492118008369635,3.501059728062751,3.898161485250584,4.0729890320355535,4.790401352048128,3.2220312166321157,3.7654177515839966,4.006624314474008,4.508252537295668,4.51706331295149,3.0779862114313286,4.970037788109211,4.5983566376524925,3.7695184146358454,4.6280174405257055,5.095830918384408,4.180798897098494,4.702335806924042,5.011947976650698,4.4874824880366235,4.259962044667365,4.060586880326625,5.312632656308058,5.115889485647281,5.335480838487904,4.616356548519497,5.056725547645214,4.010127649047562,4.16120266728162,3.7302076298055766,4.377101780609103,3.989203870151271,4.446396157017474,4.731062687980692,4.4444467574256405,4.6634212369390875,4.358306546565053,5.034638153873978,4.394253800607792,4.309672603051321,5.494253762304149,4.623373825963711,4.630181247909151,5.461249522362508,3.871854818053501,4.418723330993506,6.101037013561577,5.075437868197334,4.1383455440958405,4.0058415823604845,4.438356412081839,3.547447836155727,3.4608008096074188,4.485962192150358,4.997404706899866,0.0,4.1461596275024295,4.008395041216199,4.330475908497839,5.572462078562088,4.110500991279649,4.185904292984326,4.419949731174546,4.7049320434368145,4.377447108252824,4.2395191103795655,3.830767232929428,4.6032861835485726,4.964136967725601,5.214510406065001,4.363693906219048,4.025808579179571,4.918459325132436,3.9906684370292114,3.9866882174544602,4.268300825154638,3.8274970654067664,4.7693639966609815,4.219209536913273,4.253819108852266,3.776006771853106,4.50969515142469,4.97581615738305,5.78679384801606,4.22927325684364,4.312250866787163,4.0595094495125545,4.594905804925566,4.276455085337435,4.679422890724315,4.3990338338796064,5.914144977368487,3.7362727058523806,4.944127651122602,4.161078784964992,5.693194736129886,4.497673365423582,4.91400528432164,4.031732028342064,4.244723405001283,3.6623154347548423,5.034486754067598,4.41635963937137,4.386689218288873,5.007950132862572,4.244249170460223,4.690890967946879,4.5958046488927815,5.7936659904695365,5.107568751566129,4.349902297722004,4.4505388976403,4.663226836287201,5.445385589103463
TZ848437,4.418795746322495,4.118462957127629,4.9329251745478295,4.78697372931759,4.720880390629508,4.7109874806715935,4.667763616650294,4.289650636191749,2.9073286243255883,3.6480934599416575,4.566748246065156,4.39320715795659,5.016298992946367,5.388814139286708,4.659601507865305,4.840316782442121,5.206349047270822,4.417870209499935,4.517278605417633,4.767096832868347,3.614005785225846,4.299818001531964,4.5247051999400565,4.3223833424130715,5.088603876137166,4.059245778072359,4.89416042672432,4.621309253095824,5.363708546174911,5.616568115922052,4.969140219863959,4.387243552131913,4.740512450001843,4.288304952668105,4.609574963746819,4.266279536007181,4.506920333051083,3.659554888246243,4.663123709908792,4.986607797288623,4.693389714755573,3.847231863916943,4.2689580282448825,4.552773327191675,5.816583160907687,4.1735399186594195,4.438790857766656,3.3663136921432626,5.192304542597122,4.8103595887045385,5.073307249713808,4.725110353984213,4.91520193239567,4.902832060973761,4.143178482846039,4.780692515113829,4.09531035380962,3.6068933161283945,5.568422201734265,4.341659284562141,4.812962570845223,4.559717420687143,5.468494507882707,3.676445821715986,4.888562611998907,4.0699955211753585,5.271018847615881,4.777534438415272,4.334054202826628,3.965698765561614,5.232430735342266,4.51286667502135,4.620775714321312,4.375503248081483,4.124643026384951,3.527617393532814,3.681126958455134,5.033501105215535,3.6227359430190145,4.520040335735558,4.813425900885587,4.651195911172261,5.547479646122338,5.605179663227985,3.721632012057647,4.898387210944807,4.339289642780241,4.597558043388804,4.580732054685661,3.9455391865955365,4.7178910654372395,4.1461596275024295,0.0,5.087717009321249,4.5623441365362,5.329810092692857,5.231660638648965,3.5854205764751566,3.8790506679810792,4.088856707833338,4.212416244437426,3.8491867154659247,4.367199998945329,4.859841922368531,5.293542410500645,4.863414400783619,4.914638882518291,4.040034968599477,5.164090838523771,4.800598719900518,4.7880022352246385,4.017568305241505,5.725591374447637,4.357027303404857,3.9530193068788932,3.950130444687686,5.068116135280371,4.308801836939109,4.330372831165526,5.348416098044646,4.778418386939541,3.7285065791490677,4.200512825870168,5.854089780108962,5.1250166314521195,5.342477247717067,4.900863288931811,5.09319690705566,5.042212085295755,5.59678211076479,4.7499851097004235,4.686069941613531,3.975697132337806,5.153175420665932,4.3212522315836726,5.067772023296811,3.9662996489743914,3.737256891044878,5.09323734445051,4.817390237623636,4.850408154455006,5.006124051543828,3.9349084575084743,5.23570499037483,5.69231215544692,4.493039784682292,5.033544725789902,4.920666592497872,4.669635835615956,5.8940171276642515
ZR069649,5.0973183317787,5.06152705096766,4.323766934495921,5.6505194118892605,4.3744550425077575,4.817326615813656,4.3425381013515,4.095301780803247,4.661957362097936,4.826148458979015,4.145343339636316,4.735060799284732,4.331462270783964,3.298270414564902,4.35945747838338,3.715131017370933,3.9551361718617075,4.537309372054711,4.072508956195897,4.257732177164101,4.998070403071095,3.4272216038274066,4.021168163141525,4.7301280853806364,4.519842432317258,4.642317663246308,4.418240210338966,4.604846423989448,3.725777592376623,4.554863145959179,3.8497081424898627,4.226887768071144,4.043177377235976,4.5113336734296725,4.371877076278441,4.070083365167807,4.271736162958786,4.701173096791403,4.433012741621415,3.5796785602283214,4.064716035952304,3.741216293235042,4.558136269085547,4.3308185128644965,4.158454149681925,4.577106987305994,3.9581710898102878,4.828878566295107,4.313585779721039,3.8464496694276282,4.1272203602632915,4.7079699673364175,4.617781046640436,4.92881829345556,5.137988041107362,5.26750274730128,5.312514853235627,4.315129045490443,4.518119425690346,5.319098262916268,5.2167043169918434,4.753523028016251,4.965951663370856,4.644470730379835,4.222207909577314,4.86625668177061,4.61893468997342,3.900005363042919,4.614969746949022,4.601206995962329,4.081402644424567,4.057919732834164,3.8666458918752795,4.443576599974739,4.544596478039919,4.353813979440076,5.164016873640695,4.204549475921271,5.104762693364211,4.591966213412138,3.1823970584248205,4.979035106274193,5.129040494351918,4.5513845934465555,4.481619731484073,4.92236157355468,4.4641814124534,3.7231175436564543,4.22004926922029,4.473030140485721,5.495438681369761,4.008395041216199,5.087717009321249,0.0,4.510476889949812,5.208789291172462,3.681765295301062,5.097761328920895,4.331167738166971,4.854076094045194,4.19368584085432,3.9759429090278737,4.782713935215601,4.04252465162079,4.4315244992527525,4.830100084080271,4.838811965723217,4.161096380683223,4.753995510485555,4.020843268887636,4.092101291991206,4.169856951320023,4.060896797145574,4.7769996291785155,4.285013375510966,4.67059428956879,3.8977812872181574,4.672094912402255,4.201531661060154,5.040102788567614,4.190571625000361,4.336067426909696,4.484150277577299,4.00630346951811,4.3338613699620305,3.562072829655585,4.578367911106804,4.95748978847547,4.807294082435258,4.147451012970738,3.9135061074496518,4.875256158749615,4.888999417441435,4.17268917139385,4.498137119041372,4.3138098156349765,5.004270052296165,5.000369249142482,4.476622999475987,3.568829041309859,4.545495839924549,4.111512040073923,4.733133458139385,4.34154371731319,4.542374063267944,4.773921710378252,2.98350561120895,4.259254638528083,3.6319715142897984,5.641910573349083
FM460543,4.304877525113604,3.9760721163181705,3.27166479982863,5.192445442409278,4.266838817240224,4.2532062606662455,4.902809237401205,3.9950853209893973,4.479478090203244,4.207297289695317,3.548214302835856,4.725054282622952,4.572227692847718,4.3501768003241645,4.207288257513811,4.469426035411382,4.889897662253278,4.509646874490465,3.6547556534122863,4.656975627703929,3.997928552608601,4.4768508230234625,4.429939476820684,4.250859837277388,4.110322738409991,4.681808323996759,4.088859256336759,4.623893989419197,4.63560395420678,5.035651318336433,3.7104445436428484,5.3527890362193995,4.319579235640383,4.392973962810978,4.496825218621422,4.605110436760824,4.409842739007271,4.338137190904731,4.8457992919436,3.909369644128326,4.982961423848966,4.094496032260021,4.392630339508422,4.469929216681557,4.571095009277247,4.483404481322028,3.9836134210018987,4.245366848082622,4.888525358837137,5.149311859389062,4.316188937417665,5.624691564005909,4.182597305132849,3.8392557473375346,3.83798812437675,4.127757548946819,4.236120876176001,4.4590385149663,5.309299198600369,4.451408925059637,4.795420300494326,4.413725760826286,4.574516520546478,3.8675045099754866,3.8239067010341916,4.430913044134927,4.417832958604261,4.427966385097801,4.306353414028757,4.6846565304919086,4.897607879976257,4.096039882489598,4.060553495552101,5.671454390876686,4.48511353485858,4.284001400595025,4.416275819629915,5.2068376982445,4.326427669095512,5.139989655127452,4.522808419575944,4.206225694666656,5.338629054341844,5.410095717383076,4.405728191974548,4.786917927116138,4.480499829357093,4.242829262657423,4.166240930245868,4.262442424473035,5.019133600684631,4.330475908497839,4.5623441365362,4.510476889949812,0.0,5.0024921004901595,4.536911190558955,4.750759995956085,4.573550996293763,3.6232782812248048,3.653250138070936,3.7069523223509657,3.9538139281144944,4.548238705369449,4.947188238635944,3.933635002400845,3.972875092185672,3.9704617598864917,4.706391671739946,4.982411175220763,5.031152082717787,3.8722779090516144,5.3783447614465265,4.025414624989984,4.491735984230874,4.07175733156218,4.580867026249257,4.266364967022648,4.8467406147447845,4.949580445167951,4.734540245393228,3.9120627449674674,3.305852490846351,5.016950471843217,4.871504379624555,4.722215607644531,4.410675523025608,5.536908264034883,4.142387828419208,5.037339765410134,4.206348460698549,4.665419066258232,4.780540115702951,4.032875206960372,4.354109819701431,4.556076774243225,4.489526796478031,4.8863286065790525,4.4766351530162085,4.587680513499133,4.728140194030602,4.193099876778475,3.6513439519906687,3.580271414373891,5.352725312285794,4.830703122756877,4.352617761405013,3.8363596205547332,4.1924718611004845,5.62934475909719
CF470157,4.564032891517798,6.237995654993687,5.428385628392089,4.701614529310502,4.620483849865807,5.065430890526369,3.987269283389434,5.3571318236865375,5.448460341284519,4.741489234554427,4.275760049544884,5.438636890519865,4.877911588374511,5.153378337210386,4.28566141441992,6.239041015222548,6.171739158078876,5.859160784809167,5.506701110175903,5.356305628369067,4.910392176131608,5.091358094443095,4.89837732482256,5.577998525538577,4.954364595235318,6.523192064681143,4.928903407212554,5.032015008572554,5.6207513126477595,5.700312970536625,5.538617010418991,5.847390007789225,4.852423384412147,5.167050880245619,3.8644062210996157,5.4292367956470375,6.110336665336447,5.083526879540326,5.975962271993469,5.261108493228295,4.798626211541891,5.611277812258088,5.053134717784474,4.726592028884513,7.046128634395382,6.363993600615856,5.533334157922357,5.656031463283627,5.407330722756626,5.525651447360524,3.9890372915714885,5.348943407271134,5.321986638015105,5.862463473081879,5.7816398500671955,6.13705019898047,6.26842148801158,3.8085130185658094,6.420894430614922,4.48754652680457,4.381326810578098,5.28533108395881,5.017415211613484,4.489172630593666,4.585436200181871,5.544652129182781,5.989014577043991,5.820959468651778,4.912345715119521,4.988965016124182,5.660828122838356,5.48350623317,4.625124060319421,5.275047271764504,5.246142880146364,5.097382429711781,4.6294289945011045,5.518764764134785,5.158648068874639,4.329656782581766,5.583583428514565,5.604298242842638,5.1555561299722585,4.850287629946163,4.07013350696104,6.283652260312643,5.675624905502421,3.8314724863808705,6.036059339602774,5.327647735934366,6.665925476681242,5.572462078562088,5.329810092692857,5.208789291172462,5.0024921004901595,0.0,5.381201438020562,5.469203293891747,5.0720496526016134,4.598527550843601,6.340976568167531,4.920405620940571,6.0573366013289185,5.96525668290426,4.878054235807757,4.9339761752102556,4.325836021348578,5.810493131730778,6.672918437960837,5.74272103742547,4.9007038136446015,6.183268135587411,6.442351278509872,4.383266210217679,4.333864694911849,3.9201434957420305,5.814031343270534,4.8919129222640265,5.1169736001043,4.837520919849208,3.9384557341862947,4.726642123447197,5.215092690089553,6.499896612576531,5.8224393014584805,6.268949944039183,4.96148408614029,5.01510199455126,5.729072956087914,5.679381684358891,4.921332155854768,5.97861253395037,6.279854813790947,5.349133110227697,4.97485714341148,5.1640123494066,6.654298213358106,5.364842403227908,4.908115071354731,5.05740844251282,5.65031657313679,4.375450734163162,5.192165591593674,5.136718726000818,4.632831526634833,4.613964531232699,5.547905283704104,5.630267995752673,5.344030308019669,6.133551158620114
VP273159,5.289656725871312,4.429558149544496,4.615319246856508,6.392674858834881,4.75893797129859,5.27201325811642,5.009549215301044,4.413263300424908,5.2815247551554645,4.460651079539857,3.8537363355695184,5.287305885569871,3.209087331498778,4.13979251480176,4.583798639460323,5.199790404297498,4.449395346477388,4.6481028216656775,4.225151193361076,5.4561876680392505,5.743986597896526,4.72807449584209,4.581133067540308,4.653447971916011,5.240567798172,4.844280344203391,4.040403029159576,4.506192644512024,3.5939122071768366,4.1398475437118565,4.6075148614096735,5.276346817991405,4.191223151714417,5.24809367446892,4.492698500849464,4.891489082209127,5.398194456866517,4.609204692179643,4.068489726813182,4.117246769690185,4.273674421104951,4.531154209139218,4.201546338593642,4.024763578343502,4.740951989706973,4.1712988584996795,4.814171326777251,5.235781102119697,2.8950101878692838,4.183120711366579,4.430801362789712,5.341135389064062,3.923099077845069,5.1300736839253895,5.668436513656668,4.922843945840546,4.611183310169781,4.697241807103226,4.2007524999347705,5.697843203489811,5.313777418561413,5.983611743718718,5.775731306085206,5.046559100287041,3.55950583809118,4.87951289120486,4.46697521481655,4.4098902000345666,4.3485641960376675,4.652396949129725,4.750498178098438,3.9447868817451672,4.5223020674199,5.0232630559765585,4.588665981017217,4.680547197273511,5.824825087677191,3.419758159560552,5.336276896202439,5.096339453917888,4.652195127933156,4.36845480569715,4.919082997646513,4.416560112626612,4.734820598417102,4.368364689684616,5.139989947521842,4.085239086912486,3.9947111863574687,5.016000756034291,4.266749821313972,4.110500991279649,5.231660638648965,3.681765295301062,4.536911190558955,5.381201438020562,0.0,4.755411650813306,4.146595586773622,4.3277247591914,4.500458016726133,4.616658131752254,5.123852865256232,4.049008871208126,4.128281024264688,5.314697217512979,4.114958877230566,5.123287826536492,4.0529693431436895,3.8132195070630033,4.115042848779275,4.263620693333327,4.022315133478134,4.999911664844696,4.368556065261443,4.532194188746653,3.9175772678877565,4.309070297947273,5.0970112924466235,5.378661790452239,4.011176169856828,4.983630664949699,4.7469109273551755,4.414512014762548,4.1310272980910545,3.985781097777263,4.0793863272940944,5.765209828549472,4.141885314068965,5.174907476815523,3.929916106354851,5.711589718430017,4.931371098797867,3.9611483456844994,4.630990048317942,3.806233887663771,4.210863803925867,5.565390664561813,4.6917435010990705,3.873744962140742,4.9950958074150895,4.366089163158838,5.02486566944018,4.892397495416312,4.7564337788793765,5.3071398648295975,2.937242992496338,4.173839428068021,4.561978208371185,6.6441248970314986
ED654757,5.507231700353502,3.4377741637966195,4.641258031110908,5.277917804763029,4.1854903690819185,5.480278445021676,5.113025231216231,4.596496922922838,3.539067349536234,4.015910766352784,4.8516957362622986,4.6358128728266434,4.4727625864765885,5.558305512149505,5.169130809293467,5.4175533768757465,5.593031958000171,4.906114058916956,4.903400600845177,5.31019851698133,3.986668303506785,5.271282593953665,3.991020559840345,5.105712810350426,5.516714008855096,5.046021601156714,4.7127325366126565,4.27966968952649,5.564092455355728,5.259968575178516,5.222084445576552,5.101220488635186,4.543882184526706,4.3026450406530765,4.61115177978225,4.888886322384216,3.7945943401212694,4.457370972419789,4.6198711298141975,4.9309510365869365,5.019987966033082,5.093075850594644,4.752521675699521,4.147721797251928,5.639420017369829,4.629279800930202,3.7232217261120177,4.332345820719213,5.372147913213208,5.527500414207369,4.49494989981652,5.311012220921436,4.866508298732046,4.936088378811968,4.2817588957469015,5.152606866923161,4.416926796391022,4.047113844169892,5.793630583541892,5.048949327770117,4.660990413851238,5.089283393324348,5.700419310286822,4.217114144598518,3.958490584114324,4.425108543981346,5.278853769077435,4.886542386518889,4.63989499113665,3.904989357013008,5.365577190261326,3.936101790765207,4.75500699426108,5.016842415323977,3.6824743750666324,4.156793500840392,4.388967142526309,5.066973680777186,3.8786463486450096,5.114887667569038,5.13367789564354,4.449453316024887,5.997165960494735,6.048375961069712,4.709906128333786,5.21875315984374,4.022613651260771,4.531334559352067,4.514422964917678,4.815050485101675,5.322952959314292,4.185904292984326,3.5854205764751566,5.097761328920895,4.750759995956085,5.469203293891747,4.755411650813306,0.0,4.6853899732555515,3.790917785123247,4.448440865566058,4.663013821811036,4.199698217953399,5.164678605890127,5.702780756133925,4.823533222977281,5.265611087931228,4.792790801080516,5.257493383772674,5.229229552145667,4.201266284153693,4.21714462232439,5.601213775153774,4.489865348085007,4.2492841922642395,4.665768548591789,4.770648528405768,4.425230814528927,4.916752723681915,5.964274372080787,4.795395641850318,4.844488560737805,4.135893084608409,6.347581106906947,5.6533433215517634,5.759103693588765,4.665398112449667,6.035920523064034,4.442574243850376,5.203705543333078,4.550214280070736,5.39811072477461,3.669341796135757,5.71697016893386,4.954433588863867,4.9762126456230975,4.500523477305861,4.240294360654966,5.676446541773807,5.440573693860842,5.216848115609025,5.199991378070005,3.9756687289637824,5.542334569899759,5.769958429596832,5.48229707064747,4.742222474246413,5.787539483252458,5.21526115005197,5.985325571554668
KI810400,4.514501065425307,4.557559385619785,5.474601735878416,4.345703630506708,3.937409807246085,4.8026079851375085,4.0300400616772905,3.981083427732257,4.028041860463951,3.080027264466345,4.633955868445763,3.1655910464077963,4.792453233172116,4.452871014588478,4.769347675221483,4.154036046756615,5.254542102893954,4.158890502376951,3.269195918560462,4.676638440142438,5.04269442494887,3.8734057273253977,3.397946293668328,4.146993745290727,5.3342285419380575,4.705714208625632,4.962972557311416,3.7697902333452555,4.720018757448521,5.285793949392375,4.246580232656092,3.9705258177115907,4.265708355415872,4.123175327690177,4.429865936247326,3.815145699086517,5.067221925435544,3.6087804430786314,3.6947172775767583,4.196049643934258,3.830714488587216,4.122278061586773,3.833782214613288,4.75681481683518,4.876971976174795,3.8152850161338363,4.7538866413587435,4.485505337831006,4.311499920646648,3.9061297435509985,4.939572016491239,3.2845539565272373,4.475042127424491,4.583776293455408,5.152024544460106,4.799018842575774,3.447772987619535,3.1341620734270195,4.776767253616036,4.156584045182936,4.880342657168902,4.399914871402866,5.13139690482524,3.258117430252843,4.342343840889063,4.182473620556666,4.180245757587576,3.4532942814159764,4.417347943923906,3.7598209860254266,4.571600904937516,4.872754763555438,4.478318078185999,3.243257266309066,4.205115564949673,3.8790004825541144,4.451298808943245,3.686771804314485,4.69971221632704,4.685310041467794,4.21969858339802,5.01730401591467,5.137970326508979,4.15384722760921,3.5961390615729263,4.924280170102374,3.921900214912612,4.792042553483523,5.053943660400182,3.9236385425945737,4.024571576526548,4.419949731174546,3.8790506679810792,4.331167738166971,4.573550996293763,5.0720496526016134,4.146595586773622,4.6853899732555515,0.0,3.6118181927231103,4.973495299519258,4.156298623854156,4.9592680041420785,3.8539019489688693,4.473191087267186,4.522536078492768,4.438657601070612,4.391065221400886,5.44465818113973,4.641660477909794,3.67051229656796,4.946085492276004,4.937700762040159,5.0147239040740255,3.5519508180235415,3.5791531792024136,4.513711576425344,4.190209746878135,3.9435370921994815,4.840543985486867,4.289365458836637,4.606518131782022,4.035769626946896,5.018100139126737,4.115754306457859,5.086631261774541,4.465457852419643,4.601164461368242,4.6701108640541715,5.279236974333813,3.5707730532623025,4.568693488657954,4.171824602299827,4.879855834476967,4.333764942285898,3.808287485583732,4.806292872252372,4.3763875447418785,3.684289607437028,4.83548492500606,5.593045356282102,4.1324482971633705,4.2264565267949825,4.5558526677861115,4.840901565238602,4.69318554234,3.7708190541232423,4.302130002598818,3.5628508815606166,6.003860952824425
CK003570,4.408605439431879,4.043304034781296,4.521046105552574,4.498894601543615,3.9225934467367005,4.482643441242423,4.893622820270544,3.528506949965214,3.8139797624195846,2.845296063636607,4.307081212946885,4.067825379949195,3.9116307098431062,4.705483746431079,4.583609000492109,4.848751728643911,5.149407975977485,3.665696673167482,4.3673588987347065,4.287447282923094,4.402621002836988,4.18634759821602,3.6039245585663724,4.136230867860567,4.514682615202214,4.475260796407626,3.903670416056889,3.9133161198191178,4.800411412011718,5.211691090443203,4.288446739218319,4.966350120819582,3.797494792930262,3.6691523096211434,4.259858065144195,4.774258912006158,5.018268322450103,4.121961222905268,3.9122684144020683,4.397752193047925,4.008845257496143,4.812152221177952,3.743432253672723,4.207564956081142,4.5146160851744055,4.3646355203135565,4.167038493906113,4.343535530640337,4.334341987366805,4.953617902731849,4.068014457539367,4.997618589891492,3.5637307085600134,4.90253995735942,4.540551050723429,4.462792269168178,3.224742483357615,4.139017526001792,4.343834850472329,4.643220131723514,3.746911283904112,4.413439218253495,4.9355230633761815,3.0674401867368313,3.426979613720278,4.282402014505596,3.5743864196258257,4.502672098449792,4.289553054755148,3.374995796132117,4.3639235759880695,3.820238237447558,3.6820985976101945,4.815369724727401,4.346085241883338,3.5082796432955865,4.470143206542323,3.99748261364425,4.120140509316482,4.366636755584588,4.506067985457858,4.139265787583277,4.792200348808655,4.70382599039728,4.204612499586232,4.158345494695107,3.9814347445703895,4.851992581082961,4.612710880551397,4.391047577912742,4.022395826598103,4.7049320434368145,4.088856707833338,4.854076094045194,3.6232782812248048,4.598527550843601,4.3277247591914,3.790917785123247,3.6118181927231103,0.0,4.581515094374367,4.269836918076322,4.561152784102942,4.358679570709369,4.560512986306965,4.346026580416053,3.2696809572841867,4.072539686697114,5.001667296203411,4.685624739590696,3.7353107315145664,4.53174726175438,4.926239851221252,4.434476441225744,4.581833609894249,3.5696679253063226,4.380812906984673,3.4149587422141234,4.534303713565877,4.375796806911137,4.607167343123681,4.746125969186336,3.778868948914482,5.179079575362217,4.826061996669973,4.794742830981908,3.7493853727878768,5.155319641519153,3.8267628205314406,5.039444027951668,4.108999328401848,4.784994569575097,4.044253008488253,4.558888381517324,4.49228319520122,3.818004537684287,4.549742302303537,4.495521092948627,3.8388182760317684,4.421157340840834,4.539704494833182,4.524710349107274,2.736642971859946,4.529699235671682,4.902645832646286,4.396776615254635,4.153644442545545,4.284458583908572,4.1484005421166055,6.374341543391313
JC160232,5.514383181658802,4.123405620215122,3.6406866195676724,6.182710319457891,4.947851410479793,5.1293892888457915,5.9269421841186904,4.330814206753676,4.153052458253771,4.4240458833275556,4.623384164598228,4.986912544274996,4.641467507769674,5.197314137378949,4.496718730376424,4.101241080901141,4.838690229624165,4.5456315989505995,4.239182779385962,5.381908856348107,4.506429320996417,4.858644140935393,4.755663914989618,4.536124705758396,5.245507495494145,4.351948203846687,4.154539821748149,4.94216118389546,4.5609883378951555,5.571713889905736,4.596691069912786,4.971871304792529,4.7366604240294174,5.0846015270248195,4.936957308299942,4.266115668162815,3.6230515970785864,4.51356437751161,5.028507016843048,3.8141505653621355,4.810476295960338,3.881479998190725,4.7377923730164255,4.887712906966654,5.044989834900958,4.293137936990402,3.830497642567592,4.010011222632145,5.18355883363973,5.331544352078962,5.05027975292319,5.296538497437012,4.928813985426364,4.1694622825562115,3.5572048425429226,4.94858913172662,4.3084382212113415,5.010172365713147,4.842719023176526,5.761547682735466,5.76398228139476,4.750967067069385,5.855965927606681,4.784957615295903,4.3563385112836945,4.740757686914949,4.59653960071138,4.420165375679874,5.046999995676414,4.6322583300232605,5.325394972674987,3.9725585192296937,4.895025872537372,4.986745466689813,4.2263466556887375,4.183014852932135,4.992096086243777,4.769204095652691,4.288610470627165,5.61695553713855,4.232369288021743,4.117095077690043,5.698478529862849,6.313852886464872,5.124948305578233,4.703168740994067,4.132429926858816,4.692056180612489,3.9042630438825983,4.558156892201801,5.19499058008245,4.377447108252824,4.212416244437426,4.19368584085432,3.653250138070936,6.340976568167531,4.500458016726133,4.448440865566058,4.973495299519258,4.581515094374367,0.0,4.237197441861315,4.0960192032912754,4.574127718013459,5.105836942652473,4.304529781057944,5.196863626162092,4.038121343261427,3.737818993209415,4.795001953677956,5.2641787925655965,3.419113032389518,4.569531035386254,4.587741224911213,4.8848845503114315,5.300749012514342,4.597531715951544,5.027813706590656,5.005503111285787,5.844519719485838,4.537092257782942,4.76678350799691,4.799267236430961,4.974209046281055,4.476720637338405,3.9837741392198454,5.325716543939575,6.002642617119137,4.848079511149742,4.592244836829396,4.481405857073399,4.08745403249665,4.4493082792553,4.580662103667374,4.84596425367693,4.413998505059817,4.013894134138025,4.650629049489884,5.69905885524802,4.250775047562419,4.5985940572155775,4.894851722197612,4.757568623152789,4.4248987885489175,5.70022728978123,5.447689183878246,3.8924213841764788,4.613955981462438,4.9388336586408865,6.000695578395148
FG684647,4.946790919038717,3.883779228551954,4.2815755821886965,5.043329275578493,4.851539382041063,5.206756883372372,4.184160195803149,3.692712810638588,4.559087125187007,4.005952188433813,3.5702831344024153,5.241957877171186,4.613795556822996,4.355697880291665,4.757024733080097,4.586113333848524,5.549707735422644,4.599491917690989,4.3804029975733965,5.463879195115809,4.340349679898052,4.478346093231619,4.133185972464651,5.347993509889705,4.4955531224567045,4.955092488295561,4.473704464199769,4.840470912077566,4.450799581380919,4.4897791225037045,3.9890213463769637,5.358638040494822,5.193589820644018,4.552170747418407,4.806319229146886,4.143147356463155,4.138699667599026,4.832587289334845,5.062106099634875,4.056864988127877,5.097699851025587,4.172967630015086,4.636644763087885,4.865348984837927,5.4750541740773535,4.940044593495911,3.9388435402617024,4.895117581960861,5.17414176285845,4.399429610908269,4.877190869091007,4.817491473116577,4.760989906499196,4.451827617734017,4.54000823816795,4.934263960218382,4.636062476618216,4.1654778137888595,5.907956207933636,3.7908940585980173,4.8984207216671125,4.479920589072728,5.42799496976761,3.7824728492955177,4.306073931831122,3.7981744314357457,5.020393656664614,3.8631700969920795,4.575045261191008,4.571608547396948,5.214640456258995,4.219784068595302,4.647550529559258,4.6839488953768145,3.5664472918238372,3.515391477630738,4.373763327368956,5.479452565416522,4.906966125563885,4.471810616909262,4.5712644113860454,3.8553337431014656,5.596721304835017,5.662804424905841,3.827730310314699,4.557334827059572,4.723459478269756,3.6517887916448575,4.754156739342953,4.247471210068938,5.360892880174339,4.2395191103795655,3.8491867154659247,3.9759429090278737,3.7069523223509657,4.920405620940571,4.616658131752254,4.663013821811036,4.156298623854156,4.269836918076322,4.237197441861315,0.0,4.054653661038736,4.916538542163602,5.331042714432267,4.636858759349053,4.698655983752489,4.731688827793653,4.781003247346808,4.27771639216802,4.2513502723219165,4.4067313218428135,5.270393128999662,4.478424001354637,3.7150677979632234,4.344641852976624,4.642890064691824,4.863078886706484,4.356840729442382,5.239783364286928,4.041457652943328,3.896523703015338,3.9735778829481054,5.662352208387239,5.074106797413192,5.062402205283739,4.760651510065118,4.974470297537211,3.7938654066690876,4.5114703539623875,4.388014550841552,5.144762248574194,4.849803041858386,4.676899279078506,3.9052235325500524,4.663071307130746,5.398198218383322,4.595972542897303,4.169372022992629,3.7665996878574695,5.137640300926846,4.640153436012182,3.644293128010565,4.727121401522293,5.9173857731621755,5.378207804414858,4.62008189953374,4.395106980265394,4.457383697772849,5.19068987893487
IM106625,5.410387126522462,3.526405443001096,3.8753224266511634,5.500302606978168,4.671534207448299,5.082118107043516,5.7348782628752,4.756071348971459,4.6477202743195445,4.160506396311006,4.812452056928394,5.2181517073384756,5.028661250296481,4.890125831531853,5.490507199066057,5.294435031611589,5.206938662345694,4.4594635649932135,4.32041307417542,5.130942016874363,4.176673446279444,4.622606256399299,4.833598695220318,5.067258488421985,5.500205363473642,4.633058263747012,4.9211022441188454,4.946436633938488,4.945905311911133,5.809395995130896,3.7470038657076743,5.285910048505275,5.522607943122277,4.629066805926624,5.894575680788971,4.574924079368734,4.107955607671613,5.016963527581229,5.081877619255608,4.608289233948979,5.872008279651366,3.867443918991923,4.669322021821056,5.138395560766285,4.836802497286723,4.703169373553773,4.067173162525697,5.045466577007143,6.078658197256618,5.586036388799941,4.7748254756551685,5.9798919905999295,4.890029789247661,5.316760111268297,3.7777068286762647,4.791462004677059,4.379001432064941,4.375862377656699,5.490790728090642,5.432862250098147,5.24584470540358,4.381510050735852,6.163557343838661,4.456229067533459,5.021981795283004,4.179197965993761,5.506197700217982,4.732278004365571,5.408460592431058,4.873585789977445,5.590720160198877,4.202402562174942,4.628159048835588,5.7172512846249,4.677233424161097,4.335586554551856,4.832014555016569,5.815317740763599,5.144153782343421,6.215085617022735,4.622715929446933,4.9989668950467845,6.065597434610613,6.382964133608179,5.035129935522321,4.207227565650839,4.626168762180805,4.766470861395137,4.609038692954773,4.273245845141785,5.320853354928594,3.830767232929428,4.367199998945329,4.782713935215601,3.9538139281144944,6.0573366013289185,5.123852865256232,4.199698217953399,4.9592680041420785,4.561152784102942,4.0960192032912754,4.054653661038736,0.0,5.398729777785424,5.8053067864997905,5.085202867397614,5.1977074402779495,3.7052743298647792,4.648993346689245,4.878020268454553,5.147518205987195,4.424718856784534,5.359907892758284,4.628657372568567,4.482611165437025,5.170139886243995,4.9382950914135355,4.43848093296555,5.583314494309965,5.9052085581676685,5.523756173842436,4.842582822842733,4.321402733850583,5.422826959963564,5.723118837029435,5.1397389922595185,5.502166378604823,6.659567767499047,3.8699045988205105,5.422186782099923,4.623369003774279,6.018750081851132,3.9528019182098837,5.203931856791364,4.507509341406443,5.598123915403323,4.697449193897079,4.94447553079012,4.904774587314817,4.531395823963076,5.6128928855288835,5.201853757147008,3.853735113177517,5.1103021838785425,6.518682790886869,5.388173847622399,4.599168522330795,4.776406140237545,5.173163156714426,6.067602580916106
XP575260,4.634323137888071,4.69477535906515,4.619591582759603,5.243187801798921,4.430754838751986,4.4572513224890224,5.23792535698362,3.1835513286774675,4.567476587268615,4.312094173233557,4.811908642220296,4.503207988679879,5.035533817811317,4.430995413247311,4.592392374872656,3.285601970670177,3.889561551498808,4.0355719092963485,4.147416919088551,4.168331808467624,5.221191602686196,4.2223054996160885,4.41041124750599,3.8407133614310016,4.807245047170529,4.565957040053365,4.4314111928684525,3.925181696624423,4.131750756401153,5.210182802225365,4.276537711664429,4.578036272239918,4.323645519745931,5.070049550865818,4.785656199756673,4.148219066348419,5.173296888466465,4.343452299123287,4.5704825368973045,3.92497379389258,4.44112766142114,4.094307787524402,3.896850466487004,4.827429678972227,3.7730375031131875,3.7010875234930856,4.792868816334764,4.140281912687533,4.034448595221343,3.485235829021194,3.7517928327943477,4.629407167661437,4.317015002297696,4.419134649788865,5.192124230379688,5.75231906733013,4.27263125167051,4.4895564498419365,3.6314209920132408,5.344167680230402,6.025422206618675,4.948308900145333,4.081229148981763,4.050353836125894,4.488469665833164,4.204865688981763,4.041464255108509,4.455638852688217,3.3574521917755886,4.349647134527678,4.861740878006523,4.813358729541083,4.185101810321811,4.134149930440821,4.40091987224924,4.320970824799758,4.872421755891404,4.079093463916359,5.066329052673987,4.826695721228624,4.245687598754144,4.4133394703069575,4.92454817861001,4.279392998903054,4.5822037029086236,4.778419277615841,4.578442274458127,4.939528779162751,4.236868735629337,4.610306412272019,4.411743840488094,4.6032861835485726,4.859841922368531,4.04252465162079,4.548238705369449,5.96525668290426,4.049008871208126,5.164678605890127,3.8539019489688693,4.358679570709369,4.574127718013459,4.916538542163602,5.398729777785423,0.0,3.196450975858746,4.722244057401605,4.353269585411472,4.139495533092726,4.061462200723111,3.7760649005735583,3.996134236417699,3.9362195738404626,4.45951992113113,4.219764807952143,4.67962146515267,4.136334773695343,4.27185320047757,5.072171128612309,5.472521577830063,4.852184363142898,4.642715386557705,4.622912442082106,5.358397963188399,4.55493669711509,3.7587138693582847,4.546570303345489,3.343028065586562,4.500400846796521,4.415279601930112,5.098663205470848,3.309248907394797,4.36701236705989,4.7634283767892205,4.289783251344809,4.117364336626707,3.5664814994635354,4.1640203572762475,4.938310040483798,4.3906987016500985,4.827516840125028,5.595632066035752,4.217170165391784,5.363524823374419,3.5650002140337973,3.489295021427205,4.698555894151674,3.9662752621925272,3.7534964731167544,3.868839986212039,6.068915873400368
DK585616,4.079130332723488,5.577902841762897,4.452624253570407,5.534360199395542,4.816444896185328,3.7894837349621504,4.769189812183271,3.747704219070299,5.031950874011924,4.402540736251568,4.477218158124786,4.857265823700429,4.163109286719438,3.8046596711206724,3.5732668304008923,4.92761609946998,4.764199162241802,4.450495897336673,4.127711740007558,4.722990861869879,5.397525748497359,3.6818944915773497,4.459027543433164,3.460264348140037,4.3601501343542655,4.512997421343182,4.29556778975257,4.196457029607733,3.692550282077385,4.826030457618392,4.633367517218568,4.708546588286048,4.63922944534803,5.389889585229,4.411566338998649,3.843788577853696,5.733426136778419,4.336165151987248,4.625000839053466,3.7914964614059974,4.3893844309365955,4.305679091196056,3.307322584233802,4.645972339289199,5.262698221256704,4.4907384195780295,5.500638054687099,4.13678866590854,3.81027279908617,4.0765480901560265,3.64111193031893,4.886538665405353,4.596916967195091,4.819596545700032,5.084903208655286,6.236282720501485,5.299705899557464,4.534373363029194,3.7887346951419687,5.237998803268906,5.02185788735565,5.135859619096875,4.4759858560569326,4.890847562330238,4.57086272427986,4.568766146154246,4.604994312663848,4.890749154676272,3.4760624767540356,4.52270669742718,5.182822533851766,4.609451141110257,4.248446439195152,4.641324188503955,4.922140647952936,4.561081004062531,4.763124226920462,3.953681215248883,5.123300083698153,4.51183012399906,4.624030370785949,4.520189686377956,4.380326499152286,4.016947588438714,4.220489189661568,4.843095559350617,4.55812563015641,4.648912458500789,4.058692374962199,4.459328177557726,5.309354646589136,4.964136967725601,5.293542410500645,4.4315244992527525,4.947188238635944,4.878054235807757,4.128281024264688,5.702780756133925,4.473191087267186,4.560512986306964,5.105836942652473,5.331042714432267,5.8053067864997905,3.196450975858746,0.0,4.517646911292044,3.6783170690170848,4.772645672555141,4.2660815520988935,4.50343613177898,4.0295144214492895,4.6200994455403865,4.408933980591848,3.5608178880059866,4.584888075033861,3.6958477018092823,4.2970159135904265,4.713214702856556,5.121437584476469,4.796363657311713,3.828430520759866,3.923996190244102,5.637404069162673,4.580108914114045,3.2298002158821832,4.620448768216279,4.028127766628109,4.596477172714473,4.986429960833764,4.512588768827129,3.8820938132671436,4.919374533673706,5.3217243757202315,3.617829862218116,3.911351176496,3.3402581547729495,5.093294596832938,4.77012157598591,4.6896039485231515,4.614344799615509,5.5521703788285555,3.5641946649663936,5.58044730656982,3.877929181851647,3.8274354994335296,4.729690079091913,3.9681149952702817,4.30321498216072,4.140867550421068,5.5170305170878695
ZN135607,5.247660935660577,5.220867445786191,4.849625276299475,4.466695506462162,4.353245011933682,4.196373053671075,4.65671267773924,4.826037731397523,4.424788482718927,4.398177266170349,4.110030863610478,4.7611738467857,5.226711299494279,5.200362921120244,4.672077513715883,4.089458676701218,5.905625664344485,4.480501451084878,3.6200921202185556,5.092532400669594,4.321258559719807,4.448699456511407,4.35734580597074,4.843578502038365,5.478470564718163,5.826163809473654,5.191054979618737,4.437962530819612,5.033218610638936,5.49518294291535,5.502324662994951,4.379814509326966,4.5310621509661,5.4463009832294995,4.561354484801007,3.855397525157856,4.004533497692429,4.697331058451876,5.0277822114708,3.6067693950280497,5.140882920125129,5.106148178166927,4.475909998937377,5.669947936205023,5.706771076443364,5.179589004142859,4.3310239737296685,4.301882723928986,5.223462068025292,5.336488711956385,4.127989384551843,4.261271520917065,5.406541613266828,3.471462818671179,3.6343210697655692,5.740532765180454,5.174532759645238,4.551337996922188,5.457929069004696,4.140164286846809,5.573561825692055,3.306766563288543,4.560035694450759,4.052203260122699,5.187005054065522,4.836468668220136,4.871516952592164,4.072190180187121,4.800686951410685,3.926262707477574,5.433579630555286,4.951534216657558,4.828663605367751,4.320643508508082,4.290990423297513,4.921646463345238,4.676429655751047,4.988611970250535,4.518481661888872,4.84875640875717,4.708704794172812,4.862900588122039,5.621255114968674,5.625973819172151,4.01460350108898,5.973455802076293,4.226410066759547,5.083670580432496,5.332351616984502,4.674180153212253,6.183813040986181,5.214510406065001,4.863414400783619,4.830100084080271,3.933635002400845,4.9339761752102556,5.314697217512979,4.823533222977281,4.522536078492768,4.346026580416053,4.304529781057944,4.636858759349053,5.085202867397614,4.722244057401605,4.517646911292044,0.0,5.362665509752358,4.22476869546047,5.760655803882852,5.690101137087266,4.5678124088555885,4.809382275916628,6.042987766651383,3.7328580493430024,4.135130744253736,4.375842983409834,5.460442825778136,5.251856182477446,3.7483820241565344,6.00512863589975,4.717432652315485,4.357591183065077,4.945387515690072,5.618212474368998,4.993644238915847,6.215886785911901,4.873250404096114,5.252728059278572,5.0722379890782845,4.919822010451722,4.918197117704695,4.145459666305493,4.8116716155677475,5.438465528606837,4.602732295305281,4.864533987624265,5.850751647118921,3.970667590183519,4.680759543736957,5.27819239634277,5.9174932291275395,4.256830984264235,4.734325659539967,4.0969816476338385,5.045406776381587,4.7639491658865865,4.680841958081003,5.573154848245134,4.536171535663822,4.706569893531478
PX024382,4.0729141420561055,4.490330944580413,4.325744041002271,5.085828492164428,4.5193857244891475,4.301851082994472,4.925248071383113,4.268245119476381,5.288539434895892,3.3292595110131464,4.182734039459482,5.092007082339926,4.12778782762023,4.170776567971558,3.70643016003508,5.318143765835364,5.073802834635855,4.589036194970721,4.904908604954992,4.577883748655521,5.125669904324247,4.258145185039235,4.33282021407102,3.5149205788019864,4.401562530224293,4.752496958279267,3.2535662060571227,3.680376158428829,4.545421529009245,4.8253245699460665,3.926378310030881,5.673080780794289,4.963705809645713,4.3995918016551405,3.952392901202804,5.264745441549523,6.194157692813608,4.006770910313569,4.259479540239912,4.452891340611311,4.536631995200945,4.739175001743868,2.8703696196635846,3.4134221365755666,5.135822161472885,4.650308378479536,4.875928607703301,4.687488650742628,4.120490419748144,4.503830381206133,4.186461851035971,5.5648981796562795,3.596778633906268,5.200720184427907,5.342624445257088,5.032640741127548,4.797423600880661,4.645963048550525,5.081784353694094,5.10493884569777,3.7399060136374835,5.07839215226582,4.5576342890552475,3.998958705421382,3.7515826502948504,4.242066750451897,4.097003397720786,4.757919239987415,3.657868224800309,4.715061422009687,4.55248926014652,4.53368982961506,4.176879936040737,5.524626079527076,5.212431991877347,4.114225811357406,5.071061324001134,4.513800429580758,4.901533029594502,4.605511761190084,4.648589430341375,3.7851530876682347,5.00841243034674,4.677430447771806,4.470144467073658,4.063525048370064,5.006248476445813,4.539155081660753,4.006282450745066,5.01984356515573,4.971808111343749,4.363693906219048,4.914638882518291,4.838811965723217,3.972875092185672,4.325836021348578,4.114958877230566,5.265611087931228,4.438657601070612,3.2696809572841867,5.196863626162092,4.698655983752489,5.1977074402779495,4.353269585411472,3.6783170690170848,5.362665509752358,0.0,4.71180906128453,5.104504225399253,4.962122526511729,3.86279672886699,4.702917164586793,4.529158295482822,4.568533708027322,4.756951186678971,3.2629077221268328,4.752765714254311,4.41422918683742,5.406102129472763,4.2685654620717965,4.429403667187587,4.246632687847366,4.4524869750968,5.064314488197704,4.160024431904193,4.733740022658378,3.747102611448108,5.099530486295049,4.612351298133096,4.875257425238262,4.100063917837986,5.463800643884001,5.185764239964381,3.618512338028647,4.47689265350677,3.5259797896489804,4.625197567986926,5.145497875419006,3.985179881324219,4.480194046619191,5.132270189644627,3.705561129112184,4.355978286352268,4.22027798189787,4.6853854774949415,4.906829986711081,4.674933424036825,3.8281832823968847,4.623646317076752,6.197867137365029
VK309827,4.850137599911171,4.827418415913396,4.538329542124377,4.732701893497155,4.408479162800047,4.0635460892041495,5.693146068127844,4.094809543526273,3.7355402332515983,3.9775782608131904,4.796421134226887,4.256494657853805,5.209528617068603,4.14451041835946,4.831180898990771,3.6676744165753012,4.492747447461545,2.6205602569824746,3.8383830451810734,3.51555435525966,4.554876894075047,3.1856714164669158,4.557844192272049,3.9993848609321208,5.142858591199356,4.157214503533736,4.943877369615928,4.529796753540241,5.058916004187093,5.782778909940182,4.3386718426413875,3.582847038161374,4.667290900346135,4.661062746889995,5.520810376008747,4.104424072646467,4.375639148216311,4.051949915132396,4.129455494265961,4.175470418273647,4.556057908994986,3.3718421950039184,3.983428116881724,5.419696954485735,4.046448292852597,4.3239906660800465,3.605390348879438,4.495761040961834,5.378163612147694,4.444124070325614,4.518773353836914,5.057009903320029,4.940534396108002,4.886498689643951,4.043980209783643,4.955072537152995,4.412708422534818,4.280928949258516,4.110496608694502,5.255358481188177,5.528841773368554,3.4395796575430353,4.983366874473036,3.8319804399395614,5.048442249792485,4.504613055170022,4.2088999072961695,4.718689668808475,4.803975559842997,3.903997414646403,4.342447459806583,4.7858729862269405,3.8251633000197334,4.695185676801133,5.196843031383535,4.706553609975746,5.142974739949285,4.177861845741574,4.387021308449294,5.236148156593443,4.149743919455079,5.124414042334446,5.765410560249874,5.47322446463723,4.441702076938413,4.590830906021411,4.273627631397429,5.261433111381737,4.952193726008991,4.14114129433206,4.7622907427312935,4.025808579179571,4.040034968599477,4.161096380683223,3.9704617598864917,5.810493131730779,5.123287826536492,4.792790801080516,4.391065221400886,4.072539686697114,4.038121343261427,4.731688827793653,3.7052743298647792,4.139495533092726,4.772645672555141,4.22476869546047,4.71180906128453,0.0,4.931228734003769,4.4404457146741665,4.711815806771865,4.592046312489622,4.714020667148025,4.358947342662729,4.381923619636206,4.255684372607739,4.512185480088003,4.153681719031198,4.765344286949648,5.67012946362889,5.494311763798573,4.498277024312082,4.528657303844383,3.8171320224143384,4.621093397208751,4.582258014749688,4.722965782934561,5.458557763766381,4.901834998533922,5.478027407172172,4.599077586476603,4.889864426567641,3.734370186386071,4.9235742117139525,4.218021763860264,5.092734417223583,4.007954586513826,4.827005991662867,4.250076985522113,4.574626129989537,5.050302165692222,4.427017896475126,4.345825885874443,3.8644782298324207,5.172627015117898,4.106017740141129,4.381062127240241,4.2874431011204,3.7518274209302933,5.493227599939831
LT464099,5.688998871010285,4.508533419900086,3.4634999358000362,7.159357978623868,5.769249105060185,5.475723655527004,6.33472482871684,3.3035753177581895,4.794149576075083,5.180670104070486,4.703214942063377,6.003593122315662,4.058373704690426,4.724093776992521,4.397188699988756,5.322932215533713,4.551846074798776,4.75536032575856,4.877763568621944,5.797717151479129,5.442215053012298,5.367167150148475,5.406104224391862,4.829318991682156,5.109132336532143,4.134478716384086,3.9261444945170263,5.629708015040566,4.329367010859398,5.174465451074098,4.267289809421765,5.6737502658311865,5.5214800613961,5.766031221869471,5.963337751388111,4.255272631761639,4.737473814127275,5.537279758011566,5.525747363968996,4.31706001131519,5.445130515195083,4.279772034439789,5.033031668946783,4.867963607406456,4.904239799224375,4.387433444570413,5.095866929590666,4.860899796616913,4.774549034712605,5.329194306814642,4.837477456184096,6.335144022533337,4.75382269347286,5.465909274297906,4.907346554947128,5.694708491443802,4.882931672109927,5.208293175268988,3.904336814654954,6.18403489137162,6.0877271283056,6.155132320314276,6.482779576314794,5.605647582873359,4.695508678588329,4.857854249383771,5.2288325891819,5.428450803492467,4.714647971489286,5.5345244520195145,6.009997628068259,4.087935568883946,5.067081761433765,5.616922344594391,4.708421624995528,4.587615895378511,5.512004142380471,4.777342328654684,5.6833173504755345,6.077637005687679,5.148405374699952,4.4566688399828,5.410124066638771,5.739695965199374,5.57204033477876,4.184527189751414,5.149892707638081,5.081520240540948,4.211560938763362,4.453514155599545,4.818498347218734,4.918459325132436,5.164090838523771,4.753995510485555,4.706391671739946,6.672918437960837,4.0529693431436895,5.257493383772674,5.44465818113973,5.001667296203411,3.737818993209415,4.781003247346808,4.648993346689245,4.061462200723111,4.2660815520988935,5.760655803882852,5.104504225399253,4.931228734003769,0.0,3.392544074512598,5.522133169543542,4.208801825642155,4.235792157868926,4.310463424142713,5.091428687527256,5.391641611197484,4.032670286020248,4.690373411045364,6.346334581682518,6.133238790982172,4.628609842782088,4.928360682823326,5.562880784163934,4.505193715594337,4.470637516853013,4.002085258903462,5.131362484174294,6.362649244871368,4.17214711843707,4.936890920966068,4.210965263616357,5.904785899441082,5.330677518442223,3.9535705271468125,4.280993444362751,4.3736191954483195,4.380195391526312,6.017812609087883,5.956507600612692,4.328556721619724,5.263071603337085,5.033189177996597,5.581517304040817,4.8801944058555256,5.552083808050427,6.036887634151906,3.8670322216192328,4.767281796423605,5.292069856679479,6.42746165963808
SW138007,5.281006782352731,4.850480457654251,4.221249650101996,5.795221157210897,4.793187160055985,5.12773225976283,5.400364874853566,3.6261148395693987,4.78817422100068,4.822157648388297,4.427968692175784,5.6316341293994165,4.572132218116409,4.268946379604367,4.8954404823390965,4.5055434964013505,3.753263380996821,3.8295745567639776,4.749363227429253,4.775977338530071,5.431153582247866,4.727416676635418,5.396362731734995,5.038599065807199,5.140778327963595,4.6156652569966825,4.316819596538346,5.004734053806395,4.280629961587541,5.186746691369343,4.009012214341608,4.98177167939685,4.89051359199369,5.105450917758706,5.525154097923185,3.8323110232654045,5.294245173317092,4.67718292311712,4.866150982045263,4.439540580756567,4.400430341203124,3.8558586593817963,4.724844666310925,4.763061692911042,4.017039227859433,4.579224928324068,4.366153006792894,5.384029092535399,3.9525097879260365,3.636651253923999,4.168256556677316,5.376789536255496,4.028425027921029,5.929752082139993,5.50789826747669,4.867310457346716,4.259116510232793,4.2321454929642615,3.6784424731823444,5.516731946945286,5.954381870349294,5.342920388275471,5.541989187159084,4.532250487425099,4.561476733542914,4.75836032426257,4.594706070083327,5.169352675157804,4.430920735359348,4.847498294576563,4.537663824534464,4.936187255708338,4.362226977627142,4.670888723404113,4.513495478824757,4.1865461745155175,5.634448327434267,4.061771813322261,5.493434503056829,5.2440032735920985,4.122488178990733,5.156799152042927,4.848202815465661,3.850112449792103,4.443925661389719,3.8326146212853907,5.257973244219268,4.2416564994697366,4.867006782481462,3.95749308980334,3.9613336299985775,3.9906684370292114,4.800598719900518,4.020843268887636,4.982411175220763,5.74272103742547,3.8132195070630033,5.229229552145667,4.641660477909794,4.685624739590696,4.795001953677956,4.27771639216802,4.878020268454553,3.7760649005735583,4.50343613177898,5.690101137087266,4.962122526511729,4.4404457146741665,3.392544074512598,0.0,5.041347940784508,4.854815366025533,3.9206703465348793,4.785264995152777,4.6565527620718274,4.707673676466598,3.0856836657065547,4.172277012362964,5.542937334430696,5.403608599974085,4.399027643775089,5.1119410094362205,5.356040831946838,3.936158958489335,4.06755562278263,4.081101016688766,3.847722096694643,5.546804774780913,3.6530643772365776,5.748404632541296,4.159011004967731,5.667185953316477,4.932243219570024,4.25829813814624,3.2211965465568198,4.09493052799593,4.057470025101134,5.921808293153501,4.468094628593083,3.3050024807310705,4.4902566240306525,4.532943542093912,5.208674311318179,4.517347228515454,4.827070398528493,4.800920425934117,4.382319228349192,4.34647721598436,4.569473456317503,6.764458949997243
KO231913,5.072758309729928,4.300636297972096,5.161898604219588,4.8183496770397705,4.376143685249402,5.145768213519848,4.290589894316879,4.050383444621043,4.8571984981400576,3.0691345581006964,4.562325928076003,4.4288669054580145,4.169971846391253,4.507889694331536,4.729428493271064,4.837926766434236,5.9733980857121525,4.440637350365921,4.384306139613939,5.180747229732922,5.359610585745537,4.11954803072073,3.122838037098842,4.6200191700623465,4.952716307406999,5.302264245407787,4.710627103189717,3.3021598025255243,4.359416379766239,4.083361720309194,4.851978293082094,4.661281674871622,4.6187609697682035,4.880252625362796,4.558495480832299,4.593943257871703,4.960465240414421,4.199043882776563,4.188010086614318,4.045820435936475,4.563236346709413,4.8375852635831755,3.515370249355554,4.56864954561625,5.355362254634808,4.465101073577284,3.9760965758311695,5.131675751071374,4.673381706802977,4.015543603339979,4.241111382059209,4.413906317775523,4.805996037803896,4.3607396729410945,5.431672893037825,5.891573211410119,4.873780183859219,4.458166439927476,5.285175979370866,4.49061287512201,4.601161762376365,4.714904588457169,4.619534358980442,3.9663567259459147,3.7827989689210733,3.9329042543910946,4.2182505318374615,3.7171777852519177,4.131292886690892,4.095839695904512,4.906254488926142,4.42419362527443,4.329877776874292,4.225476795506017,4.178174546359194,4.535245909751279,5.203496888480083,4.394124984270701,4.789943270954901,4.5576435194508145,4.795500348341462,3.897531760832803,5.867924728510789,5.274982183089683,4.1958789241708985,5.112280886898211,4.081962692439244,4.344700435121639,4.368314980359597,5.20688007186153,5.754062650279079,3.9866882174544602,4.7880022352246385,4.092101291991206,5.031152082717787,4.9007038136446015,4.115042848779275,4.201266284153693,3.67051229656796,3.7353107315145664,5.2641787925655965,4.2513502723219165,5.147518205987195,3.996134236417699,4.0295144214492895,4.5678124088555885,3.86279672886699,4.711815806771865,5.522133169543542,5.041347940784508,0.0,4.956312266519644,4.55738684889299,4.44775702012725,3.8470708446482074,3.8201357940263354,4.601053680726946,4.966946968683946,4.528747456509504,5.360891560296596,3.9228156103104483,4.556199353847594,4.776497315516054,5.54950655151126,4.584088190908171,5.484190006023871,4.161591558606754,4.995324613227982,4.147998456518711,4.149279758442409,3.8652803190373852,5.344848244718072,4.49309732251142,5.271611313562542,4.784721060876915,3.7542835457110866,5.382868156958671,4.465108960934592,4.063767934513174,5.078341495049707,6.122258126802564,4.488901745838258,4.426834702873496,4.800019887238372,4.986735043759406,5.500445046968937,4.109131398275959,4.817405219162199,4.396166993244589,4.816582456842346
YI881281,4.786310199886968,3.858452204958866,4.1861078520606005,6.33304606895185,4.890683323248275,4.5690993221341465,5.086872705243132,4.391602871547576,4.436862084162511,4.521104198655118,4.699454600196441,5.310712046727012,4.4159300381475655,4.956661252838342,4.899212279658165,4.556849201865132,4.068545645807466,4.54462585756021,4.4628240885186985,5.07608541258896,4.576353522100439,4.3881386413297045,4.995081711178572,4.08132788587634,4.729942771493216,3.6562366886912594,4.312163195404212,4.882995346017434,3.9523330212859062,4.880375790029972,4.3534494409265765,5.458634012700802,4.653763410800718,4.659069969670988,4.060932327343781,4.686097442237784,4.218420876693082,4.263594271631643,4.842554021287253,4.212171260540469,5.356799203978937,4.218003169769074,4.332018858276568,4.042485467766454,4.69861032665194,3.8011288992485257,4.797569189115173,2.791736043430814,4.278689009963181,5.058282411180486,4.7339685598766,5.552668994477436,3.988098331334207,4.725518348383163,3.8497777073409996,4.739726074448979,4.681499110829963,4.93233897358094,5.166341303489525,5.8240211879865775,5.186408289631751,5.317429532241914,5.5595889243852925,4.587678034774472,4.172365819557245,4.151234025772232,5.316202363591266,4.769403331412378,3.746737340139034,4.389042918792187,5.076229575941662,4.016605599284114,4.772912838408296,5.653918312260554,3.732082070158243,3.6787130348685464,4.2130173620565445,5.419652773000968,4.634145267504884,5.063737115121025,4.016860669038038,4.181927190360797,5.151172631912761,5.426620231207183,4.7048325140271325,4.296569493464281,4.614804728691132,4.572714080606441,2.612231520083035,4.466618324025747,4.8949211328475775,4.268300825154638,4.017568305241505,4.169856951320023,3.8722779090516144,6.183268135587411,4.263620693333327,4.21714462232439,4.946085492276004,4.53174726175438,3.419113032389518,4.4067313218428135,4.424718856784534,3.9362195738404626,4.6200994455403865,4.809382275916628,4.702917164586793,4.592046312489622,4.208801825642155,4.854815366025533,4.956312266519644,0.0,5.4526415891641955,4.473580528914935,5.214644421908498,4.647229228060671,4.407552234492164,4.8711323011475525,5.146956402834253,5.51182345276211,5.140325563620653,3.7938817251189665,4.152381150737353,5.596564641799594,4.958090868573065,4.461556162158819,4.642636487121133,5.921560754400044,4.498435771680348,4.728249032844956,4.0733091553447505,4.950377428727563,4.213970381618024,4.081285360132649,4.720322733076271,4.93471030881453,3.661808235294369,4.444573075796767,5.722832833230901,4.554822728999706,4.6897392770435316,4.716034681805318,4.493187599187325,5.023883222422328,5.445031545441644,5.052107588447556,4.063949275110066,4.332278684472482,5.021751090515112,6.233654892850925
RF082219,5.768158707727008,5.206995364720242,4.2561538548265005,6.034383693080328,5.5283310799338405,5.787788431543621,6.1891510427558325,4.323620788888784,5.536797396919748,4.815816996952944,4.9393709975098234,5.526719705572824,4.259859004482307,4.182202110698258,4.855027866715262,5.188944930594977,5.051184684906361,4.591194666953914,5.038167831603326,4.88333249518644,6.216634307863588,4.942663835545311,4.965411424891725,4.864242836267017,5.692092565346447,4.919362130446883,4.033374214829311,4.456618092657597,4.300056253128142,4.669129383697372,4.1712171424371975,5.285790668614553,5.317955801878878,5.290858074604272,5.775986186358326,4.654366603935653,5.5719633466510405,4.802674964763763,3.647152109473841,4.470578230926614,3.9419434778640485,4.278037671118731,3.9173335948398487,4.7630695750698,4.174985943434253,5.400522315806622,4.115527965648177,5.8640045231289575,4.457461808768941,4.251236281662167,5.104342781637603,5.189829912059842,4.511325285882922,5.220238390823765,6.21749046319948,5.892788092075109,4.580868377647856,5.212233122304008,3.8115303870362767,6.211375819494672,5.762617354853237,5.472068569050455,5.667997742064718,5.3814796122373,4.58271486371825,4.53862567645825,3.1985864074069164,4.655834964405114,4.960531308235476,4.942505344123153,4.679424050167019,4.723674553018951,4.752129737331922,4.914569082991557,5.33728446374324,4.607750515346985,6.39387074385896,3.532964218968007,5.198773356775974,5.318285533041298,4.587225512763116,4.853439886484661,5.771857861920003,5.169000068846723,5.313802342000069,3.8374951467221363,4.613865240661479,4.757462624562517,4.584409813431628,5.3096389979822884,5.018836186226678,3.8274970654067664,5.725591374447637,4.060896797145574,5.3783447614465265,6.442351278509872,4.022315133478134,5.601213775153774,4.937700762040159,4.926239851221252,4.569531035386254,5.270393128999662,5.359907892758284,4.45951992113113,4.408933980591848,6.042987766651383,4.529158295482822,4.714020667148025,4.235792157868926,3.9206703465348793,4.55738684889299,5.4526415891641955,0.0,5.701260161585369,5.291564973627592,5.467674625989414,3.8315867490849795,5.07867255309897,5.552040259953398,5.65388480119831,4.058633487781994,5.766691385944755,5.463226100554427,3.597670008618275,2.8776718170387814,3.351701964129687,4.905365975275708,5.830395671520466,4.826447643867478,4.7477073167854185,4.793086768241808,5.49022550743943,5.229577830332331,4.27490609208389,4.214279150063077,3.181190708207505,4.539799156466779,6.0141975237688525,4.614112244391819,4.2651552710674325,5.034159174410686,4.4703215408723755,5.741732373486838,4.523712564056311,5.477693564913339,5.93741522017293,3.8173985023166157,4.376969392002787,4.621561198812706,6.387915355196007
VD549560,4.422562991919881,4.923511527070109,3.3078893526470656,5.19362134260812,4.785132528724346,3.7210274882861945,4.402086327717255,3.9538854741953156,4.286999549809242,4.5096490771924875,3.6574814117482886,5.20358486334886,4.368696839521386,4.754956324765669,3.6940179585576067,5.032428504966432,5.236200905718023,4.79089576987218,4.290724718873768,4.773724782731435,3.7521525547954435,4.379609801829992,4.556641694677779,4.311000463494902,3.778150526607956,5.0934539847491225,4.218831509281604,4.723901514458045,4.934448328625076,5.4460711204305206,4.774631792468815,4.73154829554453,4.700982371202507,5.080442178031265,4.788002312301241,4.005286050694974,4.1455357212597495,4.856684552712562,5.835847464883981,4.035126065253979,5.284490700385842,4.231547726999777,4.406455068853441,4.575718365980631,5.828857025515708,4.813963211433971,4.604308108672787,3.7624676711562106,5.523032714957182,5.026776083869027,3.1329632365367788,5.603156673402105,5.23113541067863,4.50407768113504,3.741782781158035,5.987576598405068,5.4430201402156735,3.819662870811444,5.058619908764217,4.087836728292236,4.912214764020669,4.871224562956955,4.437361650998596,4.292647890547568,4.811564268977173,4.4495161109144155,5.577119558841444,4.814676917682694,3.6605126011777354,4.981005137576582,5.865977578731974,4.01743875973282,4.043945320797931,4.814803154088355,4.264754989351864,4.551301802186721,3.9022434660651557,5.261466990159996,4.189338900324044,5.267798731406671,5.266598713160353,4.168772617242803,5.48532101740922,5.3154731581068555,4.243968650213815,5.68760447769568,4.712459345362555,4.123220905971385,4.629667317666627,4.3664410819342425,6.1117641416333495,4.7693639966609815,4.357027303404857,4.7769996291785155,4.025414624989984,4.383266210217679,4.999911664844696,4.489865348085007,5.0147239040740255,4.434476441225744,4.587741224911213,4.478424001354637,4.628657372568567,4.219764807952143,3.5608178880059866,3.7328580493430024,4.568533708027322,4.358947342662729,4.310463424142713,4.785264995152777,4.44775702012725,4.473580528914935,5.701260161585369,0.0,3.877891533322678,3.5959275200521525,4.824713605472233,4.19005745786017,5.111515781355575,5.578671202678011,3.9865646124306746,3.49564944889371,4.9176974283066475,5.702203207218825,5.010772298301896,5.692120811105424,4.214827541930581,5.322607059477009,4.360540608496691,4.782976428177826,4.442098796097221,5.057742059362889,5.170047856130536,4.94430138337966,4.139626410098157,4.593955461885697,5.198902327072785,4.335427396670068,5.190370039090384,4.708787628936859,5.380818336495055,4.231203304514525,4.510539554176847,4.221866458354192,4.778005775536589,4.764172271647055,4.615123945212597,5.249229859986343,4.671943132366596,4.822053091119426
QN407818,5.104973557217505,4.245003822335676,4.752367596350437,4.661807571434711,4.406710042283872,4.857720124807279,4.0195515003843525,4.182036241094521,4.0569028539580625,3.9852528736596264,3.700815800583611,4.128045724207946,4.779153625853272,4.344313401266089,4.13418365734823,4.61814221206377,5.426795027802664,4.455991035911023,3.1828058584030927,5.176330133880234,3.887842297923912,4.113667748122483,3.832076361495521,4.950023741640599,5.247847271501849,5.145934312036025,4.877954290197822,4.0193103490402455,5.252788462928592,4.868482458370237,4.877476966085034,3.964538731866621,4.979261951053987,4.587248913940665,4.469515864745155,3.7401124879168988,4.452353543933118,4.462773050111988,4.714368520611182,4.08051339235943,4.584034918253323,4.136887915011585,4.073267700716674,4.746928871993051,5.981377256081027,4.418572896033006,4.115593668256793,4.878843381445122,4.915076078075965,4.514797332413099,4.138638041545253,4.3161530355892745,5.524883786744269,4.58418280819228,4.438254983500553,5.586769047085288,5.082965680510497,2.850978217958735,5.705117394670004,3.884283828080849,5.018778436131507,4.559570511470366,5.113249071713585,4.040821429176133,4.510155363924741,4.439586681902856,5.291512945395677,3.65411403813611,4.460205813289081,4.234545506492907,5.4491252521113855,4.865891592600608,4.419099241600652,4.024070484386858,4.44112089042521,4.658552695830749,4.5497588958954465,4.604541405141355,4.850965127044911,4.564767994924301,4.979021639456973,4.715980615924461,5.818545562458652,5.282571723830322,3.500067286051536,5.651704837067841,4.255978919782796,3.9506719134415764,5.02294928951231,4.085279664949606,5.782112280209821,4.219209536913273,3.9530193068788932,4.285013375510966,4.491735984230874,4.333864694911849,4.368556065261443,4.2492841922642395,3.5519508180235415,4.581833609894249,4.884884550311431,3.7150677979632234,4.482611165437025,4.67962146515267,4.584888075033861,4.135130744253736,4.756951186678971,4.381923619636206,5.091428687527256,4.6565527620718274,3.8470708446482074,5.214644421908498,5.291564973627592,3.877891533322678,0.0,3.4712771066352395,4.631629234357907,4.3302571910382195,4.026458599055247,5.7164622759269745,4.102219408335757,3.485137787784978,4.472239925703297,5.2763173990376675,4.58053380098913,5.6441805529122595,4.715150792166391,5.267573170026504,4.86426511268923,4.983716569288013,4.227621532611147,5.334788226435691,4.579287025671405,5.027370431265967,4.019442103995828,4.418905815302255,5.267015309834024,4.82068910441939,4.568770026315743,5.052350767545033,5.9004598359054965,3.68009293670907,4.550112374896841,4.360903128369885,4.9276293133433375,5.279184714501918,4.460404161110656,5.423525659336881,4.227556080667632,4.621519806582666
VO771577,4.21410437782867,4.839938255958844,4.709831538107969,4.325278408895955,3.9265678049585357,3.6629797435847986,4.155587676236646,4.121876191337426,4.114592885410867,3.338604557235774,4.1946593219956645,4.013492132038818,4.372832148551406,4.258319393148877,4.181349194863665,4.612461624414209,4.769002478298784,3.970415834553898,3.7278621834068613,4.420094871969014,4.384147217108982,3.417655742345907,3.972687749164644,3.1801790135182784,4.244364334239747,4.706443575599391,4.669235099604154,3.786565835458312,5.139141862346728,5.378084913528474,4.354414323248922,4.287922275681605,4.621654523147981,3.894688147799246,4.078466100059892,4.180409584766742,5.194780789389455,3.9242922492438486,4.467732942554275,3.491498262284232,4.161025205269824,4.172101242273113,3.462497566887445,4.029661687309608,5.426365638094927,4.014521978314625,4.8871424291899945,3.9439528310858645,4.180161522863992,4.0285483315086665,3.8673460596617786,4.768959002945464,4.922239351518352,4.9274560169089865,4.577033253910624,4.926014286684263,4.623075029434568,3.3069134664305766,5.16794317740954,4.293958651808525,4.199341071572231,4.686766861732354,4.2827107600632335,3.3398875609998107,4.167973037916851,4.771381541821664,4.962320107378548,4.2949371211407295,3.932394881115159,3.9009524995244744,4.009612298609215,5.086351063448038,3.8882492589115434,4.74301478620928,4.859881569572591,4.39397268267327,4.587505114609298,4.50578112697501,4.547902977507571,4.442241364808885,4.657543585063229,4.66519725130605,5.166334353919545,4.173254696184163,3.3043491718008147,4.979330068031323,4.5113973030060945,4.394106147591144,4.459205926479401,3.918649460762079,4.682229580101142,4.253819108852266,3.950130444687686,4.67059428956879,4.07175733156218,3.9201434957420305,4.532194188746653,4.665768548591789,3.5791531792024136,3.5696679253063226,5.300749012514342,4.344641852976624,5.170139886243995,4.136334773695343,3.6958477018092823,4.375842983409834,3.2629077221268328,4.255684372607739,5.3916416111974845,4.707673676466598,3.8201357940263354,4.647229228060671,5.467674625989414,3.5959275200521525,3.4712771066352395,0.0,4.2675924583506015,3.5195806838988717,4.3905221359150595,4.825162663148836,4.437868299937036,3.1926387150340307,3.8098118108737298,5.365940492816747,4.386965209229095,5.313389452979017,3.4077948603085844,4.676771906114495,4.643575004501896,5.561303691515487,4.232270385306334,4.839411010815543,4.78114436584017,4.494016851670341,4.294493848395563,3.788743813886266,4.529031392510179,4.765726945555346,4.1256172675112275,4.615308565296978,4.774343370523981,3.696434851310661,3.901391530647541,4.167807488366835,4.755214845727477,3.8095651921983698,4.801842514048708,4.633189202799666,3.8381403427225766,5.844868077548389
AW127455,5.169144258548528,4.69353806133756,4.090639436199649,6.066421387259445,4.517747220990032,4.947939706702306,4.973737968608317,3.82741462968947,4.726859837859661,4.481331849705438,4.956899709110883,4.793389873088398,4.1723693976672465,3.718461856071237,4.973066372495989,4.792121343295058,4.420601680431372,3.524259622082894,3.8101568260015735,5.019086189959775,5.4278845730696,3.984222045745274,4.778529287273363,4.649958602135197,4.7603989911156415,3.6599298919124243,4.6800100427629765,4.69182515563137,4.17152601439857,4.8675527362017785,3.7716274742559657,4.833269261624524,4.7773146022597786,4.162435683035742,4.8956096344841935,3.552097173873434,4.946787514448675,3.879096002634527,4.324458424459482,4.133454449844598,4.005488042056128,3.637867647087148,4.233717291153117,4.419699666746396,4.165015830250817,4.119059077088021,4.0911996175240475,4.926984995654437,3.971951429375609,3.9895644568543887,4.6388981043281605,5.188724227704392,4.223131808828584,5.850460972946787,4.845806392311323,4.4432951248984285,4.163297610165532,4.059222185678591,4.315812814535276,5.7941783783434255,4.925840956726723,5.408066486023825,5.647812000233262,4.70207522297272,3.4816373556008453,4.778637732100186,4.692474007920552,4.845543867503925,4.304276119529452,4.541464600013835,4.06762323564443,4.846525625015765,4.358601240926748,5.386638962581401,4.221330483246477,4.074010007186769,5.327736734789351,4.124092745337401,4.996069046820406,5.446959163863261,3.7838532768011897,5.188094189065116,5.341138201201652,3.8682442528675867,4.168907449844025,4.12979260816592,3.9754004531673197,4.024593124162523,3.8919158268519305,3.3715148312318175,4.431457038050452,3.776006771853106,5.068116135280371,3.8977812872181574,4.580867026249257,5.814031343270534,3.9175772678877565,4.770648528405768,4.513711576425344,4.380812906984673,4.597531715951544,4.642890064691824,4.9382950914135355,4.27185320047757,4.2970159135904265,5.460442825778136,4.752765714254311,4.512185480088003,4.032670286020248,3.0856836657065547,4.601053680726946,4.407552234492164,3.8315867490849795,4.824713605472233,4.631629234357907,4.2675924583506015,0.0,3.2948671663057656,4.904603303322778,5.7340473013048046,4.361720985882659,4.578244612956423,4.331541191176453,4.373759707161386,3.5869875493584003,3.6818507082099283,4.150359221352305,6.1992544184538065,3.861293315940533,5.108274078369131,4.0399707775532026,5.5261948529781435,4.199028797295777,4.012057375004223,3.830150217987292,3.720924808063009,3.988836190183566,5.748150308794398,5.202838491009592,4.181931833308623,4.2434630431657885,4.124256392514124,4.624859581303135,4.739173172779079,5.605438397969438,5.385160552874098,4.110000286647527,4.756247417846675,4.176571355853998,6.293823375784339
IL262189,5.026426561183339,4.885606079742767,4.3716464906651264,5.516786089278714,4.488343391096208,4.55999242724893,4.924545097515692,4.223754475154659,4.110790968372632,4.084737872424991,4.585340762450168,4.492298915140802,3.8015023481803905,4.498460582370515,4.86816897040374,5.577141254359824,4.770868599081482,3.9028408499387153,4.055857980905581,4.505013084816117,4.4395078375800345,3.8623105154312056,4.727923942032848,4.286814468343621,4.747408755580761,3.677746454285333,4.852736203943533,4.763467475164097,4.922038196407787,5.743448569802678,4.064599195145345,4.578226569529154,4.469820343992151,3.338405785958705,4.911180863381096,4.27209406945958,5.055220470913892,4.423415044398809,4.623350055265825,4.580624645761075,4.043216895089388,3.821301126060995,4.268645653688671,4.336652420934987,4.772702649866219,4.25029126306694,4.86605113341425,4.694857792361538,4.630277730618061,4.912684403779655,4.438694329818293,5.584962829012224,4.643335683334896,6.155613988881413,4.538332137752558,3.999924702585538,4.021814616412392,3.2315314113719746,4.335577039525262,5.37324232229213,4.16098104911015,5.495435272482923,5.902162170931226,4.377746874125975,4.070009203975766,5.17595129881879,5.292150292387228,5.040757364042091,4.770068452609676,4.4433929967696635,4.31873293898657,4.47098512431469,4.108023995052637,5.635816292917057,4.888955573423907,4.247500607536112,4.825166072527761,4.266032589615015,4.4201311115414885,5.579786015138079,4.7219370855392215,5.557256170453195,5.366582877030022,4.178264152452351,3.9973145256074014,4.7928609966659605,4.381354091611275,4.39787999848489,4.841331915044062,3.360650479186363,4.317769609257972,4.50969515142469,4.308801836939109,4.672094912402255,4.266364967022648,4.8919129222640265,4.309070297947273,4.425230814528927,4.190209746878135,3.4149587422141234,5.027813706590656,4.863078886706484,4.43848093296555,5.072171128612309,4.713214702856556,5.251856182477446,4.41422918683742,4.153681719031198,4.690373411045364,4.172277012362964,4.966946968683946,4.8711323011475525,5.07867255309897,4.19005745786017,4.3302571910382195,3.5195806838988717,3.2948671663057656,0.0,4.6470436564110145,5.601333713673711,4.823229793191627,4.492160730488872,3.4523874806738095,4.840963234926549,4.909603404756967,4.312782778106329,4.416379062883914,6.402071215484796,4.1508921433131185,5.9330098778813944,4.655998055785461,5.664021118928966,4.318869558289004,4.441784485002615,4.461058071658035,4.560397869756563,4.341294372393287,5.573444440012182,5.0650134275750265,4.305054650826486,4.121667418553082,4.625729123942415,3.362074027698059,5.335064470584077,5.845832688719915,4.537008668385001,4.152755452766138,5.152737544190664,4.01951551268259,6.786831105206346
GP748023,5.100239236567722,5.108011866747505,5.4753078666590795,4.461644966193518,4.405563765485687,4.286063396635705,3.9470979503173753,5.136289741692967,4.3935497482206705,4.666177461267452,3.97533992846534,4.080321744364342,5.198463691766263,4.806675238648326,4.8949548720524225,4.705931840147988,5.758992578774982,4.7700895543538655,3.923734639027412,4.716469840410704,4.385004014671275,3.638980034739087,4.235653775576793,4.768268380634358,5.141103918886895,4.946444258964604,5.574127913049669,4.369095919636188,5.271588936788726,5.39600266801944,5.409104433781186,3.4063680874875044,4.202982017485582,4.127081851057397,4.082357192092434,3.876177218067908,4.943343270883027,4.201162860332846,4.237352616460259,4.467039263522586,4.213013642990045,4.888182473694388,4.428776251540672,5.3107957383656785,5.509000141417826,4.797354340835178,4.67706574283435,4.4348512004971745,4.6432994865857244,4.737156555057317,5.095862609176085,4.12695348062269,5.370825935972324,4.834161650484537,4.628697947226406,4.7759858681587035,5.006449758189268,4.243119633007963,5.6206601116344315,3.9516967241294925,4.7038080181549775,4.410592724293311,5.000280291913501,4.379217583623359,4.974639841554182,5.292218177177372,4.746132564133088,3.656800925314104,5.072376536105462,3.94900986471054,4.339052213991349,4.8547328457791785,4.688949508827107,4.396747249704619,4.886329705978295,4.61732689001532,4.928299928396705,4.523699485851748,3.976881314422508,4.124656571928951,4.383638522917349,5.526249836076448,5.090902579323402,4.864073537046796,3.3127650682789147,6.026593931161059,4.25065631730062,4.715683104978856,5.382011407660733,4.332811563709091,5.821953136491589,4.97581615738305,4.330372831165526,4.201531661060154,4.8467406147447845,5.1169736001043,5.0970112924466235,4.916752723681915,3.9435370921994815,4.534303713565877,5.005503111285787,4.356840729442382,5.583314494309965,5.472521577830063,5.121437584476469,3.7483820241565344,5.406102129472763,4.765344286949648,6.346334581682518,5.542937334430696,4.528747456509504,5.146956402834253,5.552040259953398,5.111515781355575,4.026458599055247,4.3905221359150595,4.904603303322778,4.6470436564110145,0.0,5.4970106930437215,4.836500550749838,4.340184962453467,4.2064686703257825,5.214306399015387,4.6615228378917966,5.581189148202771,4.898563924569055,5.468908187007308,5.709333338291138,5.40996425687261,5.452162975254775,4.1167440148485905,4.354650473873778,5.140974793556868,4.359563632810563,4.704695597948225,5.605746126253871,3.864064722894378,4.584949402512701,4.781282929275493,4.809751928190618,4.274007120204532,4.028947506339005,4.936870019788229,5.789859252091058,4.856580858246565,4.4691414277490455,5.471893873387626,3.9258312450211204,5.558903889578428
KO314747,3.1767645719540343,5.68281065984675,5.152868013067066,4.796511904693518,4.456623072573058,4.368330988745713,5.194371672612051,4.705245156057502,5.267662518523388,5.196158941209282,5.033871614616623,4.440788849321915,5.861323611650832,4.7913265390998,4.891247729711322,5.447986690112868,4.6302648163877045,5.825807468002196,5.38928101091203,4.229491894505565,4.987937527789018,4.539123545601565,4.674988772320287,4.676266256085756,3.970985931171209,5.547659369528184,4.892511077537832,4.955158981013438,5.408028895847471,6.571900377325292,4.910862223355947,5.677009652252331,3.8540896710629764,4.758840121351597,4.594014954191029,5.688813362759411,6.972453911425713,5.048640921342833,5.311022819696937,5.618847625190036,4.554632808754057,5.212586473821855,5.002249282698209,4.992231082310012,5.353572489973763,5.431387402578584,5.990963654332402,4.901212540060261,4.968149880033982,5.13811158807971,4.196641594853611,5.9280538956888025,4.520943481654328,5.843212542556559,6.078498742620334,6.075463611125999,4.941108619188607,5.147173004647482,5.116258401494708,5.344877377290916,4.803155278768766,5.389589143449056,4.211328390697429,4.6665321674471745,4.984550308110275,5.664176118007858,4.648948206799936,5.7834360414652215,5.000097196087087,4.981082605037512,5.215274168098918,4.7313263180871035,3.528761126070642,5.2743471532857855,6.072636605039471,4.420099098067469,4.661856961458706,5.341820590262548,5.359436321913704,4.097027402496589,4.8346076874639845,5.609040382414887,3.330426131778429,4.57119733637749,5.2119096180876525,5.26213788725613,5.4524908678282324,5.054772191614379,5.192281635329824,5.358571502206906,5.085012794928941,5.78679384801606,5.348416098044646,5.040102788567614,4.949580445167951,4.837520919849208,5.378661790452239,5.964274372080787,4.840543985486867,4.375796806911137,5.844519719485838,5.239783364286928,5.9052085581676685,4.852184363142898,4.796363657311713,6.00512863589975,4.2685654620717965,5.67012946362889,6.133238790982172,5.403608599974085,5.360891560296596,5.51182345276211,5.65388480119831,5.578671202678011,5.7164622759269745,4.825162663148836,5.7340473013048046,5.601333713673711,5.4970106930437215,0.0,5.205346294635929,5.3143811918692965,5.917528870633922,5.846649153103724,5.148837872540892,4.942850576532179,4.283267077496751,4.010558268221534,5.950999916900912,6.1429454105998005,4.9131955783688355,4.635425674330796,5.809915047264087,4.622541161792535,4.870542283011405,4.414798393895197,5.56774980546362,4.60261394793998,4.105213429616549,4.556604614232757,4.720133882173559,5.1242353050723395,4.8654258718827075,4.308301353117092,4.1675459803301,4.181798711206577,5.31075833812273,3.442119593385416,4.7167505110480645,7.720330535118934
BY520328,4.709612114024293,5.2637993133612655,4.042743312107946,5.328163454670953,4.9361274920467935,5.400963330167705,4.274019473337876,3.9996597281794397,4.866939242648055,4.179428644901742,3.8368554804404282,5.166707739439253,3.539741447419782,4.584472255304024,3.6758562521819638,5.502843112765695,5.902526644352765,5.3790054951114685,4.716429763336383,5.439480777382733,5.202883472833547,5.111953221398543,4.140714864422604,5.041106495346363,4.816136463481013,5.521596222616565,3.8614203547166213,4.413535333588284,4.074116900977155,4.193747672432331,4.567519313027393,5.322119631356672,4.532924203416064,5.275167399558191,4.317108245284593,3.9961353984147263,4.68304872797381,4.36506275846984,4.982890335398053,4.063345438684792,3.758197073368376,4.396884953200305,4.224226245459352,4.145375761604599,6.078193217196768,5.463860399313982,4.337979225599591,5.093492494491672,4.576167293895658,4.492215074641161,4.276563042037736,4.117289639169656,4.736046458797419,4.263562497650215,5.579834877997317,5.9287560801451695,4.985282421647456,3.812097758174017,5.173669618279365,4.4528739875162255,4.794701277383546,5.178183684780277,5.027601915240913,4.613422742233551,3.771747013378006,4.090759933974767,4.688256262407371,4.650573038324833,4.107947374458084,4.678742287515279,5.438913530205967,4.387435564419476,4.616628385720202,3.961785742289526,3.519511357691804,4.014175242394435,4.62619252742491,4.383594291871411,4.222557815707769,4.470186914310727,4.978317314446934,4.279546481370323,5.191727287672755,4.845546267633788,3.8559024933325277,5.087754319455598,4.248514337567466,2.9660104738822866,4.689497191285456,4.70419397424748,5.847270192039034,4.22927325684364,4.778418386939541,4.190571625000361,4.734540245393228,3.9384557341862947,4.011176169856828,4.795395641850318,4.289365458836637,4.607167343123681,4.537092257782942,4.041457652943328,5.523756173842436,4.642715386557705,3.828430520759866,4.717432652315485,4.429403667187587,5.494311763798573,4.628609842782088,4.399027643775089,3.9228156103104483,5.140325563620653,4.058633487781994,3.9865646124306746,4.102219408335757,4.437868299937036,4.361720985882659,4.823229793191627,4.836500550749838,5.205346294635929,0.0,4.643899414412635,4.968164585984088,5.532673456931493,3.830584800069752,4.669809616500524,4.719202169562167,4.779172211994695,4.568328815486366,4.0827118767860515,4.059578904841327,4.903255740008446,5.634030643391817,4.389680329411703,4.107620737139644,3.2067518191305386,5.502936501109318,4.845524425009987,4.879566148945721,4.2623239752923086,5.193927728879524,4.191935275457202,5.388038277247627,4.664139823923193,4.826007411352805,5.322142180455035,3.9264366268440183,4.7212375373827395,4.831062282745428,5.2493442348034485
HV465250,4.178096824930364,4.7681495528035365,4.25806238667517,5.4726012147931185,4.626026343524517,4.108185657231467,3.7451600792462156,4.028554650802953,4.138972935247632,4.330441064138419,4.12375281981456,4.827386124483313,4.701410094685702,3.8763865120032066,3.6928004297290524,4.746214804116353,4.951363268327304,4.6703994702477685,3.5205743576919977,4.983372549005689,3.7212582598929607,3.3523030528328785,4.236894210481666,4.090898013217216,4.054389799969995,3.942969682109302,4.80044064923137,4.766551675886838,4.515870258096256,4.566460750953542,4.347461109340808,4.682944817973551,5.1961751317774425,4.521581510077534,4.1076587402769045,3.756253512932351,4.682370011206177,4.250080313654649,4.81455111464105,4.022826822969902,5.274501963266587,3.6768283843713836,3.9514159965609212,4.32394685669501,5.850202817331232,4.332927713003589,4.856862611757876,3.373025850316086,4.705946237049512,4.552710622188262,4.373849260345736,5.236622995186094,5.083928719249844,4.612910554909256,3.8634599182494185,5.443176372731251,5.541019078114702,3.9672330448113113,5.844559293256741,4.385731087911557,4.553619702717116,4.690196547370763,4.812088721945043,4.370740854652576,4.709924051321131,4.316408487673038,5.686058879150863,4.383836996593726,3.8784607233256994,4.761478140473912,5.444349429212604,4.415250998172818,4.366286674221732,5.427388923976998,4.642596360625885,4.192447396700704,3.706214637719933,5.3672399624157805,4.994861765028605,4.361326625992224,4.385448237072818,4.31748718970714,5.533966515008931,5.152179496238015,3.5951822984543753,5.241525927296321,4.317137640051507,4.08344987785029,3.4513239702418246,3.6541544345018333,5.811636834525328,4.312250866787163,3.7285065791490677,4.336067426909696,3.9120627449674674,4.726642123447197,4.983630664949699,4.844488560737805,4.606518131782022,4.746125969186336,4.76678350799691,3.896523703015338,4.842582822842733,4.622912442082106,3.923996190244102,4.357591183065077,4.246632687847366,4.498277024312082,4.928360682823326,5.1119410094362205,4.556199353847594,3.7938817251189665,5.766691385944755,3.49564944889371,3.485137787784978,3.1926387150340307,4.578244612956423,4.492160730488872,4.340184962453467,5.3143811918692965,4.643899414412635,0.0,4.154706556896597,5.368924573654525,4.749930212327676,5.226942304062849,4.716406739301866,4.861018068865107,5.036775054574105,4.2949230342016085,4.2801639897772334,5.270797373774281,5.141249327498188,4.097153940376276,4.176858326736321,4.820570449077104,5.107796337311856,4.279978549303248,5.186590490803513,5.10398099713765,5.398211672921972,3.834557059846134,4.420645514021881,4.473635755649971,5.2668805626718,4.988143036533012,4.806760678798788,5.020301248821838,3.9708792883349457,4.405783640561996
FA291539,5.251400032730957,4.12377860087762,4.547015411249896,5.335463136246019,4.543469846275,5.054997515059797,4.577546400956519,4.609249208773355,4.370346186916919,4.0272444203308035,4.256630309427501,4.686308407598898,4.047201260207465,4.661864482131027,5.022022459777072,5.291805472038234,5.3986478366162265,4.690126528207865,4.277609704225323,4.884909340767034,4.5631813599164195,4.4830121898575745,4.380736461726064,4.372568104214323,4.9447479450300555,4.416487647164184,4.752940554757903,4.589374378992495,5.10537755453791,4.793863333154176,3.6990237129874335,5.170076956470648,4.952859919535186,3.2170736687651598,4.488411366066091,4.7075323583415765,4.0888630185038135,4.3842970688404765,4.250234889411725,4.1948583011484395,4.819426646938048,4.489639933556566,4.443428668441367,3.992081362629622,4.81695373723138,4.5944379617965305,4.3845435840493785,4.4333052184863355,4.911263067479058,5.191027959686098,5.333690037720859,5.239144591586977,4.562579910734745,4.854457825713654,4.560007311891208,3.559590672418323,4.40367276447994,3.810369506099053,5.857294971891155,4.6894589119115055,4.194839887237854,5.156348323559926,5.735631812730905,3.983066667800305,3.830106140576262,4.4971664322936284,5.079396547414153,4.168578588875872,4.69157279866242,4.388674111951853,4.160137661890152,4.587553442020389,4.854672657998762,5.769888923671712,4.326728222933311,4.193220802438945,4.678599924696087,5.190358030122986,4.206741454411953,5.245802404263203,4.691798418795793,5.01212453442863,6.004307110820098,5.250850414136485,4.0626787703153315,4.903879562503824,4.436977344167944,4.391076169573863,4.610940600430101,4.181718144076635,4.955920567318084,4.0595094495125545,4.200512825870168,4.484150277577299,3.305852490846351,5.215092690089553,4.7469109273551755,4.135893084608409,4.035769626946896,3.778868948914482,4.799267236430961,3.9735778829481054,4.321402733850583,5.358397963188399,5.637404069162673,4.945387515690072,4.4524869750968,4.528657303844383,5.562880784163934,5.356040831946838,4.776497315516054,4.152381150737353,5.463226100554427,4.9176974283066475,4.472239925703297,3.8098118108737298,4.331541191176453,3.4523874806738095,4.2064686703257825,5.917528870633922,4.968164585984088,4.154706556896597,0.0,5.449642432534944,5.271425414526708,5.0372165526876005,4.962147678509301,6.227729925883244,4.398845015024484,5.262722885231444,4.554009333418936,5.483248465350522,4.384809020456489,4.650529619435143,4.733019747340466,4.94030848952984,4.699865105018374,5.2795266208212315,4.99057954620172,4.952701741197492,4.611725118562622,4.410344797684933,3.225819340375964,5.2186548728051845,6.405234198996266,5.210557636513462,4.214206378059723,4.976188393257756,4.286187071208715,5.92720295692324
RP321877,5.782349911924105,5.803796871226867,4.972443060430254,6.376245627756842,5.1037992957315215,5.117205458719327,6.176705373664887,4.599525678847993,5.396963655376525,5.403594097771411,4.817930215069526,5.431286132569545,4.839791163781114,3.8900739697421054,4.697299975700509,4.622555998821406,4.130005719714017,4.145134333876012,4.582469580822651,4.6482176052770985,6.1811334902178885,4.272990011057354,5.584192812186778,4.508072775501922,5.486375144247063,4.656989791062435,4.955145184321922,5.381338749591286,4.64199173191732,5.303542441631046,4.529390709898291,4.329975356154357,5.20233911443649,5.5779521412268345,6.035869709685113,4.385621522013244,5.8138711011492985,5.027656712492959,4.165627172764976,4.46712817052269,4.882002529817377,4.1926879540971385,4.954741281931152,5.659054361857471,3.668509334674835,4.930046692535317,4.950890092318827,5.731551480757914,4.333473058205957,4.359262933678987,5.231256216041455,6.0444903543115025,4.767851859772639,5.680290194777403,5.746870841451606,5.168413964504486,5.2763934498337015,5.364552756385553,3.2576386584215538,6.053700381974749,6.507808431369762,5.43838332601698,5.8970215634780985,5.471236336975687,5.207327439360526,5.7763495990724145,3.7835185366999595,4.977772729869496,5.5940517678703685,5.34196694611849,4.556509051596307,5.033048949158366,4.719214301616904,5.451924357054376,6.397234868554646,5.718151365899562,6.630166121731428,3.1327323653401065,5.968414832012614,5.629707339982649,4.292239769251927,5.726522116662829,5.3137511528753265,4.7397409727138005,5.418282271576667,4.809063967678037,5.57622435781829,5.521252218736575,5.227830604761129,4.9087235598617385,4.701846794470416,4.594905804925566,5.854089780108962,4.00630346951811,5.016950471843217,6.499896612576531,4.414512014762548,6.347581106906947,5.018100139126737,5.179079575362217,4.974209046281055,5.662352208387239,5.422826959963564,4.55493669711509,4.580108914114045,5.618212474368998,5.064314488197704,3.8171320224143384,4.505193715594337,3.936158958489335,5.549506551511259,5.596564641799594,3.597670008618275,5.702203207218825,5.2763173990376675,5.365940492816747,4.373759707161386,4.840963234926549,5.214306399015387,5.846649153103724,5.532673456931493,5.368924573654525,5.449642432534944,0.0,4.064912145872302,4.020337893116591,5.228984613891615,5.978533879510947,5.385856513508522,5.582667427186619,4.665711069798257,5.90006593880204,5.429496325217494,4.481188417079083,4.149881522477242,4.751302750671762,4.784525573728756,6.306586620213019,4.672673946975281,4.454025349197999,5.122449543163482,4.221271051931434,5.8272514850597315,3.9396020592809675,5.127283170045895,5.313236887188981,3.7500414833701377,4.527728882149041,3.9851748816119192,6.309745086089215
HQ186018,4.607596447484655,5.047807488301032,4.310724676680816,5.175024384539397,5.036937063111101,4.386097555959476,5.12956682198826,4.124154845316857,5.0038354562991,4.626237218209126,4.465264507306639,4.659134177167706,4.777547242957294,3.7539443868464173,3.9599160915734664,4.32076233412102,4.745931178191537,4.307249360366416,3.97267638976672,4.7212451882022375,5.6390871477067135,4.202832961110991,4.694544916926048,3.7919350866151347,5.26246441360401,4.622025874481595,4.0648968346374135,3.670495596214021,4.273976346752903,4.820507223103343,4.368378349800719,4.722329676086124,4.8992187969508905,5.068427718209181,4.583147787646121,3.7083736476482083,5.718675797749442,3.5958519408467082,3.5791222801084697,4.013020989507934,3.5811971235158406,4.182472357752812,3.07698963911125,4.462486317512886,4.678254438543549,4.676493449428854,4.494384335852315,4.629218634432964,3.7240779027722732,3.768073056318624,4.7094079668886595,4.166858942226131,4.358568971904035,4.563825802626724,5.311818410456183,5.581933140327125,4.500643186714557,4.543170275244704,4.077992004274777,5.2349741389841515,5.170839430742486,4.754571622993903,4.6939180492957915,4.960881628902647,4.601966165455011,4.398073893765538,3.4792463819578603,4.336897212667951,3.744106741508635,4.331384228682671,4.30817166908636,5.144693766753715,4.821301214869505,4.115855731317662,4.799748919674644,4.162862478511378,5.358168380109778,3.499108897112356,4.670133005322693,4.588943107763855,4.232288262022142,4.83613803916074,5.005251603411787,4.156723274985302,4.378259979616111,4.180761806500076,4.193611216222712,4.657802510536352,4.381891768785245,4.421336198474139,4.785104809379939,4.276455085337435,5.1250166314521195,4.3338613699620305,4.871504379624555,5.8224393014584805,4.1310272980910545,5.6533433215517634,4.115754306457859,4.826061996669973,4.476720637338405,5.074106797413192,5.723118837029435,3.7587138693582847,3.2298002158821832,4.993644238915847,4.160024431904193,4.621093397208751,4.470637516853013,4.06755562278263,4.584088190908171,4.958090868573065,2.8776718170387814,5.010772298301896,4.58053380098913,4.386965209229095,3.5869875493584003,4.909603404756967,4.6615228378917966,5.148837872540892,3.830584800069752,4.749930212327677,5.271425414526708,4.064912145872302,0.0,4.091161813186562,4.32907033026722,4.88290603535435,5.222655659475463,4.917323128370713,4.476784834166825,4.263644484271143,4.592561659381659,3.539397174922713,3.3757481112792647,2.5879627558184732,4.161702477269673,5.1604792891089675,4.3532937572524615,4.404538065131322,4.958852687082129,3.1904254953908016,5.608362722800133,3.5639653901866635,4.636304905888974,5.361396308293062,4.296451985698402,4.233083969027799,4.110301199547111,5.955286483765679
QW882237,5.27135457623733,5.514703318981439,4.389975997426512,6.585190291081439,5.2946643215021,5.571390360287798,6.299657539695106,3.9613648752535093,4.921613979451269,5.024914431920463,5.370286772758488,4.992371775008448,4.338761331330341,4.090601246353069,5.018751950359474,5.186352528262124,4.142688523302661,4.630082730376159,4.765529381900053,4.652496826352886,5.59388851321253,4.2181042955558645,4.959623997276861,4.629883371333997,5.121616733530712,3.4634430555242863,4.762250319809072,5.281832669393611,3.8702854317912916,5.48779016754019,3.822241001304623,5.311391182004299,4.590242698140867,4.6515792094570125,5.371959699859829,4.781567652435269,5.573359997452659,5.0145740756733055,4.409719986128713,4.485170408246984,3.5447279045856934,3.4659273033662212,4.54873464560988,4.8841007577929645,4.173178622565877,4.710068092023973,5.142665581384461,5.2722963159343355,4.282841554148841,4.694573662055003,5.126040718803879,5.584114545124512,4.776458372553125,5.892553997939663,5.776779404602686,5.212268115725056,4.420227701298508,5.110278525764801,3.677796925119476,6.890467924264843,5.538727699739346,5.847516633190424,6.067526907586268,5.536246640972772,4.2561260183603675,5.34775239390635,4.6267893589147455,5.500064676583889,5.363037096839555,4.843862332552712,4.471935195100593,4.506945439802544,4.29290883802701,5.852486962514999,5.440730653036905,4.354403623621963,5.712447532185664,4.247317755109649,5.259275541276564,5.26450755917066,4.195891899480783,5.519129250776104,5.012546894141117,5.041462350031403,5.115823230803229,4.083163125780898,4.460269189698692,4.620636128953908,4.0924415123021465,4.435131282280314,4.43705916862118,4.679422890724315,5.342477247717067,3.562072829655585,4.722215607644531,6.268949944039183,3.985781097777263,5.759103693588765,5.086631261774541,4.794742830981908,3.9837741392198454,5.062402205283739,5.1397389922595185,4.546570303345489,4.620448768216279,6.215886785911901,4.733740022658378,4.582258014749688,4.002085258903462,4.081101016688766,5.484190006023871,4.461556162158819,3.351701964129687,5.692120811105424,5.6441805529122595,5.313389452979017,3.6818507082099283,4.312782778106329,5.581189148202771,4.942850576532179,4.669809616500524,5.226942304062849,5.0372165526876005,4.020337893116591,4.091161813186562,0.0,5.10689398323389,5.8436882851907646,5.210366580963616,5.328707892237947,4.65983946640606,5.088052152425411,5.339640277133354,3.2427419639920427,4.963962097989583,4.102886055411035,4.349050050251513,5.99750672062396,5.407006355772201,3.902166121947828,4.029132078530317,5.246438072894095,5.249136069602644,5.047226759631532,5.573857451995845,5.028839255041685,3.562158218136565,3.6859523828254255,4.156706540266633,7.3280486839191425
CH935697,4.515678764438749,4.6188238028085,4.275586975830695,4.358327909806418,3.543726042758185,3.931273609535847,4.898872298258296,4.205218228063954,4.934293907121179,4.233413854436551,4.18990865024627,4.856289826196949,5.112786045904758,4.547969031009864,4.860326361650707,4.343859008601995,4.211231665096517,4.27837923185936,4.65977484360856,3.672241765853518,4.540927454167618,4.376512555074438,4.38860233172564,4.167203109558347,4.376047110581904,5.108747038199807,4.263796317315647,3.7268817534345513,5.065557067648519,5.763786540456825,4.34046510432369,4.773670462967817,4.13765958551283,4.1082880318299475,4.3737154499709545,4.620130896538163,5.768898087779736,4.363153528630713,4.505590882022537,4.343804284452834,4.166895503741587,4.661997549517795,3.793323895623242,4.251943076374586,4.112901692708728,4.326720315926187,4.617293524748657,4.535511442347885,3.9419692624427345,3.4681965010256226,3.0614654522706655,5.175673610902023,4.086000639806792,5.354317988879453,5.326176253202996,4.993232139010122,4.12113903055205,4.264240350639065,4.589191852516525,4.91629731322146,5.0555613950939895,4.96446945228502,3.3170550533001792,3.361655141205401,4.348783554080572,4.722436547416169,4.200810807096269,4.577863159103604,3.658008745469693,4.433444601873541,4.113296598817748,4.721510915569027,3.4772618127270363,4.850323955482236,4.806954061129432,4.150275874625891,5.190949211671677,4.348126301697925,4.57458041308759,4.641168743164188,4.298472742472859,4.367058156104047,4.54710514969304,3.6524572948740253,3.9163304789551634,4.885868961379286,4.905970972967926,4.490950573797211,4.58511436591241,4.5936304699901225,4.389362532576437,4.3990338338796064,4.900863288931811,4.578367911106804,4.410675523025608,4.96148408614029,4.0793863272940944,4.665398112449667,4.465457852419643,3.7493853727878768,5.325716543939575,4.760651510065118,5.502166378604823,3.343028065586562,4.028127766628109,4.873250404096114,3.747102611448108,4.722965782934561,5.131362484174294,3.847722096694643,4.161591558606754,4.642636487121133,4.905365975275708,4.214827541930581,4.715150792166391,3.4077948603085844,4.150359221352305,4.416379062883914,4.898563924569055,4.283267077496751,4.719202169562167,4.716406739301866,4.962147678509301,5.228984613891615,4.32907033026722,5.10689398323389,0.0,4.841777044603679,4.172252312275903,5.925424128919627,4.576938180010054,4.509877581362077,5.020483883171977,4.481567407067638,4.004966243521097,3.3089465451138818,4.341040116734793,4.615129647592554,3.858583071724138,4.302147810729041,4.504973824263827,4.22559266442157,4.342086960037677,4.008978075653644,4.240636973130612,4.030180827863673,4.942521654216283,4.234488054497567,4.025014293421164,6.807330243286891
PD738544,4.251063043693027,6.474250434914946,5.844594049340486,4.524736180728276,5.031684003135882,5.118232960443285,4.851694855405013,4.302063045041499,4.854758947126493,5.342472453845686,5.248589789866453,4.986633184661071,6.084541380770977,4.513908523270969,4.587433560831071,4.52942486496646,5.542997481005805,5.813952482828426,5.393765917860505,4.956243842120324,5.575139910565989,4.778445440152761,4.217464557480201,5.047213947084381,5.069187784595953,6.314744685183937,5.368644385566733,5.014244810860779,5.39347749130331,5.833709395025546,5.543858089801877,5.583230465513212,4.919522669574462,5.981614144167646,5.128688534915456,5.150223823479213,6.290759372806165,5.293853362852255,5.011714390355278,5.068658323764544,4.867275105210869,5.408433000027695,5.106070398312918,5.570898049110498,6.163482924697259,6.127294657864505,5.673088034059406,5.086635961510661,5.396684176625059,4.406949739199633,4.7438287533369365,4.741830007215985,5.573983747411987,4.670608385905635,6.311022798996394,7.193588685540749,5.8862274503483345,5.198517053461927,5.5570446987005555,4.660636911940546,5.807503343746696,4.60223131263007,4.189659317048973,4.864098532957028,5.889481381970699,5.328006576032909,4.907057732877552,5.521214106657413,4.861424771977568,4.844608473220228,5.590568122460038,5.342801102034708,4.855148882463208,4.046086438024336,5.641530735710262,4.838468707270063,4.766784013714109,5.057059662142269,5.773473655014605,3.586242112245701,5.231363473478416,5.311695951076684,5.2722415736655455,5.238427205997282,5.142253799019501,5.777296390351718,5.40509118155399,5.40975976525876,5.864331822912424,5.6016909319438275,5.686088712846988,5.914144977368487,5.09319690705566,4.95748978847547,5.536908264034883,5.01510199455126,5.765209828549472,6.035920523064034,4.601164461368242,5.155319641519154,6.002642617119137,4.974470297537211,6.659567767499047,4.500400846796521,4.596477172714473,5.252728059278572,5.099530486295049,5.458557763766381,6.362649244871368,5.546804774780913,4.995324613227982,5.921560754400044,5.830395671520466,5.322607059477009,5.267573170026504,4.676771906114495,6.1992544184538065,6.402071215484796,5.468908187007308,4.010558268221534,4.779172211994695,4.861018068865107,6.227729925883244,5.978533879510946,4.88290603535435,5.8436882851907646,4.841777044603679,0.0,6.301239151521973,5.448354409302716,4.98956322741303,4.538690937887566,6.261273375871566,5.337460195249086,4.957538377636527,4.775018639108609,6.31584151130097,4.566098533457426,4.175609042344854,5.397205996969801,6.043077674844067,5.062575948498319,5.897250098201703,4.280542192167185,3.950163133015214,4.76685197833123,5.71824031554926,4.7262497515931425,4.086219544197475,6.232393463888837
BH065906,5.80196135319915,3.883269645181263,4.017780866509525,5.688056145859406,4.695742837915024,5.635272818114016,5.043732003816104,4.099765872367091,5.484925767036838,3.8573647942330687,4.5344746670324945,5.979616543515924,3.952004163865238,5.06530348727014,5.609935362046938,5.2065170323358965,5.287056483664093,4.273632321041539,4.703921991464186,5.679535510781497,5.232909402794954,5.186261673020458,5.0460190892774985,5.329357000060137,5.1357041017982965,5.061518179676898,4.507057328286806,4.600448123012064,3.7744233514502046,4.6061851948703705,3.752020202613318,6.032842535376413,5.48417018653008,4.795473206065107,5.588905291148426,4.511318668124804,4.699409295845273,5.026219548751626,5.022345500354011,4.250186765604962,5.668986231583049,4.354034574462845,4.533964094405585,4.857650972136534,4.319942742769069,4.918626831807543,4.116420224571113,5.4662158046380895,4.926712010491637,4.381738906086422,4.294057336010853,5.8022218195315425,3.9170445360917956,5.162518357393773,4.808998033649357,4.7472032065989636,3.891022983944589,4.513383328451864,4.925313457486537,5.104289888780141,5.562779579225496,5.258638058832194,5.732827938349523,4.146667522799714,4.057833257578679,3.8624998337383896,4.771559668010335,4.322146731327154,4.553855237510115,5.028548997638433,5.34644633525475,4.281181936292984,4.942928272659161,5.653352007364501,3.7860719984294082,4.04202293250845,5.275419782960893,5.189320485606568,5.538501677133668,5.92047963699749,4.662010124671698,4.006908265678234,6.0691221870005,5.097264179823309,4.729480174825553,3.9900856363797796,5.015499901201337,4.010102430988626,4.3390964583819915,4.641192525922858,4.760432254467506,3.7362727058523806,5.042212085295755,4.807294082435258,4.142387828419208,5.729072956087914,4.141885314068965,4.442574243850376,4.6701108640541715,3.8267628205314406,4.848079511149743,3.7938654066690876,3.8699045988205105,4.415279601930112,4.986429960833764,5.0722379890782845,4.612351298133096,4.901834998533922,4.17214711843707,3.6530643772365776,4.147998456518711,4.498435771680348,4.826447643867478,4.360540608496691,4.86426511268923,4.643575004501896,3.861293315940533,4.1508921433131185,5.709333338291138,5.950999916900912,4.568328815486366,5.036775054574105,4.398845015024484,5.385856513508522,5.222655659475463,5.210366580963616,4.172252312275903,6.301239151521973,0.0,5.014014006226347,3.9637190351749116,6.18107295861277,4.826247548675752,5.165165717737712,4.09043275990831,4.45940346192129,4.943139107514265,5.602912886066586,4.416957915369491,4.2740909463762,5.611762487323329,4.975519392032067,3.9601549903383684,5.0757592011851616,6.071758400016672,5.782195750806273,4.514705315915356,4.918858223277231,4.844862450249336,6.091330857088158
CA685113,5.6790417633675485,5.295988310642691,4.532725443311508,6.523887108045624,5.522948576190101,5.99557474265757,4.647480830343667,4.315353273234949,5.490176212138259,4.718676221228181,5.021650551934568,5.981236922519462,4.390325983725571,4.39065589423821,4.18145577550622,5.220597328218003,6.2357805585311565,5.484816918315815,5.034679870204638,6.070656349155376,5.598714401358652,4.999413448135445,4.21549792157413,5.638613259872709,5.088522452289032,5.319536954875769,4.082867565997992,5.237465486010398,4.101255050111041,3.8444022751125773,4.6529197546577,6.05398966455592,5.939933626870261,5.611169031487192,4.80117894666965,4.622619915089352,4.441576399951591,5.252313707252483,5.0698647549740326,4.567607366974813,5.846455338609925,5.0447696845204355,4.754302961136673,4.826919128635935,6.032349263500154,5.9234387848067165,4.385479346587943,4.978137786209577,5.698440443438503,5.355880322362549,5.245827009874813,5.338348590209594,4.87943641319761,4.537969014383322,4.996349900781438,6.756537659986991,6.16274341956485,5.285861304397721,5.955866159073611,5.380937408960812,5.221923279889264,5.105087181105852,5.97864057588896,5.219853590019818,4.602835651466526,3.9614898437724815,5.055053838169841,4.322728241884973,4.64774993887531,5.500912927636922,6.474215406626686,3.9124451540384424,5.452406654379858,5.288756804225221,4.287325643641041,4.2991449965271045,4.749811680086226,5.254967587808922,5.781450608348236,5.131237216732694,4.555619318451259,3.583843280954154,6.472093783084401,6.243337526412042,5.410214466512882,5.286345582658338,4.432212811513566,4.579236217223264,4.138450679645714,5.447413682590222,6.876467981041921,4.944127651122602,5.59678211076479,4.147451012970738,5.037339765410134,5.679381684358891,5.174907476815523,5.203705543333078,5.279236974333813,5.039444027951668,4.592244836829396,4.5114703539623875,5.422186782099923,5.098663205470848,4.512588768827129,4.919822010451722,4.875257425238262,5.478027407172172,4.936890920966068,5.748404632541296,4.149279758442409,4.728249032844956,4.7477073167854185,4.782976428177826,4.983716569288013,5.561303691515486,5.108274078369131,5.9330098778813944,5.40996425687261,6.1429454105998005,4.0827118767860515,4.2949230342016085,5.262722885231444,5.582667427186619,4.917323128370713,5.328707892237947,5.925424128919627,5.448354409302716,5.014014006226347,0.0,4.016165008745753,6.032754924330416,5.813638439181218,5.056272446005106,5.010311445247033,4.736339381124894,6.461584044908183,4.938810486341677,5.721314904716648,5.466398244600615,6.449991832450552,4.313751426497423,5.486968203857195,5.062746193856962,5.587652015094582,6.864824347427145,4.213244351505959,5.722043486585897,5.0316039132581585,3.8732553353912893
JS348244,4.706190194034927,4.264988902607447,4.623721276704144,5.668050885914844,3.527008853777978,5.153490492850364,4.384428699810754,3.4839873756884137,4.661608857506902,3.550882761416449,4.902600271679816,4.364451895441278,4.177145408657096,4.191812067524889,3.9874477577603153,4.210262634793054,4.4750373019948935,4.5114274232536244,4.148219821775521,5.297598739508922,5.205896656787827,4.437377399511923,4.041061555380545,4.193343291333844,4.682200069683238,4.463984662105622,4.19416926911102,4.154836522995804,3.631416683181294,4.505249254051403,3.6538462235378018,5.076464570812372,4.73062506764612,4.644570293925642,4.078268970054261,3.898610369973878,4.7914240257915415,3.838978968032582,4.7800803886872885,3.929294462922503,4.94556073590532,3.980984874465682,4.484443650086133,4.262493240129804,4.717864556736419,3.8342705277701716,4.588205346559384,4.471818416893176,4.374847817789327,4.010812673830237,4.225525197886527,4.926862502750192,3.817996475857961,4.747213353281253,4.585807564125213,4.907314873733053,4.611950288231943,3.7465257318909027,4.704116309575214,5.034359825873441,5.296894451591836,5.035168394414082,5.316006086354165,4.034200723809691,3.026429076904167,4.2187971753254425,4.60937977318641,4.461928202832757,4.018217660401584,4.668317740944492,5.140344222292042,4.381287344458681,4.7220124008181665,4.678938305757277,3.9305194000399677,4.198007304680779,4.193217542283163,4.187990021979612,5.4284452534551795,5.0983352208417285,3.7365605434156723,4.19600052762612,4.989110123842542,4.471451761658387,4.564346236885701,4.686480891884471,4.4648897410048285,3.9211826000270165,3.8809216955218995,4.148289388346129,4.73772798607883,4.161078784964992,4.7499851097004235,3.9135061074496518,4.206348460698549,4.921332155854768,3.929916106354851,4.550214280070736,3.5707730532623025,4.108999328401848,4.481405857073399,4.388014550841552,4.623369003774279,3.309248907394797,3.8820938132671436,4.918197117704695,4.100063917837986,4.599077586476603,4.210965263616357,4.159011004967731,3.8652803190373852,4.0733091553447505,4.793086768241808,4.442098796097221,4.227621532611147,4.232270385306334,4.0399707775532026,4.655998055785461,5.452162975254775,4.9131955783688355,4.059578904841327,4.2801639897772334,4.554009333418936,4.665711069798257,4.476784834166825,4.65983946640606,4.576938180010054,4.98956322741303,3.9637190351749116,4.016165008745753,0.0,5.456255947542549,4.660023941241039,4.3945234869002325,4.111030453413087,4.073609293706136,4.83375528069547,5.017481061917125,4.908179427265046,4.822025869131565,5.7533139057411695,3.696947677389792,5.070469191714818,3.9454842268673733,4.101596953582056,5.358453145020498,3.5767795814795793,4.24244323496239,4.224330582005974,5.381676297949169
SK407981,4.858501301781487,5.384812826745391,4.978201619912442,4.213991214328315,4.494052489279412,4.311327640061279,5.675134752245748,4.679816467668491,4.1573381097493725,5.005355224665944,5.0669283908550495,3.810265462446744,6.185081049878901,5.613918392275996,4.855363562683853,3.799169713730767,5.3288002901862335,5.465963674725438,4.676487516551658,4.334027163717917,4.318740236742183,4.6891010655755645,4.366678333502187,4.134713805892274,5.309691805093712,5.358929478467133,5.3869996804828775,4.065450838560759,5.635798097429051,6.768107097127961,5.328217225955988,4.342503600239564,3.954421200312352,4.749251182944867,4.595006375399796,4.4109805788531045,5.347643125120982,4.604289939288685,5.133131506776032,4.318973676782666,3.8254930486476244,4.955623167047719,4.634553356626133,5.4610399969476155,5.26253688711179,4.73371599306557,5.108146262500438,4.0263078588134995,5.244756534719391,5.0297285877691555,4.692819912470445,4.226344823515083,5.757246344706915,4.244080973141251,4.912427953096513,5.668923599553233,4.442036014939267,4.991762384207524,5.156383095177086,5.105987803751788,5.639389228327241,4.348522814030433,3.915838628537241,4.598413596469501,5.381272644548556,5.613202486619949,4.538214159867069,4.766677780977758,5.0517556624520905,4.268050977771693,4.580302139755713,5.346526713132279,4.780874106120194,4.254282637223945,5.07311501145318,4.530304585701395,4.809771747507159,5.109217815434252,3.752264325923961,4.707131177461419,4.668571106356541,5.558248339408831,4.951828343843875,5.520160901001459,4.58120651319668,6.045592468400142,4.111098391974107,5.41919690967613,5.42165860915981,4.777454000557346,5.556506487614101,5.693194736129886,4.686069941613531,4.875256158749615,4.665419066258232,5.97861253395037,5.711589718430017,5.39811072477461,4.568693488657954,4.784994569575097,4.08745403249665,5.144762248574194,6.018750081851132,4.36701236705989,4.919374533673706,4.145459666305493,5.463800643884001,4.889864426567641,5.904785899441082,5.667185953316477,5.344848244718072,4.950377428727563,5.49022550743943,5.057742059362889,5.334788226435691,4.839411010815543,5.5261948529781435,5.664021118928966,4.1167440148485905,4.635425674330796,4.903255740008446,5.270797373774281,5.483248465350522,5.90006593880204,4.263644484271143,5.088052152425411,4.509877581362077,4.538690937887566,6.181072958612771,6.032754924330416,5.456255947542549,0.0,4.992823380971899,4.907909637567187,5.032834095600711,3.903713605287865,5.106654765013639,3.93030623388434,5.023343678969398,5.1167285798305295,4.770846461725951,5.169686581521512,5.073824375580655,4.183334632318877,5.040838953684948,4.431136061601026,5.17007442611052,4.740318029589491,4.273916170082879,6.880473969137196
NG753012,4.954238154967538,3.3071575479767654,5.1456841225513505,4.974114497128032,4.618335789364671,4.318416856205332,5.231281997343058,4.664796953766806,4.000480005323985,4.240021546014699,5.02457214548311,3.985200476036414,5.1929263234450005,4.914941702239644,5.397957636180603,4.669198232832057,5.077398193520863,3.729482911780058,4.2628626186054035,4.995281539252642,4.822474836944834,4.064372985693608,4.686705841654151,4.289122031467998,5.57494146592207,4.198735732302942,5.1700886719765755,3.8510149940246383,5.156094736747982,5.571339029133364,5.08543883590987,4.495906545512962,4.563535542207595,4.348618500908966,4.733703224988514,4.495792400483751,4.865451256781033,3.504857975302186,4.181746743897346,4.947218157439579,4.892827597616913,4.800344696672911,4.099730017600919,4.955238855164844,4.7205276121153394,3.8741204851304483,4.09126182083036,4.217431719111282,5.070908028954366,5.1163098707063925,5.054847793918401,5.0591579419148385,4.535148925941991,5.256639957351229,3.7977201195601236,4.485134731580845,4.14777277227802,4.454586973075827,4.9742112223547705,5.1363363425402095,4.614046010188795,4.502362267411251,5.752867487972468,4.60971720650376,4.437188324967004,4.557455675320624,4.704663378887189,4.814540405121785,4.380046072333263,3.3918114055617368,4.338329714753333,4.810564001200728,5.009860376669339,4.813818494008456,4.269444944355133,4.250953721166498,4.682626396688191,4.811666456652444,4.054689941267706,5.192340487694481,4.618076562187754,5.362469208460742,5.453129932422903,5.488969161362599,4.729013463032722,4.5242737857462645,4.214440043309911,5.236082714401856,4.807129985024692,4.385781272992263,4.7594267633276885,4.497673365423582,3.975697132337806,4.888999417441435,4.780540115702951,6.279854813790947,4.931371098797867,3.669341796135757,4.171824602299827,4.044253008488253,4.4493082792553,4.849803041858386,3.9528019182098837,4.7634283767892205,5.3217243757202315,4.8116716155677475,5.185764239964381,3.734370186386071,5.330677518442223,4.932243219570024,4.49309732251142,4.213970381618024,5.229577830332332,5.1700478561305365,4.579287025671405,4.78114436584017,4.199028797295777,4.318869558289004,4.354650473873778,5.809915047264087,5.634030643391817,5.141249327498188,4.384809020456489,5.429496325217494,4.592561659381659,5.339640277133354,5.020483883171977,6.261273375871566,4.826247548675752,5.813638439181218,4.660023941241039,4.992823380971899,0.0,5.1610265266214315,4.172076877117898,5.111730916348955,3.698267783589394,4.498004548506341,4.970089316947758,4.907192519704065,5.155066024726001,4.628882099818303,3.932477857320559,4.947738393708031,5.834304172489228,5.349980727368481,4.715673808005949,4.9837372567146545,4.893750163202276,6.302786572489913
BT445911,4.128345045393107,4.812724531828253,3.9013083348566737,5.893036648565745,4.9251118792633335,4.355991035478415,5.4242937772646105,3.594444711068602,4.7080827640385055,4.808333033290401,4.27001295703318,5.061439992467115,4.426294090196724,3.4619259512595355,3.612820510743661,5.2417232876038495,4.488999734318616,4.914130064562837,4.4392516844202365,4.505491058173628,4.9141808401559235,4.196468828124502,4.601106667930651,3.8634074859662006,4.877723496101888,3.59787769595805,3.97379584443142,4.533174868776912,3.814585838214963,4.74136306204273,3.441993558415787,5.394305823170552,4.612654989989025,4.698763407064224,4.284192951427777,4.185188915845091,5.765112334467892,4.459583278360033,4.305634715256133,4.185336956747567,3.991397915398184,4.326468810317528,3.532230283674288,3.870684659774912,4.653728586360942,4.305563262381425,5.35919228274795,4.515575522824037,3.375187789332004,4.892867846218589,4.453369220033272,5.1614326094635485,4.013781298778536,5.344066787732205,5.323511456066388,4.809519259909521,4.838393978814405,4.790035564365537,4.495801696649914,5.786616222640688,4.3149123661888975,5.217552279412107,5.152135703126892,5.169589860420815,4.281380551272914,4.674333078284661,4.879781075895684,5.414390917010827,4.0087917317365775,4.674698618348597,4.446977195776184,4.654920778242442,4.455113850015999,5.718685105396845,4.81479433969477,3.8981401201165866,4.83035538813457,4.766323909450434,5.028900160258952,4.544048526320001,4.196526102187644,5.158658939496629,4.022702728652373,4.398738751001462,4.16096331806669,3.8970007822592665,4.403929011816954,4.615319076648303,3.9042947747074215,3.696279273313278,4.826524124926879,4.91400528432164,5.153175420665932,4.17268917139385,4.032875206960372,5.349133110227697,3.9611483456844994,5.71697016893386,4.879855834476967,4.558888381517323,4.580662103667374,4.676899279078506,5.203931856791364,4.289783251344809,3.617829862218116,5.438465528606837,3.618512338028647,4.9235742117139525,3.9535705271468125,4.25829813814624,5.271611313562542,4.081285360132649,4.27490609208389,4.94430138337966,5.027370431265967,4.494016851670341,4.012057375004223,4.441784485002615,5.140974793556868,4.622541161792535,4.389680329411703,4.097153940376276,4.650529619435143,4.481188417079083,3.539397174922713,3.2427419639920427,4.481567407067638,5.337460195249086,5.165165717737712,5.056272446005106,4.3945234869002325,4.907909637567187,5.1610265266214315,0.0,4.036315214225098,3.8027553151908102,4.58388693410823,5.386662140712531,4.9759839213591315,4.275464444997462,4.638232867658582,4.1546108360108525,5.185427106799638,4.55166107961518,4.97007054480853,4.820155890463509,4.081242475293613,3.600255973824209,4.40736155323915,6.552844705584733
TR068731,4.221270199944435,4.319621438009366,3.901163884796262,4.421589106964732,4.484203904218438,3.9296006762349185,4.373411529501978,3.792880307645335,4.751315021313202,4.5667274325702065,3.4612073901876097,5.072706751325797,4.657692103132636,3.8260058849932954,4.17003791215409,4.568032624566084,4.385432498689404,3.9049640018824507,4.320383839525911,4.407983544289833,4.579576004479365,4.168479984445093,5.052957074660761,4.3901216781779215,4.472415358552429,4.529313085647267,4.026820143259473,4.134736387424591,4.262183331447923,4.58120796949805,4.009775883683264,4.689419851914192,4.989652205726863,4.533032224888306,4.594916211304037,3.2501579953370876,5.099788363344463,3.9013996806101887,4.294058032105333,4.370940932876527,4.707707921723535,4.005749430801883,3.833694071029169,4.742219159675268,4.461847731616645,4.9112774789760225,4.231082775186458,4.410054301259383,4.283439141857631,3.7001063918003028,3.996022731777469,4.804048651062813,3.7630620046026784,4.779118498435718,4.361739695594169,4.894257726406191,4.474998214678339,3.668420411441848,4.3568080380293015,3.8629682840130095,5.103244352671058,4.35755240229953,4.679894483117033,4.105385943818662,4.521031876955169,3.704416066226447,4.028690660673433,4.457308499765874,3.46830703819411,4.15236683805234,4.712956634597717,4.586239989117634,4.455055154115132,4.296144786384864,4.219245514246871,3.7118226766091937,4.286546715498726,4.28254213347647,4.503586874462441,4.076492458365011,4.242910615921448,4.511212895395954,4.305379337719946,3.9559732898328637,3.639674100062547,4.035933696913199,4.855122342419795,3.834655394352171,4.788396837667723,3.8464813071082964,4.695514988932687,4.031732028342064,4.3212522315836726,4.498137119041372,4.354109819701431,4.97485714341148,4.630990048317942,4.954433588863867,4.333764942285898,4.49228319520122,4.84596425367693,3.9052235325500524,4.507509341406443,4.117364336626707,3.911351176496,4.602732295305281,4.47689265350677,4.218021763860264,4.280993444362751,3.2211965465568198,4.784721060876915,4.720322733076271,4.214279150063077,4.139626410098157,4.019442103995828,4.294493848395563,3.830150217987292,4.461058071658035,4.359563632810563,4.870542283011405,4.107620737139644,4.176858326736321,4.733019747340466,4.149881522477242,3.3757481112792647,4.963962097989583,4.004966243521097,4.957538377636527,4.09043275990831,5.010311445247033,4.111030453413087,5.032834095600711,4.172076877117898,4.036315214225098,0.0,4.054766466519439,4.521528416021024,4.6610774281037495,3.816404808285787,3.7522820745130026,4.756482372040172,2.906980188973613,4.735074330372515,3.3261077344206016,4.724631146725849,4.864283019758426,4.570756148783834,4.228721228081363,4.168170918748072,5.317133884831523
BC730662,4.799526972366309,4.617260906710089,3.9257984219403723,4.8448593596847545,4.171363011063714,4.6999472298045415,5.107603690751059,3.692016252305523,4.763475794638037,3.7504731024277125,4.354355458322964,4.286839409515568,4.270593002645727,4.366721607921613,4.000793332847157,4.481855274093768,4.915802543987674,4.643954945940197,4.1696552307854065,4.59674563959194,5.073881448887516,4.557368155251556,3.7501911474966616,3.810692851783803,4.782969321241164,4.871934364099308,3.688130592855832,3.2697405757693825,4.4722300611872345,5.113420650620425,3.9397569613882637,4.733375901114254,4.397892925638078,4.31299596196083,4.351683467842909,3.9000741059960817,5.409222620164182,4.136570828817276,3.987876319410698,3.4650020510312856,3.186491843842969,4.385380175591864,3.286342015218469,3.939088724401039,4.6120756516036705,4.309273196145124,4.435968190414765,4.67876716514308,3.6580702467682302,3.9024639472082487,3.957431504133519,4.258126282628466,4.33116328618179,4.51381448546278,5.414421451404515,5.341513849361355,3.7530036062975873,4.24533024030125,4.220993398758851,5.071400840017942,4.769069048303968,4.9535172161522025,4.237028705310857,4.1074877461650185,3.773813321664269,4.501189735944382,3.3626584908164774,3.881938049176863,4.117578033371258,4.306034066626232,4.261858298513022,4.610215848299245,4.1310930277246305,4.162642174739064,4.528797567024864,3.849369274495354,5.274178143316212,3.636785050417938,4.507889430934159,4.625510975121149,4.198613185844496,4.172454749905135,4.717810280055108,4.18354852685576,4.14142897850589,4.416633809637406,3.7916655894671383,4.320644619868796,4.14530932852697,4.400228723651522,4.607794229714056,4.244723405001283,5.067772023296811,4.3138098156349765,4.556076774243225,5.1640123494066,3.806233887663771,4.9762126456230975,3.808287485583732,3.818004537684287,4.413998505059817,4.663071307130746,5.598123915403323,3.5664814994635354,3.3402581547729495,4.864533987624265,3.5259797896489804,5.092734417223583,4.3736191954483195,4.09493052799593,3.7542835457110866,4.93471030881453,3.181190708207505,4.593955461885697,4.418905815302255,3.788743813886266,3.720924808063009,4.560397869756563,4.704695597948225,4.414798393895197,3.2067518191305386,4.820570449077104,4.94030848952984,4.751302750671762,2.5879627558184732,4.102886055411035,3.3089465451138818,4.775018639108609,4.45940346192129,4.736339381124894,4.073609293706136,3.903713605287865,5.111730916348955,3.8027553151908102,4.054766466519439,0.0,4.543205359767515,4.868603694230197,4.158674442467528,4.264587483165244,4.6430494120556025,3.8317353000832974,4.869926472298471,3.803479530542327,4.5059604635518395,4.999250986808215,4.002309175322155,4.169927132144078,4.094255392866154,6.326491400019636
OL796059,4.873449299375302,3.982171450337628,4.410671445736189,6.053441205899097,5.068894478890946,4.511915235138956,6.070690101810477,4.843535046634523,4.405034735155335,4.670588288814636,4.924345312534354,4.955843483736792,4.9021248968904825,5.20529932338684,5.122998813845981,4.8186255095113095,3.69898762888388,4.103127514482398,4.673677199868744,4.691521714150238,5.285713282213819,4.761299847914446,5.637820483347871,3.5986738448094426,5.315886890982786,4.093758059437958,4.449769060405948,4.613432194837793,5.273215180548015,5.8439039197294775,4.797265512845208,4.967743200736254,4.570321310978287,4.878279191241498,5.16895361069677,5.093021913603057,5.457693953910802,3.60744138771264,4.417618405035724,4.898617714864074,4.6264085254874985,4.124368557560289,4.273641417700741,4.153187873868754,4.300326781620727,3.6065318224183125,4.504892628032207,4.0640145354022685,4.223976363264555,4.814552577857529,5.070343805497454,5.983597469995628,4.16580470742413,5.47566083343162,4.909904461370333,4.269484571755712,3.878028329677029,4.916861682960233,4.404410749517,6.066899542313124,5.55659832930984,5.656866283375611,5.5489014330557636,4.8050732195017245,4.507998102287001,4.996598811990683,4.506260875090488,5.346041296312802,4.2500604708263525,4.535219019351628,4.223353340948381,4.978545679975566,4.591174881741901,5.405970269406025,5.133336879315471,4.5850869724283045,5.656010021921463,4.5113419698997035,4.2886914520058035,5.692698823618108,4.717816566236833,5.173356950709633,5.365085244124661,5.118318306697808,5.164424665036097,3.994302512965586,5.122824205043437,5.178027222214371,3.9057101312307885,4.749135603631618,3.6646425685453012,3.6623154347548423,3.9662996489743914,5.004270052296165,4.489526796478031,6.654298213358106,4.210863803925867,4.500523477305861,4.806292872252372,4.549742302303537,4.013894134138025,5.398198218383322,4.697449193897079,4.1640203572762475,5.093294596832938,5.850751647118921,4.625197567986926,4.007954586513826,4.380195391526312,4.057470025101134,5.382868156958671,3.661808235294369,4.539799156466779,5.198902327072785,5.267015309834024,4.529031392510179,3.988836190183566,4.341294372393287,5.605746126253871,5.56774980546362,5.502936501109318,5.107796337311856,4.699865105018374,4.784525573728756,4.161702477269673,4.349050050251513,4.341040116734793,6.31584151130097,4.943139107514265,6.461584044908183,4.83375528069547,5.106654765013639,3.698267783589394,4.58388693410823,4.521528416021024,4.543205359767515,0.0,5.4664853878335355,5.3223409286242305,4.483104906619103,4.043621709481147,4.848826624358417,4.891483505852633,4.706091163095337,5.490962666437872,4.794084246009082,4.717102532144494,4.128692153780314,5.209572056596972,7.34667900829315
RY746259,3.8485071692482737,4.78029136508328,4.894210158651559,4.401018346911246,4.048741881943789,3.8527290816469897,4.2812497997491725,4.912098519313726,4.166108549058001,4.215564945628482,4.698975618316478,4.306306394458407,5.755056076366325,5.067993160086089,4.675847364901796,4.856165463073355,5.871803927746547,5.27177977463504,4.523852914832091,4.584180054762208,3.8995117138294053,4.118644412498028,3.645259514852072,4.494669561108737,4.65594798509692,5.036898615695658,5.055786621894396,4.503948959918879,5.300426750522327,6.080173019132847,5.237218934388195,4.3391412754918965,4.306634429598484,4.805109985091551,4.363428539856691,4.243319433372942,4.9690191119521065,4.039092624567421,4.821664217409858,5.008034016199486,5.160669249545544,4.810820773342408,4.331336980614885,5.09353926799609,5.902305865993293,4.743813733477191,4.872112801977738,3.2634091983080293,5.66719095678797,5.026309680165284,4.644676170350553,4.627979539970033,4.994064792501068,4.546988030770849,4.209610587691481,5.8030982256844155,4.870068751782361,4.606410476681195,5.829832863560018,4.093160338130605,4.545516308690697,3.8754086063820687,4.427055381013924,3.941592261799532,5.405768483454451,4.3243907337211835,5.096182671177904,4.497347831406524,4.47244596733353,4.447358982469096,5.710213460778982,3.9132530250805084,4.325979788336335,4.176481848948544,4.411317322514228,3.8209595286555715,3.5678820455194526,5.301301000898592,3.85454785617667,4.634093618315477,4.429008873950447,4.489462775129268,4.8660243601416235,5.646401173743046,4.129225845890299,5.675444858352811,4.042667961495282,5.080285850960659,4.695079213027125,4.597502986014536,5.833837889390319,5.034486754067598,3.737256891044878,5.000369249142482,4.8863286065790525,5.364842403227908,5.565390664561813,4.240294360654966,4.3763875447418785,4.495521092948627,4.650629049489884,4.595972542897303,4.94447553079012,4.938310040483798,4.77012157598591,3.970667590183519,5.145497875419006,4.827005991662867,6.017812609087883,5.921808293153501,4.465108960934592,4.444573075796767,6.0141975237688525,4.335427396670068,4.82068910441939,4.765726945555346,5.748150308794398,5.573444440012182,3.864064722894378,4.60261394793998,4.845524425009987,4.279978549303248,5.2795266208212315,6.306586620213019,5.1604792891089675,5.99750672062396,4.615129647592554,4.566098533457426,5.602912886066586,4.938810486341677,5.017481061917125,3.93030623388434,4.498004548506341,5.386662140712531,4.6610774281037495,4.868603694230197,5.4664853878335355,0.0,4.8573400117243635,5.1241313446848995,5.520058097496923,4.93918193273155,4.317489521090517,4.908004990507592,5.390163902529955,4.7204110665692705,4.998403199663612,4.91654708293127,4.632862533511294,5.577862306780587
LJ516052,4.444757519452426,5.07272905111581,5.021600453191011,3.401898078749647,4.477062394842722,4.350631881580996,4.682176007614974,4.527363032564946,5.302780227651448,4.176530104945761,3.946507529513526,4.888582492173781,5.258858050770719,4.118212148287474,5.155040610490427,4.416385656935667,5.074011328435872,4.2660980171213065,4.4337283394099885,3.9969747612413022,5.303338640099441,4.077389145027288,4.415602008505934,4.702387873706183,5.070064942336604,5.888634652794775,4.673639100028231,3.905133144892804,4.780476849464238,5.301943468198275,4.3305016333871515,4.983518735768173,4.617824704087634,4.908089125805406,5.271042762954434,4.84246373741452,5.9779947346214515,4.699886745667061,3.818971868194463,4.479614356405696,4.549675771072595,4.792552544240399,3.7861118808825434,5.193185785753255,4.276152161111939,5.478544140479481,4.453432348808382,5.541688050277261,4.628595724485857,3.864327330849412,4.131280192773154,4.684275376041196,4.168064651603042,4.690088376238196,5.790606840465851,5.524359667242907,4.291348283751919,4.593939772959143,4.65104670488976,4.073703254342023,5.151155438546716,3.727844826210268,4.02614967078588,3.6161967391969108,5.261414192041396,4.3444516608144434,3.314862629366303,4.0147389330503644,4.653876089513984,4.177408828843896,4.289109722163749,4.959521184150249,3.9212417946395877,4.117918738227036,5.358800299118666,4.374968561801381,5.491171910872809,4.425995935991277,5.291714746408161,4.25418552319141,4.506302374907931,5.006775303970542,5.013484518902588,4.363615042585539,4.363763590588844,4.283169392716664,5.1974481480264885,4.9190695754519185,5.561301957620293,5.149401152324978,4.676584031572008,4.41635963937137,5.09323734445051,4.476622999475987,4.4766351530162085,4.908115071354731,4.6917435010990705,5.676446541773807,3.684289607437028,3.8388182760317684,5.69905885524802,4.169372022992629,4.904774587314817,4.3906987016500985,4.6896039485231515,4.680759543736957,3.985179881324219,4.250076985522113,5.956507600612692,4.468094628593083,4.063767934513174,5.722832833230901,4.614112244391819,5.190370039090384,4.568770026315743,4.1256172675112275,5.202838491009592,5.0650134275750265,4.584949402512701,4.105213429616549,4.879566148945721,5.186590490803513,4.99057954620172,4.672673946975281,4.3532937572524615,5.407006355772201,3.858583071724138,4.175609042344854,4.416957915369491,5.721314904716648,4.908179427265046,5.023343678969398,4.970089316947758,4.9759839213591315,3.816404808285787,4.158674442467528,5.3223409286242305,4.8573400117243635,0.0,4.013748567406346,5.422830316784033,4.254477612241809,4.232424231072683,3.788092133779775,4.735533602537994,4.282898810964881,4.840045762421278,3.737513008214697,3.9085113708517065,6.32011735762618
GN888179,4.80425162820188,5.019578719218289,4.00849048193641,5.5995071601175805,4.970626875263813,4.27168252546882,5.059437760259397,4.571866057605776,5.174111948908005,4.7958089909386965,3.6608502106830074,5.636640991083113,4.009188542433894,4.2255769004333,4.767620492923693,4.89384608915877,3.9131847399710398,4.2954503806022855,5.007096267509622,4.736212013166985,5.276579946046679,4.171186659870498,5.271451816024925,4.6001154239487025,4.238919228114245,4.952635004859848,3.8322337004301943,5.141955580996158,4.211063696008585,5.511168387112328,4.198154382966541,5.135872410993155,4.507935927966473,4.787839261064683,4.927447775699001,4.581414591707853,5.198653282398429,4.9171828878989725,5.006540286777898,4.086064250531478,4.444457907633484,4.216081258547957,4.705732950680416,4.557176727674054,4.652328186840255,5.1090927775647135,4.710170055929576,4.8633791400736435,4.343222579698308,4.318558452129086,4.341526049284047,5.63998739556913,4.057883088420262,5.6864417274709576,4.993408112155833,4.825781433544591,4.724842469719038,4.66801719402294,4.063826300361559,5.23541846237152,5.050223439448099,5.1740886837588,5.630525369524699,4.589850024823539,4.589519908689146,5.064344526930632,4.517163799766717,4.730588267003158,4.825806388959615,4.614210045234958,4.142647892538242,4.075845038174149,4.061523091299662,4.708850357670659,4.877684085340663,3.97325794171855,5.4433434305971575,4.40143708875924,4.967878253762783,4.841443836844973,4.104009459580687,4.785694434517547,4.147357264327345,4.452486393788263,4.679871705546697,3.7254990842810045,5.593821345795766,4.0459708892118105,4.8240197558816496,4.680245025240336,4.450591708213897,4.386689218288873,4.817390237623636,3.568829041309859,4.587680513499133,5.05740844251282,3.873744962140742,5.440573693860842,4.83548492500606,4.421157340840834,4.250775047562419,3.7665996878574695,4.531395823963076,4.827516840125028,4.614344799615509,5.27819239634277,4.480194046619191,4.574626129989537,4.328556721619724,3.3050024807310705,5.078341495049707,4.554822728999706,4.2651552710674325,4.708787628936859,5.052350767545033,4.615308565296978,4.181931833308623,4.305054650826486,4.781282929275493,4.556604614232757,4.2623239752923086,5.10398099713765,4.952701741197492,4.454025349197999,4.404538065131322,3.902166121947828,4.302147810729041,5.397205996969801,4.2740909463762,5.466398244600615,4.822025869131565,5.1167285798305295,4.907192519704065,4.275464444997462,3.7522820745130026,4.264587483165244,4.483104906619103,5.1241313446848995,4.013748567406346,0.0,3.205312948908407,4.4203131788743955,4.253618796990837,4.506922879460566,5.219300378641673,4.209740777819744,3.9861677832816977,3.7928517952017025,4.780770681785818,7.026419275697488
OA139405,4.966665848991546,5.560229880782139,4.341753684311531,6.009556903842468,5.104892423438684,4.4453960049435635,5.828249812617398,5.135379631838102,4.6764472070040926,5.595392704850338,4.59304949182941,5.300478214898018,4.6964116021285385,5.082368913541794,5.184177524167966,5.492808847865486,3.933863486928131,4.944165241661737,5.499190422927495,4.424011734983248,5.107491196464559,4.7109118209316305,5.67225618590545,4.525176033804096,4.259958136086857,4.8180454807424535,4.5470363252374115,5.688346684525375,5.74767966915142,6.467892846084331,4.942075438837675,5.166454213011637,4.097954878931626,4.214990651984757,4.928553536786618,5.279556576858404,5.505106967474142,4.990022101408668,5.222276186481352,4.911078238783195,4.0637270289421,4.8661704792911005,5.4342815492849965,4.438924014472888,4.899907211766349,5.25631646463234,5.133492558836669,4.479375937980918,4.603621986216656,5.431297845848856,4.990184196754415,6.31470926100761,4.72723065950456,6.258749656847119,5.294560776333281,4.554907244626221,4.813119139216885,5.058315542963706,4.6912709013499505,5.983699220413048,4.950847142360486,5.958471943897989,5.692151984916138,5.021324216810394,4.6286367109002535,6.172059011947926,4.913154807669446,5.74819779215122,5.35155878633438,4.733579908003122,3.72227448837989,4.694157091599032,4.0418080496699,5.732334195294396,5.674294292845792,4.539709727275848,5.684624521211852,4.847669971316494,4.273575051024158,5.016620111985592,4.662544014942767,5.8228539964412,4.3373554123848335,4.733510392938821,5.0894587849062045,4.809277798819104,5.505593978862576,4.856452563319112,5.028597668480642,4.8354318561578085,4.54636208024733,5.007950132862572,4.850408154455006,4.545495839924549,4.728140194030602,5.65031657313679,4.9950958074150895,5.216848115609025,5.593045356282102,4.539704494833182,4.5985940572155775,5.137640300926846,5.6128928855288835,5.595632066035752,5.5521703788285555,5.9174932291275395,5.132270189644627,5.050302165692222,5.263071603337085,4.4902566240306525,6.122258126802564,4.6897392770435316,5.034159174410686,5.380818336495055,5.9004598359054965,4.774343370523981,4.2434630431657885,4.121667418553082,4.809751928190618,4.720133882173559,5.193927728879524,5.398211672921972,4.611725118562622,5.122449543163482,4.958852687082129,4.029132078530317,4.504973824263827,6.043077674844067,5.611762487323329,6.449991832450552,5.753313905741169,4.770846461725951,5.155066024726001,4.638232867658582,4.756482372040172,4.6430494120556025,4.043621709481147,5.520058097496923,5.422830316784033,3.205312948908407,0.0,5.094280837558602,4.351415438734247,5.0471234472770234,5.754625497008445,4.083172429502588,4.808642640232507,4.615413211717436,5.101801253822732,7.948972237091049
KV557128,4.477996766892089,4.75494884023357,4.238685021631068,4.835372663689932,4.264310113264267,3.8371534206083733,3.8103917484124086,4.566924794919199,5.170729911451177,4.438807587271289,3.5986585622325844,4.868511376998673,4.543039534317733,3.588574124478023,3.432375238005573,4.210280349870093,4.399167546387239,4.211436015437823,3.956606439667057,4.607218656635357,4.920698683188461,3.980029651184778,4.75844442027371,4.0095311986550595,4.568670446515178,5.0458099338682985,3.5003239866783926,3.8439175542589332,4.636923061719143,4.566773396929462,4.233784668217309,4.743485732332021,5.10478420077834,4.409315586520386,3.3848755099870877,3.9263355805842135,5.2170392601253015,3.6834143102876156,4.221485998959368,4.023184911416967,4.7053897133841325,4.478179968834643,3.6124384682202373,4.013564931131311,5.00909580680267,4.9460368440122355,4.308902747766132,4.178967873520822,4.163109197168648,4.045420103616061,4.087492603332093,4.727176345105869,3.8900853754628715,4.682434957094483,4.273363161068481,5.178753093583813,5.352762837038351,3.619274802008859,5.027418881487327,4.262137515389955,4.750045273045542,4.526982013021439,4.599715222783894,4.091879243587489,4.147232030010929,4.255384806449871,4.1349530827322605,3.81427937467872,3.315502902308848,4.435422764753083,4.641356504598529,4.8410578621633995,4.64060351920982,4.393444224375002,4.688086387297627,4.273768455981684,4.558429674145591,3.9363151551386526,4.862449368926517,4.292788413402759,3.9370670843465962,4.311487587509173,4.926396077708337,3.9185694044631547,4.087253620816368,4.82352954476486,4.908587517735679,4.013162736383832,4.540391489982181,4.491376958498405,5.424574764452314,4.244249170460223,5.006124051543828,4.111512040073923,4.193099876778475,4.375450734163162,4.366089163158838,5.199991378070005,4.1324482971633705,4.524710349107274,4.894851722197612,4.640153436012182,5.201853757147008,4.217170165391784,3.5641946649663936,4.256830984264235,3.705561129112184,4.427017896475126,5.033189177996597,4.532943542093912,4.488901745838258,4.716034681805318,4.4703215408723755,4.231203304514525,3.68009293670907,3.696434851310661,4.124256392514124,4.625729123942415,4.274007120204532,5.1242353050723395,4.191935275457202,3.834557059846134,4.410344797684933,4.221271051931434,3.1904254953908016,5.246438072894095,4.22559266442157,5.062575948498319,4.975519392032067,4.313751426497423,3.696947677389792,5.169686581521512,4.628882099818303,4.1546108360108525,2.906980188973613,3.8317353000832974,4.848826624358417,4.93918193273155,4.254477612241809,4.4203131788743955,5.094280837558602,0.0,5.00608226931349,2.9647989378559974,4.032181147390951,5.228045901874075,4.305454538548448,4.808386829532429,4.1960463012261755,4.941028067186069
LM472910,4.804692374927976,3.8127681930007413,4.399829163267727,4.694512408381474,4.375810125154107,4.353977712197147,4.4844555370537815,4.4534549793249525,4.267309916061832,3.8448211100255625,4.218685275678619,4.487974844287867,4.652251639871698,4.87004684775233,5.316776888937108,5.089844926249147,5.288072166922103,4.325338357916134,4.33703424486972,4.608149275134813,3.7181374611756546,3.893446334058643,4.109066474857363,4.648879587646671,4.150244875270237,4.460088819825505,4.758791160083664,4.514953120532157,5.26031246760844,5.7888150361541415,4.2823260300936346,5.030795642150911,4.4678627729584965,3.0093350497891698,4.719824657951636,4.954185142988759,4.810630456278755,4.727306969798736,4.694657681568657,4.733593618366162,5.008287915139583,4.597443614643349,4.424300993436974,4.584559180576639,4.812652507183388,4.5751079331872715,4.322187153455329,4.307186002048922,5.385946806895022,5.194627806736359,4.596346876113441,5.740557491381103,4.517296826024828,5.37307940131919,3.959116740429598,4.244679015899661,3.9162453551268546,4.2364262663709615,5.45051114250333,4.385657570724927,3.701451150888231,4.710091254421667,5.316627708614494,3.627301268168002,4.369003322082323,4.707336325610778,4.8450317729960375,4.079007138851503,4.857983531035873,4.304831548594392,4.605253287393699,3.707474122656675,3.990285168995024,5.519978624963733,4.710180910129215,3.6715208647497257,4.3790841124571145,5.3225803458364,4.272633400424228,5.073241791259537,4.640291015247905,4.599451981509372,5.543335504907669,5.368365861379237,4.425064873872702,4.8122938039604035,4.464692608117671,4.674358603111218,4.741568366472985,4.3654705917284895,4.88717833814919,4.690890967946879,3.9349084575084743,4.733133458139385,3.6513439519906687,5.192165591593674,5.02486566944018,3.9756687289637824,4.2264565267949825,2.736642971859946,4.757568623152789,3.644293128010565,3.853735113177517,5.363524823374419,5.580447306569819,4.734325659539967,4.355978286352268,4.345825885874443,5.581517304040817,5.208674311318179,4.426834702873496,4.493187599187325,5.741732373486838,4.510539554176847,4.550112374896841,3.901391530647541,4.624859581303135,3.362074027698059,4.028947506339005,4.8654258718827075,5.388038277247627,4.420645514021881,3.225819340375964,5.8272514850597315,5.608362722800133,5.249136069602644,4.342086960037677,5.897250098201703,3.9601549903383684,5.486968203857195,5.070469191714818,5.073824375580655,3.932477857320559,5.185427106799638,4.735074330372515,4.869926472298471,4.891483505852633,4.317489521090517,4.232424231072683,4.253618796990837,4.351415438734247,5.00608226931349,0.0,5.158994176878424,6.2211152270764645,4.890808866663029,4.7555371906216966,4.905919805628298,4.215497430818884,6.489368763005426
BB504881,4.271854964609561,4.892196334054909,3.9555205237051694,4.497315970254215,4.104119732401025,3.718937607277571,5.074364594760056,4.044313847507879,4.92620244650165,4.81718801570367,3.923105384067064,4.40227958453812,5.299717193544395,3.938015390451408,3.8053023038289937,3.405741962356775,4.091485869441765,4.350655914320077,4.0079534089784365,4.256025160129407,4.844628910162483,4.2093190591895775,4.6865191312644665,3.837605197552079,4.096573074218217,5.435939914039759,4.132853597378776,4.07002714390048,4.9582891144628904,5.410126004765437,4.464146743023159,4.571697032340675,4.538896582435464,5.066955205430557,4.68638711452861,4.228264823424185,5.310775962550474,4.305059105136924,4.712890052610249,3.804738638067707,4.778551118507644,4.337757691088039,4.3798067155385825,5.0875602220937,4.410802525256808,4.865616077358492,4.209633040556968,4.493573562507433,4.765753968934071,4.091979353065562,3.7254230633899055,5.329573501195456,4.584353748802305,3.822677450524955,4.455851266927093,5.596371586096162,4.969775765703455,4.590211155406182,4.395373680118105,4.336930899618858,5.770405326816954,4.197922941368731,3.556405399066583,4.201437461015364,4.51967704344308,4.918455647814046,3.3257291015058774,4.320716009447017,4.179497929750291,4.573103514229363,4.710996769677423,4.8078381664430285,4.032463715371404,4.415510859785444,5.418548751051934,4.959021395249351,5.005072146836269,4.190905269334612,4.8950442181100655,4.486620818813333,4.379421160875349,4.44373603885107,4.7479162448730055,4.7800431977654245,4.869015022611307,5.095044218515124,5.017132550618686,4.615122718613135,4.848742701966967,4.9046717668358495,5.156746278542636,4.5958046488927815,5.23570499037483,4.34154371731319,3.580271414373891,5.136718726000818,4.892397495416312,5.542334569899759,4.5558526677861115,4.529699235671682,4.4248987885489175,4.727121401522293,5.1103021838785425,3.5650002140337973,3.877929181851647,4.0969816476338385,4.22027798189787,3.8644782298324207,4.8801944058555256,4.517347228515454,4.800019887238372,5.023883222422328,4.523712564056311,4.221866458354192,4.360903128369885,4.167807488366835,4.739173172779079,5.335064470584077,4.936870019788229,4.308301353117092,4.664139823923193,4.473635755649971,5.2186548728051845,3.9396020592809675,3.5639653901866635,5.047226759631532,4.008978075653644,4.280542192167185,5.0757592011851616,5.062746193856962,3.9454842268673733,4.183334632318877,4.947738393708031,4.55166107961518,3.3261077344206016,3.803479530542327,4.706091163095337,4.908004990507592,3.788092133779775,4.506922879460566,5.0471234472770234,2.9647989378559974,5.158994176878424,0.0,3.613956865696601,4.7390957425456,4.621079836070375,3.858524357487898,3.847129349674068,5.407174621678814
KA902626,4.403791914364348,6.032479226434324,5.376431872871572,5.2690909143047895,4.693405262663103,4.616742220176333,5.030345489579325,4.53807874943137,5.078118593101566,5.512897961017048,4.743038925415125,4.998053015664088,5.5784983296568535,4.816940676631257,3.9983965643880857,4.37068415318006,4.162035210197285,5.377101579279496,5.2090071387453385,4.44807306001301,5.470136586259596,4.9791362681218025,5.046933923536089,4.870188335601688,5.067114581509576,6.199368883098018,4.368355763560845,4.6960174647262525,5.299373764933102,5.84615527840828,5.687385203516054,5.244615675175755,3.9773238550916346,5.887110204453572,4.168102199197016,5.347484627930282,6.317346950674851,4.999052909630706,5.427667036901072,5.179047119364401,4.621372869427232,5.552022764161852,5.016200812206089,4.842048539777333,5.481130494170189,5.474367275117134,5.453043201280887,4.927384614814016,4.444257193688224,4.882225831784603,3.324099646197667,5.325532670118769,4.64030286684796,5.296380008456548,5.976171290705356,6.78502680148505,5.940822732798317,4.810701957631558,4.539171018486938,5.417386797970136,5.9529310497605445,5.318582212898059,4.099399705291207,4.863971836602533,5.025379243751689,5.605819624411756,4.675177845016003,5.675628348068565,4.0564612272878104,4.825579942118954,5.541464009404875,5.282157118606896,4.273978303080723,4.151062631141762,5.585331817671947,5.230313349639292,5.06849554954693,4.292384538604296,5.638219528090573,4.126399571724332,4.928714206175084,5.470472749632254,4.36931994293408,4.234063130445063,5.369532130566734,5.922647443563084,5.709275047751961,5.134489332780931,5.535794317283657,5.726003344808448,5.728091666360498,5.7936659904695365,5.69231215544692,4.542374063267944,5.352725312285794,4.632831526634833,4.7564337788793765,5.769958429596832,4.840901565238602,4.902645832646286,5.70022728978123,5.9173857731621755,6.518682790886869,3.489295021427205,3.8274354994335296,5.045406776381587,4.6853854774949415,5.172627015117898,5.552083808050427,4.827070398528493,4.986735043759406,5.445031545441644,5.477693564913339,4.778005775536589,4.9276293133433375,4.755214845727477,5.605438397969438,5.845832688719915,5.789859252091058,4.1675459803301,4.826007411352805,5.2668805626718,6.405234198996266,5.127283170045895,4.636304905888974,5.573857451995845,4.240636973130612,3.950163133015214,6.071758400016672,5.587652015094582,4.101596953582056,5.040838953684948,5.834304172489228,4.97007054480853,4.724631146725849,4.5059604635518395,5.490962666437872,5.390163902529955,4.735533602537994,5.219300378641673,5.754625497008445,4.032181147390951,6.2211152270764645,3.613956865696601,0.0,4.606070565464887,4.844872479061448,4.788504715610816,4.881316601414361,6.633969642715934
NF161308,4.109188558640266,6.116102613191482,5.292365612022538,4.3846163285974455,4.108356893768927,3.6633786864025106,5.623683703546441,4.974425899905605,4.112526269890634,4.714032663999669,4.90930285381267,4.448196894686743,5.484529137474587,5.060629856904308,5.230263706525311,4.967165680323252,4.300466108575925,4.498169172482309,4.844337504576237,3.214220417519736,4.707221925442809,3.915323001830159,4.995332125030964,4.04375828595828,5.055641511105353,5.283319974742834,5.4841777951707815,5.092086059422289,5.594829445765965,6.80092360027899,5.019962532813841,4.127458187028234,3.6131454875590094,4.848704119926699,5.0708522040414215,4.790312327804376,5.693819555983992,4.748281850239378,5.025314200244576,4.512033612023997,3.875835246125151,4.588067215080375,4.7246474619981536,5.227272150339817,5.073686628088576,4.930449622577569,5.612612266472711,4.515342619363078,4.611313198693042,4.983819436480778,3.951848665834927,5.074890627857883,5.1627954333419765,5.7907478702644815,5.519879513843771,5.248748415871638,4.71832720987484,4.375092566636811,4.526764954936658,5.539403244461955,5.352123648576906,4.467686654198608,4.457026685539817,3.9332483737702386,5.47198257061793,5.760383572290107,5.237786023000448,5.8653215163672465,5.2685254985584535,3.856944001225082,3.9599568486034653,5.505026003581581,3.292431312599309,4.835269681046241,5.687188136598266,4.885971029101179,5.216552792803513,4.891694527446735,4.600870224151118,4.588294985052005,4.5601192175792145,6.309846357234248,3.8711980179571057,4.314792679653154,3.9239798730053295,5.2129171556222635,5.157110815593478,5.336969947162656,5.563278318296968,4.367122742966769,4.569252642029135,5.107568751566129,4.493039784682292,4.773921710378252,4.830703122756877,4.613964531232699,5.3071398648295975,5.48229707064747,4.69318554234,4.396776615254635,5.447689183878246,5.378207804414858,5.388173847622399,4.698555894151674,4.729690079091913,4.7639491658865865,4.906829986711081,4.106017740141129,6.036887634151906,4.800920425934117,5.500445046968937,5.052107588447556,5.93741522017293,4.764172271647055,5.279184714501918,3.8095651921983698,5.385160552874098,4.537008668385001,4.856580858246565,4.181798711206577,5.322142180455035,4.988143036533011,5.210557636513462,5.313236887188981,5.361396308293062,5.028839255041685,4.030180827863673,4.76685197833123,5.782195750806273,6.864824347427145,5.358453145020498,4.431136061601026,5.349980727368481,4.820155890463509,4.864283019758426,4.999250986808215,4.794084246009082,4.7204110665692705,4.282898810964881,4.209740777819744,4.083172429502588,5.228045901874075,4.890808866663029,4.7390957425456,4.606070565464887,0.0,4.998587129772053,4.056880070509054,4.586396684322129,7.485028568413234
OL195800,5.094419350637914,4.756327185156395,4.3430261709108695,6.233553887909033,4.689376573171103,4.958204356011158,5.045157542130809,3.8546647091505895,4.466520998897517,4.34536812516147,4.048136528628175,4.479772638411056,2.9895625790194957,3.974018690315142,4.320468653639008,4.88780636895914,4.562016773162571,4.443146080931565,3.8437418697205605,4.7367294891147935,5.3969688855484925,4.093321283725271,4.000450238241443,4.2763805015556855,4.748385621106268,4.237872783268893,4.137742139376352,4.831422236368513,3.649436247384263,4.391544088610655,4.094521997769942,4.219454868466476,3.780561237064,4.800059085442164,4.777258887894723,4.107520895619128,4.075496492102275,4.7420916337162335,4.086367530780474,3.6083548685385605,4.100656471251845,4.084669273226868,4.4584013536411815,4.477567994084033,4.244261444685504,4.084341033256421,4.679662433428276,4.563140974944456,3.9078268477760374,4.77291196403175,4.613690071074228,4.911443643716145,4.279245102609329,4.57063946015966,5.1015257529230436,5.077931502173659,4.5219880529846375,4.387240982161399,3.5253438434153646,5.43339437175409,5.203583603853759,5.430002105155463,5.816808169074079,4.756267358761406,3.776188951315633,4.656695063332703,4.160371751749715,4.016912762906396,4.740247531562736,4.326747128544983,4.819919327607925,3.3294745399468066,4.029563843093118,4.482996743512578,4.4621366552464234,4.506181110578062,5.216849881783507,3.339774969358611,4.75948026341049,5.052869987156272,4.244316632261376,4.714512738246647,4.645104600329449,4.7625293357303695,4.646733992540326,4.661398688218671,4.26577514641504,4.484560804480984,4.172927087959401,4.523994531832617,4.688218379027372,4.349902297722004,5.033544725789902,2.98350561120895,4.352617761405013,5.547905283704103,2.937242992496338,4.742222474246413,3.7708190541232423,4.153644442545545,3.8924213841764788,4.62008189953374,4.599168522330795,3.9662752621925272,3.9681149952702817,4.680841958081003,4.674933424036825,4.381062127240241,3.8670322216192328,4.382319228349192,4.109131398275959,4.063949275110066,3.8173985023166157,4.615123945212597,4.460404161110656,4.801842514048708,4.110000286647527,4.152755452766138,4.4691414277490455,5.31075833812273,3.9264366268440183,4.806760678798788,4.214206378059723,3.7500414833701377,4.296451985698402,3.562158218136565,4.942521654216283,5.71824031554926,4.514705315915356,4.213244351505959,3.5767795814795793,5.17007442611052,4.715673808005949,4.081242475293613,4.570756148783834,4.002309175322155,4.717102532144494,4.998403199663612,4.840045762421278,3.9861677832816977,4.808642640232507,4.305454538548448,4.7555371906216966,4.621079836070375,4.844872479061448,4.998587129772053,0.0,4.032999022082195,4.129571770177111,5.864707740503043
KD199606,3.358430695725442,4.836046685213749,4.480485337053342,5.388659496361725,4.745941715804974,4.259195032277766,5.657458041584774,3.9088615385952354,5.017597161995709,4.420563844064543,4.458932140669751,4.570404227331266,4.89374265673123,3.947638810386021,4.817021544442446,4.901576275122875,4.368334013089569,4.479276735064113,4.573253517596127,4.1228974953191875,5.574051073190989,4.096772432965422,4.6417033896157935,3.9092145612301805,4.185059994573571,4.515259879462862,4.455906015238258,4.837880154526553,4.253553267074035,5.3806701057082735,3.864169055427443,5.176391699258597,3.9709067736661874,5.115263322133635,5.165506299627009,4.982374174092745,5.880842148436493,4.273948215789992,4.440466919842088,4.524151633499511,4.268176745951962,4.031747188140015,4.193780283140843,4.950796755367981,4.12857528542274,4.375527660528913,5.130662530416054,4.780187218759235,4.25893764414671,4.357499661930109,4.736914872814221,5.41985604239131,3.9264834884397897,4.84674879369037,5.750657404278705,5.049386859509332,4.08210746520167,5.123639575998698,4.167284031334175,5.4164266776812156,5.247874762632002,5.017593630035329,4.648765610909433,4.347957710686782,4.334185079981086,4.502271036025638,3.8167988584803223,5.27446552652084,4.449556945822905,4.494136539958077,4.490700062358342,4.524476180537937,3.4939520161877056,5.068012566111125,5.222626920464928,4.337310639873786,5.213785860496311,4.66459308842605,4.831638602366438,4.6531359676136885,4.526119696165055,4.919721467485973,3.8434214062716405,4.773599455764794,4.652002305272947,3.8354699330741853,5.042511570436114,4.845217365354565,4.368033218086507,4.798875711262389,3.9887456473880847,4.4505388976403,4.920666592497872,4.259254638528083,3.8363596205547332,5.630267995752673,4.173839428068021,5.787539483252458,4.302130002598818,4.284458583908572,4.613955981462438,4.395106980265394,4.776406140237545,3.7534964731167544,4.30321498216072,5.573154848245134,3.8281832823968847,4.2874431011204,4.767281796423605,4.34647721598436,4.817405219162199,4.332278684472482,4.376969392002787,5.249229859986343,5.423525659336881,4.633189202799666,4.756247417846675,5.152737544190664,5.471893873387626,3.442119593385416,4.7212375373827395,5.020301248821838,4.976188393257756,4.527728882149041,4.233083969027799,3.6859523828254255,4.234488054497567,4.7262497515931425,4.918858223277231,5.722043486585897,4.24244323496239,4.740318029589491,4.9837372567146545,3.600255973824209,4.228721228081363,4.169927132144078,4.128692153780314,4.91654708293127,3.737513008214697,3.7928517952017025,4.615413211717436,4.808386829532429,4.905919805628298,3.858524357487898,4.788504715610816,4.056880070509054,4.032999022082195,0.0,4.430985084319991,6.889088812589098
UY719006,4.7999417892446,5.375263569882893,4.8561077981111245,4.488816104196304,3.792640299247027,4.549370294155442,4.527678466487414,3.5724189014606362,4.318626063025655,4.344067675364985,4.739166472333374,3.7127507664449317,5.035472541856504,3.34429180162769,4.658885823644225,3.6713371766710474,4.545052071772035,4.113181924919413,3.4274084778772718,3.8561824049718267,4.504187156893984,2.917138096005469,3.555754514884618,4.113546103413579,4.536705330909225,4.081899238447743,5.352093626046592,4.106289726491152,4.243960788596371,5.293818715245086,3.9025848749699388,3.9015732868901845,4.432566207236115,3.8015502700881902,4.864072318073854,3.6888524018201627,5.18893645162021,4.480554589342402,3.58685666445854,3.9299846269040666,3.958863737299967,3.3276455213746052,4.042034835742405,5.294082481525763,3.991667496801907,4.463545663450312,4.683798281536412,4.653959823917475,4.640863601987407,3.0316989199065927,4.346492628607604,4.484282992019052,5.079005384016361,4.695913685793913,4.883266128626732,5.176530746829541,4.351472567912131,3.891482220858749,4.185820869078823,4.750810370482207,5.342863583041567,4.362956320130872,4.391424795273903,4.1979738387159475,4.723050568997471,4.88990307925985,4.155378872715543,3.864353898745232,4.743579850942626,4.322342902678082,4.243910946071908,4.395958697525391,4.058323815837328,4.753455903798859,5.258994466967621,4.4014934116236395,4.659598757116502,3.6631881475286026,4.963151799818429,4.457994504933913,3.9222888417625192,4.969396032493378,5.4144564307742105,4.240406903427607,3.988823141521145,5.288467093265908,3.9747600175079834,4.504965426986118,4.800508180769898,3.8545825109193546,4.533552639170702,4.663226836287201,4.669635835615956,3.6319715142897984,4.1924718611004845,5.344030308019669,4.561978208371185,5.21526115005197,3.5628508815606166,4.1484005421166055,4.9388336586408865,4.457383697772849,5.173163156714426,3.868839986212039,4.140867550421068,4.536171535663822,4.623646317076752,3.7518274209302933,5.292069856679479,4.569473456317503,4.396166993244589,5.021751090515112,4.621561198812706,4.671943132366596,4.227556080667632,3.8381403427225766,4.176571355853998,4.01951551268259,3.9258312450211204,4.7167505110480645,4.831062282745428,3.9708792883349457,4.286187071208715,3.9851748816119192,4.110301199547111,4.156706540266633,4.025014293421164,4.086219544197475,4.844862450249336,5.0316039132581585,4.224330582005974,4.273916170082879,4.893750163202276,4.40736155323915,4.168170918748072,4.094255392866154,5.209572056596972,4.632862533511294,3.9085113708517065,4.780770681785818,5.101801253822732,4.1960463012261755,4.215497430818884,3.847129349674068,4.881316601414361,4.586396684322129,4.129571770177111,4.430985084319991,0.0,5.638850483652296
GY305906,6.352958817275719,6.082843053945268,5.77340828998433,6.448135635932573,6.266632215440603,6.313144530588165,5.101982031818492,5.405950043802111,5.998669999150263,5.573660721410585,5.343803006506267,6.466130256498291,5.961169510226925,5.330003885881922,4.989652183739731,5.902082801388121,7.668400369119354,5.971244224077326,5.274157430593639,6.821709309325159,6.0216177629661995,5.602299444577152,5.265551602797418,6.401724343204573,6.047759049609957,6.484134997043187,6.063064644702661,5.882637409400062,5.792911650656008,4.523951103471753,6.180044655316992,5.853632586336255,6.955510087484776,6.86968092675861,6.151070625878595,4.878829722608361,4.89458554312419,5.648268339607179,6.112348486223816,5.408212941498257,7.007662372708801,5.684140583428946,5.579942201618362,6.539406029747525,7.3049756207776655,6.586866571931563,4.820684822260843,6.005024276871992,7.011416693214193,5.892564619387861,6.127740068630971,5.864327443126664,6.690976782641326,4.509095054264523,5.407343281814739,7.444791221267949,7.340531337053338,5.694514127475708,7.315209816618556,4.679983984968193,6.50237606344479,5.215423130027273,6.085976228901006,5.822778963267998,6.0221365833423075,4.796163966515335,6.214683828217507,5.137881866451882,5.399261652060715,6.2579027757811785,7.372517461181909,5.755405616938693,6.380970843056446,5.831920454686808,5.36122269878493,6.236427525927045,5.637225075444312,6.3391884407117995,6.079528707938234,5.981832466418721,6.224239468049433,4.978356725198136,7.804780147197875,7.351107702638851,5.415696615003196,7.067442517828423,5.43379942306617,5.4786919833583925,5.884308599200844,6.037661947223843,8.175661339077868,5.445385589103463,5.8940171276642515,5.641910573349083,5.62934475909719,6.133551158620114,6.644124897031499,5.985325571554668,6.003860952824425,6.374341543391313,6.000695578395148,5.19068987893487,6.067602580916106,6.068915873400368,5.5170305170878695,4.706569893531478,6.197867137365029,5.493227599939831,6.42746165963808,6.764458949997243,4.816582456842346,6.233654892850925,6.387915355196007,4.822053091119426,4.621519806582666,5.844868077548389,6.293823375784339,6.786831105206346,5.558903889578428,7.720330535118934,5.2493442348034485,4.405783640561996,5.92720295692324,6.309745086089215,5.95528648376568,7.328048683919143,6.807330243286891,6.232393463888837,6.091330857088158,3.8732553353912893,5.381676297949169,6.880473969137196,6.302786572489913,6.552844705584733,5.317133884831522,6.326491400019636,7.34667900829315,5.577862306780587,6.32011735762618,7.026419275697488,7.948972237091049,4.941028067186069,6.489368763005426,5.407174621678814,6.633969642715934,7.485028568413234,5.864707740503043,6.889088812589098,5.638850483652296,0.0
